poliza_id,policy_number,poliza_renovacion,cartera_renovaciones,count_items,issue
200002,4308007629501000,1,[np.int64(0)],1,renovacion_mismatch
200005,4308007630433000,1,[np.int64(0)],1,renovacion_mismatch
200007,4308007634784000,1,[np.int64(0)],1,renovacion_mismatch
200015,4308007627710000,1,[np.int64(0)],1,renovacion_mismatch
200019,10565200541340,1,[np.int64(0)],1,renovacion_mismatch
200020,1901124000252,5,[np.int64(0)],3,renovacion_mismatch
200026,4308007624910000,1,[np.int64(0)],1,renovacion_mismatch
200028,10565200540420,4,[np.int64(0)],1,renovacion_mismatch
200029,10565200540430,4,[np.int64(0)],1,renovacion_mismatch
200041,4308007617915000,3,[np.int64(0)],1,renovacion_mismatch
200042,95723986,1,[np.int64(0)],1,renovacion_mismatch
200045,1000005352,1,[np.int64(0)],2,renovacion_mismatch
200047,10565200540890,4,[np.int64(0)],1,renovacion_mismatch
200065,PE236157,2,[np.int64(0)],3,renovacion_mismatch
200070,1000005316,4,[np.int64(0)],1,renovacion_mismatch
200071,1000005342,4,[np.int64(0)],3,renovacion_mismatch
200072,1000005345,1,[np.int64(0)],1,renovacion_mismatch
200073,1000005346,3,[np.int64(0)],1,renovacion_mismatch
200074,1000005347,1,[np.int64(0)],2,renovacion_mismatch
200075,1000005318,5,[np.int64(0)],3,renovacion_mismatch
200079,4308007608588000,1,[np.int64(0)],1,renovacion_mismatch
200083,95709011,2,[np.int64(0)],1,renovacion_mismatch
200091,4308007603888000,1,[np.int64(0)],1,renovacion_mismatch
200093,4308007606408000,1,[np.int64(0)],1,renovacion_mismatch
200095,4308007606119000,1,[np.int64(0)],1,renovacion_mismatch
200098,994000000061-1,5,[np.int64(0)],1,renovacion_mismatch
200099,PI320861,4,[np.int64(0)],1,renovacion_mismatch
200100,1000145,5,[np.int64(0)],1,renovacion_mismatch
200101,300000146,3,[np.int64(0)],1,renovacion_mismatch
200102,101000162-4,1,[np.int64(0)],1,renovacion_mismatch
200105,4308007604948000,3,[np.int64(0)],1,renovacion_mismatch
200106,4308007605062000,1,[np.int64(0)],1,renovacion_mismatch
200108,101000971-1,1,[np.int64(0)],1,renovacion_mismatch
200110,101007911,5,[np.int64(0)],1,renovacion_mismatch
200113,PI320688,3,[np.int64(0)],1,renovacion_mismatch
200114,101001149,3,[np.int64(0)],1,renovacion_mismatch
200115,101001165,5,[np.int64(0)],1,renovacion_mismatch
200116,1000003675,5,[np.int64(0)],1,renovacion_mismatch
200117,1000156,2,[np.int64(0)],1,renovacion_mismatch
200120,101007919,1,[np.int64(0)],6,renovacion_mismatch
200122,PE270984,1,[np.int64(0)],2,renovacion_mismatch
200123,101000866-3,3,[np.int64(0)],1,renovacion_mismatch
200124,101000880-3,3,[np.int64(0)],1,renovacion_mismatch
200125,101000864-3,3,[np.int64(0)],1,renovacion_mismatch
200126,101000878-3,3,[np.int64(0)],1,renovacion_mismatch
200127,101000956-1,1,[np.int64(0)],1,renovacion_mismatch
200131,2000607245,1,[np.int64(0)],1,renovacion_mismatch
200135,105652005391000,1,[np.int64(0)],1,renovacion_mismatch
200141,1000005315,1,[np.int64(0)],4,renovacion_mismatch
200143,430800759648000,1,[np.int64(0)],1,renovacion_mismatch
200144,1000005359,1,[np.int64(0)],1,renovacion_mismatch
200163,10565200537700,1,[np.int64(0)],1,renovacion_mismatch
200172,4308007573772000,2,[np.int64(0)],1,renovacion_mismatch
200179,4308007578222000,1,[np.int64(0)],1,renovacion_mismatch
200180,4308007577984000,2,[np.int64(0)],1,renovacion_mismatch
200182,10565200536710,1,[np.int64(0)],1,renovacion_mismatch
200183,10565200536720,1,[np.int64(0)],1,renovacion_mismatch
200192,4308007574725000,1,[np.int64(0)],1,renovacion_mismatch
200196,4308007578911000,1,[np.int64(0)],1,renovacion_mismatch
200197,4308007578415000,1,[np.int64(0)],1,renovacion_mismatch
200202,4308007568531000,1,[np.int64(0)],1,renovacion_mismatch
200203,95411107,6,[np.int64(0)],1,renovacion_mismatch
200204,95411026,3,[np.int64(0)],1,renovacion_mismatch
200205,95410876,6,[np.int64(0)],1,renovacion_mismatch
200206,95410738,6,[np.int64(0)],1,renovacion_mismatch
200207,4308007573009000,7,[np.int64(0)],1,renovacion_mismatch
200211,4308007573436000,2,[np.int64(0)],1,renovacion_mismatch
200238,4308007562037000,3,[np.int64(0)],1,renovacion_mismatch
200239,95379422,2,[np.int64(0)],1,renovacion_mismatch
200242,4308007563044000,1,[np.int64(0)],1,renovacion_mismatch
200257,95379953,3,[np.int64(0)],1,renovacion_mismatch
200259,4308007555094000,1,[np.int64(0)],1,renovacion_mismatch
200260,4308007553324000,1,[np.int64(0)],1,renovacion_mismatch
200270,4308007550381000,1,[np.int64(0)],1,renovacion_mismatch
200273,101001148,1,[np.int64(0)],1,renovacion_mismatch
200274,101001164,1,[np.int64(0)],1,renovacion_mismatch
200282,101000713-1,4,[np.int64(0)],1,renovacion_mismatch
200283,AB000210/CERTIFICADO,3,[np.int64(0)],1,renovacion_mismatch
200285,4308007549891000,1,[np.int64(0)],1,renovacion_mismatch
200287,4308007551077000,1,[np.int64(0)],1,renovacion_mismatch
200290,4308007544021000,1,[np.int64(0)],1,renovacion_mismatch
200300,4308007541719000,1,[np.int64(0)],1,renovacion_mismatch
200302,95332631,1,[np.int64(0)],1,renovacion_mismatch
200310,10565200532750,1,[np.int64(0)],1,renovacion_mismatch
200313,4308007539194000,1,[np.int64(0)],1,renovacion_mismatch
200318,4308007535787000,1,[np.int64(0)],1,renovacion_mismatch
200328,4308007533920000,1,[np.int64(0)],1,renovacion_mismatch
200329,4308007533062000,2,[np.int64(0)],1,renovacion_mismatch
200336,4308007536833000,1,[np.int64(0)],1,renovacion_mismatch
200337,4308007536807000,1,[np.int64(0)],1,renovacion_mismatch
200338,1000137,1,[np.int64(0)],1,renovacion_mismatch
200342,1000153,4,[np.int64(0)],3,renovacion_mismatch
200343,1000000835-3,3,[np.int64(0)],1,renovacion_mismatch
200345,1000140,1,[np.int64(0)],1,renovacion_mismatch
200348,1408004228550000,3,[np.int64(0)],1,renovacion_mismatch
200349,1408004228551000,3,[np.int64(0)],1,renovacion_mismatch
200350,95305377,3,[np.int64(0)],1,renovacion_mismatch
200351,95305733,3,[np.int64(0)],1,renovacion_mismatch
200352,953057777,3,[np.int64(0)],1,renovacion_mismatch
200353,101000466-3,2,[np.int64(0)],1,renovacion_mismatch
200354,101000465-2,2,[np.int64(0)],1,renovacion_mismatch
200356,95308417,1,[np.int64(0)],1,renovacion_mismatch
200364,PE270292,5,[np.int64(0)],2,renovacion_mismatch
200365,1408004228549000,4,[np.int64(0)],1,renovacion_mismatch
200366,PI318443,1,[np.int64(0)],10,renovacion_mismatch
200367,4308007527403000,3,[np.int64(0)],1,renovacion_mismatch
200368,1000135,5,[np.int64(0)],1,renovacion_mismatch
200369,2000604302,5,[np.int64(0)],1,renovacion_mismatch
200370,994000000052-1,5,[np.int64(0)],3,renovacion_mismatch
200371,AA005712-5,5,[np.int64(0)],3,renovacion_mismatch
200372,4308007527956000,1,[np.int64(0)],1,renovacion_mismatch
200373,4308007527702000,1,[np.int64(0)],1,renovacion_mismatch
200388,4308007520397000,1,[np.int64(0)],1,renovacion_mismatch
200389,1408004228365000,1,[np.int64(0)],1,renovacion_mismatch
200395,4308007523356000,3,[np.int64(0)],1,renovacion_mismatch
200396,4308007523062000,3,[np.int64(0)],1,renovacion_mismatch
200414,4308007513468000,2,[np.int64(0)],1,renovacion_mismatch
200418,4308007514737000,1,[np.int64(0)],1,renovacion_mismatch
200419,4308007513517000,1,[np.int64(0)],1,renovacion_mismatch
200420,1000152,4,[np.int64(0)],1,renovacion_mismatch
200421,4308007513858000,1,[np.int64(0)],1,renovacion_mismatch
200435,PI316523,1,[np.int64(0)],1,renovacion_mismatch
200436,AA005636/AB006315,4,[np.int64(0)],2,renovacion_mismatch
200440,4308007510988000,3,[np.int64(0)],1,renovacion_mismatch
200443,4308007510648000,1,[np.int64(0)],1,renovacion_mismatch
200455,PE267446,1,[np.int64(0)],2,renovacion_mismatch
200456,PE236394,2,[np.int64(0)],30,renovacion_mismatch
200464,94904810,1,[np.int64(0)],1,renovacion_mismatch
200478,4308007503367000,1,[np.int64(0)],1,renovacion_mismatch
200479,43080075035535000,1,[np.int64(0)],1,renovacion_mismatch
200488,2000496800/1805330903,5,[np.int64(0)],1,renovacion_mismatch
200493,94856412 NR,1,[np.int64(0)],1,renovacion_mismatch
200494,AB000189/AB006444,2,[np.int64(0)],3,renovacion_mismatch
200497,4308007503494000,1,[np.int64(0)],1,renovacion_mismatch
200502,94786057 NR,1,[np.int64(0)],1,renovacion_mismatch
200503,94793053 NR,1,[np.int64(0)],1,renovacion_mismatch
200505,105000287,5,[np.int64(0)],1,renovacion_mismatch
200506,2000364771/1805329025,2,[np.int64(0)],2,renovacion_mismatch
200508,4308007498378000,1,[np.int64(0)],1,renovacion_mismatch
200529,4308007495040000,1,[np.int64(0)],1,renovacion_mismatch
200547,4308007495599000,1,[np.int64(0)],1,renovacion_mismatch
200553,4308007493995000,1,[np.int64(0)],1,renovacion_mismatch
200554,4308007492959000,3,[np.int64(0)],1,renovacion_mismatch
200558,1408004227737000,2,[np.int64(0)],1,renovacion_mismatch
200564,101000542-1,3,[np.int64(0)],1,renovacion_mismatch
200568,4308007411371000,4,[np.int64(0)],1,renovacion_mismatch
200571,PI313070,1,[np.int64(0)],6,renovacion_mismatch
200572,AA005407 CERTIFICADO AB006441,4,[np.int64(0)],1,renovacion_mismatch
200574,1901123003754-2,2,[np.int64(0)],1,renovacion_mismatch
200575,1408004227735000,6,[np.int64(0)],1,renovacion_mismatch
200576,1408004227734000,7,[np.int64(0)],1,renovacion_mismatch
200579,4308007484381000,1,[np.int64(0)],1,renovacion_mismatch
200582,4308007409092000,1,[np.int64(0)],1,renovacion_mismatch
200586,4308007410661000,1,[np.int64(0)],1,renovacion_mismatch
200589,4308007407538000,1,[np.int64(0)],1,renovacion_mismatch
200591,4308007406460000,1,[np.int64(0)],1,renovacion_mismatch
200593,4308007408852000,1,[np.int64(0)],1,renovacion_mismatch
200596,4308007408962000,1,[np.int64(0)],1,renovacion_mismatch
200600,4308007487972000,1,[np.int64(0)],1,renovacion_mismatch
200603,4308007405840000,1,[np.int64(0)],1,renovacion_mismatch
200604,1000136,2,[np.int64(0)],1,renovacion_mismatch
200607,4308007404553000,1,[np.int64(0)],1,renovacion_mismatch
200608,4308007404496000,1,[np.int64(0)],1,renovacion_mismatch
200609,94149049,1,[np.int64(0)],1,renovacion_mismatch
200613,94152583,1,[np.int64(0)],1,renovacion_mismatch
200621,4308007403055000,1,[np.int64(0)],1,renovacion_mismatch
200626,4308007403110000,1,[np.int64(0)],1,renovacion_mismatch
200628,4308007479613000,1,[np.int64(0)],1,renovacion_mismatch
200629,4308007479749000,1,[np.int64(0)],1,renovacion_mismatch
200632,4308007479358000,1,[np.int64(0)],1,renovacion_mismatch
200635,4308007481388000,2,[np.int64(0)],1,renovacion_mismatch
200637,4308007404083000,1,[np.int64(0)],1,renovacion_mismatch
200638,4308007404021000,1,[np.int64(0)],1,renovacion_mismatch
200640,4308007402821000,1,[np.int64(0)],1,renovacion_mismatch
200642,4308007480866000,1,[np.int64(0)],1,renovacion_mismatch
200643,4308007480510000,2,[np.int64(0)],1,renovacion_mismatch
200650,4308007475817000,1,[np.int64(0)],1,renovacion_mismatch
200653,4308007400543000,1,[np.int64(0)],1,renovacion_mismatch
200654,4308007400416000,1,[np.int64(0)],1,renovacion_mismatch
200655,4308007401038000,1,[np.int64(0)],1,renovacion_mismatch
200657,101000545-1,2,[np.int64(0)],1,renovacion_mismatch
200658,101000343-3,5,[np.int64(0)],1,renovacion_mismatch
200661,4308007469631000,2,[np.int64(0)],1,renovacion_mismatch
200662,4308007400358000,1,[np.int64(0)],1,renovacion_mismatch
200668,4308007462613000,2,[np.int64(0)],1,renovacion_mismatch
200669,4308007463659000,1,[np.int64(0)],1,renovacion_mismatch
200676,1000130,1,[np.int64(0)],1,renovacion_mismatch
200677,4308007460026000,2,[np.int64(0)],1,renovacion_mismatch
200678,4308007459924000,3,[np.int64(0)],1,renovacion_mismatch
200683,94611924,1,[np.int64(0)],1,renovacion_mismatch
200685,14289416132770,2,[np.int64(0)],1,renovacion_mismatch
200691,4308007458227000,1,[np.int64(0)],1,renovacion_mismatch
200694,4308007459399000,2,[np.int64(0)],1,renovacion_mismatch
200697,94565779,1,[np.int64(0)],1,renovacion_mismatch
200698,3016459,5,[np.int64(0)],3,renovacion_mismatch
200704,1408004227056000,1,[np.int64(0)],1,renovacion_mismatch
200707,4308007425451000,1,[np.int64(0)],1,renovacion_mismatch
200708,4308007446046000,1,[np.int64(0)],1,renovacion_mismatch
200716,101007849,1,[np.int64(0)],1,renovacion_mismatch
200718,94525582,2,[np.int64(0)],1,renovacion_mismatch
200723,4308007443162000,1,[np.int64(0)],1,renovacion_mismatch
200726,10565200519450,4,[np.int64(0)],1,renovacion_mismatch
200728,4308007429947000,1,[np.int64(0)],1,renovacion_mismatch
200729,4308007436651000,1,[np.int64(0)],1,renovacion_mismatch
200731,4308007436137000,3,[np.int64(0)],1,renovacion_mismatch
200733,4308007435931000,2,[np.int64(0)],1,renovacion_mismatch
200737,4308007430870000,1,[np.int64(0)],1,renovacion_mismatch
200738,4308007430914000,1,[np.int64(0)],1,renovacion_mismatch
200739,101003293-3,3,[np.int64(0)],5,renovacion_mismatch
200741,3016356,5,[np.int64(0)],1,renovacion_mismatch
200742,AB000357,2,[np.int64(0)],1,renovacion_mismatch
200747,4308007422942000,2,[np.int64(0)],1,renovacion_mismatch
200748,4308007423171000,1,[np.int64(0)],1,renovacion_mismatch
200749,10565200516070,1,[np.int64(0)],1,renovacion_mismatch
200751,4308007425181000,1,[np.int64(0)],1,renovacion_mismatch
200755,430800743364000,1,[np.int64(0)],1,renovacion_mismatch
200757,101007799,5,[np.int64(0)],5,renovacion_mismatch
200764,4308007423658000,1,[np.int64(0)],1,renovacion_mismatch
200765,4308007422750000,1,[np.int64(0)],1,renovacion_mismatch
200766,10565200514000,3,[np.int64(0)],1,renovacion_mismatch
200767,10565200513990,4,[np.int64(0)],1,renovacion_mismatch
200771,PE264063,1,[np.int64(0)],2,renovacion_mismatch
200772,1000142,2,[np.int64(0)],1,renovacion_mismatch
200773,2050330796903,3,[np.int64(0)],1,renovacion_mismatch
200777,94161633,2,[np.int64(0)],1,renovacion_mismatch
200779,4308007409240000,1,[np.int64(0)],1,renovacion_mismatch
200781,94166167,1,[np.int64(0)],1,renovacion_mismatch
200786,4308007403729000,1,[np.int64(0)],1,renovacion_mismatch
200788,4308007403161000,3,[np.int64(0)],1,renovacion_mismatch
200789,4308007403470000,1,[np.int64(0)],1,renovacion_mismatch
200790,4308007403465000,1,[np.int64(0)],1,renovacion_mismatch
200791,4308007403618000,1,[np.int64(0)],1,renovacion_mismatch
200794,4308007406800000,1,[np.int64(0)],1,renovacion_mismatch
200795,AB000269,1,[np.int64(0)],1,renovacion_mismatch
200796,4308007379524000,1,[np.int64(0)],1,renovacion_mismatch
200797,4308007397632000,1,[np.int64(0)],1,renovacion_mismatch
200800,4308007397897000,1,[np.int64(0)],1,renovacion_mismatch
200802,4308007398188000,1,[np.int64(0)],1,renovacion_mismatch
200803,4308007400171000,1,[np.int64(0)],1,renovacion_mismatch
200804,1408004225900000,3,[np.int64(0)],1,renovacion_mismatch
200806,4308007393059000,1,[np.int64(0)],1,renovacion_mismatch
200807,430800739311000,1,[np.int64(0)],1,renovacion_mismatch
200808,94129529,1,[np.int64(0)],1,renovacion_mismatch
200809,94128838,1,[np.int64(0)],1,renovacion_mismatch
200810,94127189,1,[np.int64(0)],1,renovacion_mismatch
200812,4308007396170000,1,[np.int64(0)],1,renovacion_mismatch
200814,4308007396702000,1,[np.int64(0)],1,renovacion_mismatch
200815,430800739732900,1,[np.int64(0)],1,renovacion_mismatch
200817,4308007392553000,1,[np.int64(0)],1,renovacion_mismatch
200819,4308007393541000,1,[np.int64(0)],1,renovacion_mismatch
200820,4308007393648000,1,[np.int64(0)],1,renovacion_mismatch
200825,4308007392810000,2,[np.int64(0)],1,renovacion_mismatch
200826,10565200512050,1,[np.int64(0)],1,renovacion_mismatch
200827,10565200512060,1,[np.int64(0)],1,renovacion_mismatch
200828,10565200512070,4,[np.int64(0)],1,renovacion_mismatch
200831,4308007393579000,6,[np.int64(0)],1,renovacion_mismatch
200832,4308007393415000,6,[np.int64(0)],1,renovacion_mismatch
200833,94126724,6,[np.int64(0)],1,renovacion_mismatch
200835,4308007393042000,3,[np.int64(0)],1,renovacion_mismatch
200838,43080073949444000,1,[np.int64(0)],1,renovacion_mismatch
200839,4308007397498000,1,[np.int64(0)],1,renovacion_mismatch
200840,4308007397273000,1,[np.int64(0)],1,renovacion_mismatch
200842,1000000144-16,5,[np.int64(0)],1,renovacion_mismatch
200843,4308007397029000,1,[np.int64(0)],1,renovacion_mismatch
200844,4308007396338000,1,[np.int64(0)],1,renovacion_mismatch
200846,2000668524,3,[np.int64(0)],9,renovacion_mismatch
200847,2000668525,2,[np.int64(0)],11,renovacion_mismatch
200848,2000667772,2,[np.int64(0)],8,renovacion_mismatch
200849,4308007390927000,1,[np.int64(0)],1,renovacion_mismatch
200850,4308007390902000,1,[np.int64(0)],1,renovacion_mismatch
200852,4308007390294000,1,[np.int64(0)],1,renovacion_mismatch
200857,4308007386433000,1,[np.int64(0)],1,renovacion_mismatch
200860,43080073388340000,1,[np.int64(0)],1,renovacion_mismatch
200863,4308007388572000,1,[np.int64(0)],1,renovacion_mismatch
200864,4308007388570000,1,[np.int64(0)],1,renovacion_mismatch
200865,43080073989130000,2,[np.int64(0)],1,renovacion_mismatch
200866,430800738510000,1,[np.int64(0)],1,renovacion_mismatch
200868,4308007385673000,1,[np.int64(0)],1,renovacion_mismatch
200869,4308007385203000,1,[np.int64(0)],1,renovacion_mismatch
200872,1000272-55,5,[np.int64(0)],3,renovacion_mismatch
200873,4308007387221000,3,[np.int64(0)],1,renovacion_mismatch
200874,4308007387433000,2,[np.int64(0)],1,renovacion_mismatch
200882,4308007385846000,1,[np.int64(0)],1,renovacion_mismatch
200896,1408004225436000,4,[np.int64(0)],1,renovacion_mismatch
200897,1408004225435000,4,[np.int64(0)],1,renovacion_mismatch
200898,1408004225437000,1,[np.int64(0)],1,renovacion_mismatch
200900,4308007377375000,1,[np.int64(0)],1,renovacion_mismatch
200902,94036591,2,[np.int64(0)],1,renovacion_mismatch
200905,4308007377706000,1,[np.int64(0)],1,renovacion_mismatch
200907,4308007373882000,1,[np.int64(0)],1,renovacion_mismatch
200908,4308007374360000,1,[np.int64(0)],1,renovacion_mismatch
200909,4308007374453000,1,[np.int64(0)],1,renovacion_mismatch
200911,4308007375744000,1,[np.int64(0)],1,renovacion_mismatch
200913,105652005087000,1,[np.int64(0)],1,renovacion_mismatch
200915,1408004225434000,3,[np.int64(0)],1,renovacion_mismatch
200923,4308007374132000,3,[np.int64(0)],1,renovacion_mismatch
200925,94026177,2,[np.int64(0)],1,renovacion_mismatch
200926,10565200508340,1,[np.int64(0)],1,renovacion_mismatch
200927,4308007372342000,1,[np.int64(0)],1,renovacion_mismatch
200930,4308007372246000,2,[np.int64(0)],1,renovacion_mismatch
200932,4308007372417000,1,[np.int64(0)],1,renovacion_mismatch
200934,93658679,1,[np.int64(0)],1,renovacion_mismatch
200935,2000472227,1,[np.int64(0)],15,renovacion_mismatch
200942,430800370367000,1,[np.int64(0)],1,renovacion_mismatch
200949,4308007365872000,1,[np.int64(0)],1,renovacion_mismatch
200953,4308007367305000,1,[np.int64(0)],1,renovacion_mismatch
200954,4308007367307000,1,[np.int64(0)],1,renovacion_mismatch
200965,4308007366464000,1,[np.int64(0)],1,renovacion_mismatch
200967,4308007363841000,1,[np.int64(0)],1,renovacion_mismatch
200968,4308007363981000,1,[np.int64(0)],1,renovacion_mismatch
200969,4308007364374000,1,[np.int64(0)],1,renovacion_mismatch
200976,4308007365067000,2,[np.int64(0)],1,renovacion_mismatch
200977,4308007364958000,1,[np.int64(0)],1,renovacion_mismatch
200981,94014191,1,[np.int64(0)],1,renovacion_mismatch
200986,4308007359163000,1,[np.int64(0)],1,renovacion_mismatch
200988,4308007359058000,1,[np.int64(0)],1,renovacion_mismatch
200989,4308007360332000,1,[np.int64(0)],1,renovacion_mismatch
200991,4308007360608000,1,[np.int64(0)],1,renovacion_mismatch
200995,1000004771,2,[np.int64(0)],4,renovacion_mismatch
201002,1000118,2,[np.int64(0)],10,renovacion_mismatch
201003,4308007359089000,1,[np.int64(0)],1,renovacion_mismatch
201008,4308007356534000,1,[np.int64(0)],1,renovacion_mismatch
201009,93881906,1,[np.int64(0)],1,renovacion_mismatch
201011,4308007356458000,1,[np.int64(0)],1,renovacion_mismatch
201012,4308007356828000,1,[np.int64(0)],1,renovacion_mismatch
201013,93881145,1,[np.int64(0)],1,renovacion_mismatch
201017,93875887,1,[np.int64(0)],1,renovacion_mismatch
201020,93876797,1,[np.int64(0)],1,renovacion_mismatch
201022,4308007357856000,1,[np.int64(0)],1,renovacion_mismatch
201023,4308007359041000,3,[np.int64(0)],1,renovacion_mismatch
201025,108004225081000,1,[np.int64(0)],1,renovacion_mismatch
201027,4308007353513000,1,[np.int64(0)],1,renovacion_mismatch
201036,93867757,1,[np.int64(0)],1,renovacion_mismatch
201037,93870938,1,[np.int64(0)],1,renovacion_mismatch
201038,93870041,1,[np.int64(0)],1,renovacion_mismatch
201039,4308007351323000,1,[np.int64(0)],1,renovacion_mismatch
201040,4308007351476000,1,[np.int64(0)],1,renovacion_mismatch
201041,4308007351048000,1,[np.int64(0)],1,renovacion_mismatch
201043,93669880,1,[np.int64(0)],1,renovacion_mismatch
201045,93869793,1,[np.int64(0)],1,renovacion_mismatch
201051,4308007351620000,1,[np.int64(0)],1,renovacion_mismatch
201054,4308007350067000,2,[np.int64(0)],1,renovacion_mismatch
201055,4308007350299000,1,[np.int64(0)],1,renovacion_mismatch
201062,93862411,1,[np.int64(0)],1,renovacion_mismatch
201066,9358519,1,[np.int64(0)],1,renovacion_mismatch
201067,AB000189,1,[np.int64(0)],4,renovacion_mismatch
201071,4308007347311000,1,[np.int64(0)],1,renovacion_mismatch
201073,4308007346653000,1,[np.int64(0)],1,renovacion_mismatch
201074,4308007348178000,1,[np.int64(0)],1,renovacion_mismatch
201076,4308007343363000,1,[np.int64(0)],1,renovacion_mismatch
201077,4308007343411000,1,[np.int64(0)],1,renovacion_mismatch
201080,4308007344608000,1,[np.int64(0)],1,renovacion_mismatch
201084,4308007345143000,2,[np.int64(0)],1,renovacion_mismatch
201085,93857425,1,[np.int64(0)],1,renovacion_mismatch
201086,4308007339748000,1,[np.int64(0)],1,renovacion_mismatch
201092,4308007338676000,1,[np.int64(0)],1,renovacion_mismatch
201094,4308007343422000,1,[np.int64(0)],1,renovacion_mismatch
201098,4308007341523000,1,[np.int64(0)],1,renovacion_mismatch
201100,4308007341279000,1,[np.int64(0)],1,renovacion_mismatch
201101,4308007339954000,1,[np.int64(0)],1,renovacion_mismatch
201104,4308007339845000,2,[np.int64(0)],1,renovacion_mismatch
201106,93840336,2,[np.int64(0)],1,renovacion_mismatch
201109,4308007340608000,2,[np.int64(0)],1,renovacion_mismatch
201110,4308007340550000,1,[np.int64(0)],1,renovacion_mismatch
201111,4308007339739000,2,[np.int64(0)],1,renovacion_mismatch
201113,10565200505100,1,[np.int64(0)],1,renovacion_mismatch
201115,10565200505110,7,[np.int64(0)],1,renovacion_mismatch
201116,43080O7332005000,1,[np.int64(0)],1,renovacion_mismatch
201117,4308007337448000,1,[np.int64(0)],1,renovacion_mismatch
201118,4308007337316000,2,[np.int64(0)],1,renovacion_mismatch
201120,4308007337283000,1,[np.int64(0)],1,renovacion_mismatch
201123,4308007337726000,1,[np.int64(0)],1,renovacion_mismatch
201125,AA005647,3,[np.int64(0)],7,renovacion_mismatch
201126,4308007335538000,1,[np.int64(0)],1,renovacion_mismatch
201129,4308007335965000,1,[np.int64(0)],1,renovacion_mismatch
201132,14289415511080,1,[np.int64(0)],1,renovacion_mismatch
201136,93836517,2,[np.int64(0)],1,renovacion_mismatch
201137,14289415510670,6,[np.int64(0)],1,renovacion_mismatch
201138,4308007334123000,1,[np.int64(0)],1,renovacion_mismatch
201139,93833429,2,[np.int64(0)],2,renovacion_mismatch
201143,4308007334320000,1,[np.int64(0)],1,renovacion_mismatch
201144,4308007334693000,1,[np.int64(0)],1,renovacion_mismatch
201145,4308007335339000,1,[np.int64(0)],1,renovacion_mismatch
201146,4308007331655000,1,[np.int64(0)],1,renovacion_mismatch
201147,4308007331823000,1,[np.int64(0)],1,renovacion_mismatch
201148,4308007331927000,1,[np.int64(0)],1,renovacion_mismatch
201149,4308007332000000,1,[np.int64(0)],1,renovacion_mismatch
201151,101000902-2,4,[np.int64(0)],1,renovacion_mismatch
201152,101000917-2,4,[np.int64(0)],1,renovacion_mismatch
201153,4308007336086000,1,[np.int64(0)],1,renovacion_mismatch
201154,4308007335320000,2,[np.int64(0)],1,renovacion_mismatch
201155,93835459,1,[np.int64(0)],1,renovacion_mismatch
201161,4308007329526000,1,[np.int64(0)],1,renovacion_mismatch
201162,4308007331212000,2,[np.int64(0)],1,renovacion_mismatch
201163,4308007330766000,1,[np.int64(0)],1,renovacion_mismatch
201164,4308007330976000,1,[np.int64(0)],1,renovacion_mismatch
201165,4308007331052000,1,[np.int64(0)],1,renovacion_mismatch
201167,105000250,5,[np.int64(0)],1,renovacion_mismatch
201168,93613298  NR,1,[np.int64(0)],1,renovacion_mismatch
201172,4308007328822000,2,[np.int64(0)],1,renovacion_mismatch
201174,4308007327218000,2,[np.int64(0)],1,renovacion_mismatch
201176,4308007322937000,1,[np.int64(0)],1,renovacion_mismatch
201177,4308007324930000,1,[np.int64(0)],1,renovacion_mismatch
201181,4308007323396000,1,[np.int64(0)],1,renovacion_mismatch
201182,4308007323411000,1,[np.int64(0)],1,renovacion_mismatch
201187,4308007320540000,1,[np.int64(0)],1,renovacion_mismatch
201189,4308007324079000,1,[np.int64(0)],1,renovacion_mismatch
201191,4308007324099000,1,[np.int64(0)],1,renovacion_mismatch
201193,4308007324148000,2,[np.int64(0)],1,renovacion_mismatch
201194,4308007320977000,2,[np.int64(0)],1,renovacion_mismatch
201195,4308007323865000,1,[np.int64(0)],1,renovacion_mismatch
201196,4308007320229000,1,[np.int64(0)],1,renovacion_mismatch
201197,4308007320048000,1,[np.int64(0)],1,renovacion_mismatch
201198,4308007320069000,1,[np.int64(0)],1,renovacion_mismatch
201200,4308007320044000,1,[np.int64(0)],1,renovacion_mismatch
201204,4308007319726000,2,[np.int64(0)],1,renovacion_mismatch
201205,4308007320243000,1,[np.int64(0)],1,renovacion_mismatch
201211,1000125,2,[np.int64(0)],1,renovacion_mismatch
201212,4308007319412000,2,[np.int64(0)],1,renovacion_mismatch
201213,93618129,1,[np.int64(0)],1,renovacion_mismatch
201214,4308007320410000,1,[np.int64(0)],1,renovacion_mismatch
201217,93608964,1,[np.int64(0)],1,renovacion_mismatch
201218,10565200502680,1,[np.int64(0)],1,renovacion_mismatch
201220,4308007317261000,1,[np.int64(0)],1,renovacion_mismatch
201222,4308007317444000,1,[np.int64(0)],1,renovacion_mismatch
201224,4308007317734000,2,[np.int64(0)],1,renovacion_mismatch
201225,4308007318190000,1,[np.int64(0)],1,renovacion_mismatch
201228,4308007315713000,1,[np.int64(0)],1,renovacion_mismatch
201231,4308007314509000,1,[np.int64(0)],1,renovacion_mismatch
201232,93606668,1,[np.int64(0)],1,renovacion_mismatch
201233,93607370,1,[np.int64(0)],1,renovacion_mismatch
201239,10565200501550,1,[np.int64(0)],1,renovacion_mismatch
201243,4308007310150000,1,[np.int64(0)],1,renovacion_mismatch
201244,4308007310813000,1,[np.int64(0)],1,renovacion_mismatch
201245,4308007310869000,1,[np.int64(0)],1,renovacion_mismatch
201247,1408004224238000,3,[np.int64(0)],1,renovacion_mismatch
201248,1408004224241000,4,[np.int64(0)],1,renovacion_mismatch
201252,4308007305408000,1,[np.int64(0)],1,renovacion_mismatch
201254,4308007307149000,1,[np.int64(0)],1,renovacion_mismatch
201256,93591800,1,[np.int64(0)],1,renovacion_mismatch
201257,4308007303203000,4,[np.int64(0)],1,renovacion_mismatch
201258,4308007303237000,1,[np.int64(0)],1,renovacion_mismatch
201259,4308007304664000,1,[np.int64(0)],1,renovacion_mismatch
201264,4308007304229000,1,[np.int64(0)],1,renovacion_mismatch
201265,93591466,1,[np.int64(0)],1,renovacion_mismatch
201271,300000120,5,[np.int64(0)],1,renovacion_mismatch
201272,10565200500630,4,[np.int64(0)],1,renovacion_mismatch
201273,4308007303832000,1,[np.int64(0)],1,renovacion_mismatch
201274,93592215,1,[np.int64(0)],1,renovacion_mismatch
201275,93592177,1,[np.int64(0)],1,renovacion_mismatch
201276,4308007300846000,1,[np.int64(0)],1,renovacion_mismatch
201278,4308007300951000,1,[np.int64(0)],1,renovacion_mismatch
201288,10565200500180,1,[np.int64(0)],1,renovacion_mismatch
201289,4308007300987000,1,[np.int64(0)],1,renovacion_mismatch
201291,93580839,1,[np.int64(0)],1,renovacion_mismatch
201294,4308007300699000,1,[np.int64(0)],1,renovacion_mismatch
201295,4308007300793000,1,[np.int64(0)],1,renovacion_mismatch
201301,93576352,1,[np.int64(0)],1,renovacion_mismatch
201302,93576893,1,[np.int64(0)],1,renovacion_mismatch
201304,93576086,1,[np.int64(0)],1,renovacion_mismatch
201305,93575758,1,[np.int64(0)],1,renovacion_mismatch
201306,101000518-1,4,[np.int64(0)],1,renovacion_mismatch
201307,994000000006-1,5,[np.int64(0)],1,renovacion_mismatch
201308,3016298,5,[np.int64(0)],1,renovacion_mismatch
201309,4308007295948000,1,[np.int64(0)],1,renovacion_mismatch
201311,4308007295990000,1,[np.int64(0)],1,renovacion_mismatch
201312,4308007295842000,1,[np.int64(0)],1,renovacion_mismatch
201314,4308007295726000,1,[np.int64(0)],1,renovacion_mismatch
201317,4308007284283000,1,[np.int64(0)],1,renovacion_mismatch
201318,4308007292536000,1,[np.int64(0)],1,renovacion_mismatch
201320,4308007291643000,1,[np.int64(0)],1,renovacion_mismatch
201324,4308007293252000,1,[np.int64(0)],1,renovacion_mismatch
201325,101000516-1,5,[np.int64(0)],1,renovacion_mismatch
201326,4308007288568000,1,[np.int64(0)],1,renovacion_mismatch
201328,10565200498970,1,[np.int64(0)],1,renovacion_mismatch
201329,10565200498990,1,[np.int64(0)],1,renovacion_mismatch
201332,4308007291477000,1,[np.int64(0)],1,renovacion_mismatch
201333,4308007291371000,1,[np.int64(0)],1,renovacion_mismatch
201336,4308007289364000,2,[np.int64(0)],1,renovacion_mismatch
201339,10565200498980,3,[np.int64(0)],1,renovacion_mismatch
201340,4308007289082000,1,[np.int64(0)],1,renovacion_mismatch
201343,4308007291813000,1,[np.int64(0)],1,renovacion_mismatch
201345,4308007287259000,1,[np.int64(0)],1,renovacion_mismatch
201346,4308004223875000,1,[np.int64(0)],1,renovacion_mismatch
201348,4308004223874000,1,[np.int64(0)],1,renovacion_mismatch
201355,4308007288081000,1,[np.int64(0)],1,renovacion_mismatch
201359,14289415269460,1,[np.int64(0)],1,renovacion_mismatch
201360,4308007282335000,1,[np.int64(0)],1,renovacion_mismatch
201362,4308007282215000,1,[np.int64(0)],1,renovacion_mismatch
201370,430800728409000,1,[np.int64(0)],1,renovacion_mismatch
201386,4308007272068000,1,[np.int64(0)],1,renovacion_mismatch
201387,4308007272122000,1,[np.int64(0)],1,renovacion_mismatch
201388,43080072272166000,1,[np.int64(0)],1,renovacion_mismatch
201389,430800727231000,1,[np.int64(0)],1,renovacion_mismatch
201390,4308007272444000,1,[np.int64(0)],1,renovacion_mismatch
201391,4308007273633000,1,[np.int64(0)],1,renovacion_mismatch
201392,93527960,1,[np.int64(0)],1,renovacion_mismatch
201393,4308007275961000,1,[np.int64(0)],1,renovacion_mismatch
201394,4308007275407000,1,[np.int64(0)],1,renovacion_mismatch
201397,93529938,1,[np.int64(0)],1,renovacion_mismatch
201402,1408004223628000 NR,1,[np.int64(0)],1,renovacion_mismatch
201404,4308007271868000,1,[np.int64(0)],1,renovacion_mismatch
201408,4308007269589000,1,[np.int64(0)],1,renovacion_mismatch
201410,93519862,1,[np.int64(0)],1,renovacion_mismatch
201413,14289415220240,1,[np.int64(0)],1,renovacion_mismatch
201414,4308007272149000,1,[np.int64(0)],1,renovacion_mismatch
201415,4308007272082000,1,[np.int64(0)],1,renovacion_mismatch
201416,4308007268136000,1,[np.int64(0)],1,renovacion_mismatch
201417,4308007269420000,1,[np.int64(0)],1,renovacion_mismatch
201419,430800726876000,1,[np.int64(0)],1,renovacion_mismatch
201420,4308007268462000,1,[np.int64(0)],1,renovacion_mismatch
201421,4308007268454000,1,[np.int64(0)],1,renovacion_mismatch
201424,4308007273057000,1,[np.int64(0)],1,renovacion_mismatch
201426,4308007266095000,1,[np.int64(0)],1,renovacion_mismatch
201430,4308007266429000,1,[np.int64(0)],1,renovacion_mismatch
201432,14289415184450 NR,1,[np.int64(0)],1,renovacion_mismatch
201434,1408004223599000,4,[np.int64(0)],1,renovacion_mismatch
201435,93302586,4,[np.int64(0)],1,renovacion_mismatch
201437,14289415190540,1,[np.int64(0)],1,renovacion_mismatch
201438,4308007266354000,1,[np.int64(0)],1,renovacion_mismatch
201441,4308007265943000,1,[np.int64(0)],1,renovacion_mismatch
201445,PE259670,3,[np.int64(0)],2,renovacion_mismatch
201448,4308007262998000,1,[np.int64(0)],1,renovacion_mismatch
201449,4308007264976000,1,[np.int64(0)],1,renovacion_mismatch
201450,4308007262921000,1,[np.int64(0)],1,renovacion_mismatch
201454,4308007264167000,1,[np.int64(0)],1,renovacion_mismatch
201455,93305208,1,[np.int64(0)],1,renovacion_mismatch
201456,4308007260919000,1,[np.int64(0)],1,renovacion_mismatch
201458,156200495490,1,[np.int64(0)],1,renovacion_mismatch
201459,4308007264791000,1,[np.int64(0)],1,renovacion_mismatch
201460,4308007264141000,1,[np.int64(0)],1,renovacion_mismatch
201463,93305431,1,[np.int64(0)],1,renovacion_mismatch
201465,4308007264071000,1,[np.int64(0)],1,renovacion_mismatch
201466,10565200495500,3,[np.int64(0)],1,renovacion_mismatch
201473,4308007260364000,1,[np.int64(0)],1,renovacion_mismatch
201474,4308007260408000,1,[np.int64(0)],1,renovacion_mismatch
201480,1408004223435000,4,[np.int64(0)],1,renovacion_mismatch
201481,1408004223434000,1,[np.int64(0)],1,renovacion_mismatch
201482,4308007259301000,1,[np.int64(0)],1,renovacion_mismatch
201485,10565200495510,4,[np.int64(0)],1,renovacion_mismatch
201486,4308007255377000,1,[np.int64(0)],1,renovacion_mismatch
201488,4308007255510000,1,[np.int64(0)],1,renovacion_mismatch
201490,4308007255559000,2,[np.int64(0)],1,renovacion_mismatch
201492,4308007255657000,2,[np.int64(0)],1,renovacion_mismatch
201493,4308007255832000,1,[np.int64(0)],1,renovacion_mismatch
201497,4308007255532000,1,[np.int64(0)],1,renovacion_mismatch
201503,4308007255454000,1,[np.int64(0)],1,renovacion_mismatch
201504,93290032,1,[np.int64(0)],1,renovacion_mismatch
201505,93293942,3,[np.int64(0)],1,renovacion_mismatch
201506,4308007252645000,1,[np.int64(0)],1,renovacion_mismatch
201507,4308007252714000,1,[np.int64(0)],1,renovacion_mismatch
201510,4308007254093000,2,[np.int64(0)],1,renovacion_mismatch
201511,1000108,2,[np.int64(0)],10,renovacion_mismatch
201514,4308007256585000,1,[np.int64(0)],1,renovacion_mismatch
201516,4308007251591000,2,[np.int64(0)],1,renovacion_mismatch
201517,9328369,1,[np.int64(0)],1,renovacion_mismatch
201518,4308007252617000,1,[np.int64(0)],1,renovacion_mismatch
201520,101006309-4,4,[np.int64(0)],10,renovacion_mismatch
201523,43080072553567000,1,[np.int64(0)],1,renovacion_mismatch
201524,4308007253440000,2,[np.int64(0)],1,renovacion_mismatch
201525,4308007252154000,1,[np.int64(0)],1,renovacion_mismatch
201526,4308007247811000,1,[np.int64(0)],1,renovacion_mismatch
201527,4308007247670000,1,[np.int64(0)],1,renovacion_mismatch
201529,4308007249700000,1,[np.int64(0)],1,renovacion_mismatch
201533,PE255966,4,[np.int64(0)],2,renovacion_mismatch
201538,93274615,1,[np.int64(0)],1,renovacion_mismatch
201539,93279950,1,[np.int64(0)],1,renovacion_mismatch
201542,4308007248141000,2,[np.int64(0)],1,renovacion_mismatch
201543,4308007248137000,1,[np.int64(0)],1,renovacion_mismatch
201544,4308007247863000,1,[np.int64(0)],1,renovacion_mismatch
201546,5000025533 NR,1,[np.int64(0)],1,renovacion_mismatch
201547,4308007245385000,1,[np.int64(0)],1,renovacion_mismatch
201550,4308007245546000,1,[np.int64(0)],1,renovacion_mismatch
201554,430800724996000,1,[np.int64(0)],1,renovacion_mismatch
201559,4308005837028000 NR,1,[np.int64(0)],1,renovacion_mismatch
201560,3447100800 N R,1,[np.int64(0)],1,renovacion_mismatch
201561,93114980 NR,1,[np.int64(0)],1,renovacion_mismatch
201562,890117758590100 NR,1,[np.int64(0)],1,renovacion_mismatch
201563,2050330855402,2,[np.int64(0)],10,renovacion_mismatch
201565,4308007245732000,3,[np.int64(0)],1,renovacion_mismatch
201566,4308007242406000,1,[np.int64(0)],1,renovacion_mismatch
201574,4308007243302000,1,[np.int64(0)],1,renovacion_mismatch
201575,4308007243369000,1,[np.int64(0)],1,renovacion_mismatch
201577,93117979,1,[np.int64(0)],1,renovacion_mismatch
201578,93117622,1,[np.int64(0)],1,renovacion_mismatch
201580,93117278,1,[np.int64(0)],1,renovacion_mismatch
201581,4308007244163000,3,[np.int64(0)],1,renovacion_mismatch
201582,4308007243688000,1,[np.int64(0)],1,renovacion_mismatch
201584,1000120,4,[np.int64(0)],2,renovacion_mismatch
201585,4308007242134000,1,[np.int64(0)],1,renovacion_mismatch
201589,1408004223099000,1,[np.int64(0)],1,renovacion_mismatch
201592,43080057240013000,1,[np.int64(0)],1,renovacion_mismatch
201594,4308007240465000,1,[np.int64(0)],1,renovacion_mismatch
201595,1408004223100000,1,[np.int64(0)],1,renovacion_mismatch
201597,4308007236311000,3,[np.int64(0)],1,renovacion_mismatch
201599,4308007244347000,1,[np.int64(0)],1,renovacion_mismatch
201602,4308007235747000,1,[np.int64(0)],1,renovacion_mismatch
201604,4308007236198000,1,[np.int64(0)],1,renovacion_mismatch
201605,4308007236375000,1,[np.int64(0)],1,renovacion_mismatch
201608,AA006143,5,[np.int64(0)],52,renovacion_mismatch
201609,PI298734,4,[np.int64(0)],1,renovacion_mismatch
201612,93102679,1,[np.int64(0)],1,renovacion_mismatch
201613,93103938,1,[np.int64(0)],1,renovacion_mismatch
201620,PI297034,2,[np.int64(0)],6,renovacion_mismatch
201623,4308007231448000,2,[np.int64(0)],1,renovacion_mismatch
201625,4308007231543000,1,[np.int64(0)],1,renovacion_mismatch
201626,4308007228984000,1,[np.int64(0)],1,renovacion_mismatch
201627,4308007228466000,1,[np.int64(0)],1,renovacion_mismatch
201628,4308007228456000,1,[np.int64(0)],1,renovacion_mismatch
201631,4308007227932000,1,[np.int64(0)],1,renovacion_mismatch
201634,4308007227531000,1,[np.int64(0)],1,renovacion_mismatch
201635,4308007227518000,1,[np.int64(0)],1,renovacion_mismatch
201636,14289414971270 NR,1,[np.int64(0)],1,renovacion_mismatch
201637,4308007225338000 NR,1,[np.int64(0)],1,renovacion_mismatch
201639,1000005169,1,[np.int64(0)],1,renovacion_mismatch
201641,4308007227756000,1,[np.int64(0)],1,renovacion_mismatch
201642,4308007227890000,1,[np.int64(0)],1,renovacion_mismatch
201643,101000850,5,[np.int64(0)],1,renovacion_mismatch
201644,PI298625,3,[np.int64(0)],1,renovacion_mismatch
201645,PE256843,1,[np.int64(0)],20,renovacion_mismatch
201646,93077133,1,[np.int64(0)],1,renovacion_mismatch
201647,93076655,1,[np.int64(0)],1,renovacion_mismatch
201649,4308007225236000,2,[np.int64(0)],1,renovacion_mismatch
201651,93083186,1,[np.int64(0)],1,renovacion_mismatch
201652,93083192,1,[np.int64(0)],1,renovacion_mismatch
201653,4308005810096000 NR,1,[np.int64(0)],1,renovacion_mismatch
201655,4308005808789000 NR,1,[np.int64(0)],1,renovacion_mismatch
201657,4308007224162000,1,[np.int64(0)],1,renovacion_mismatch
201663,4308007223690000,1,[np.int64(0)],1,renovacion_mismatch
201668,4308007222401000,1,[np.int64(0)],1,renovacion_mismatch
201669,4308007222091000,1,[np.int64(0)],1,renovacion_mismatch
201676,4308007219042000,1,[np.int64(0)],1,renovacion_mismatch
201679,93072670,1,[np.int64(0)],1,renovacion_mismatch
201682,93076851,1,[np.int64(0)],1,renovacion_mismatch
201684,4308007222533000,1,[np.int64(0)],1,renovacion_mismatch
201703,4308007218619000,1,[np.int64(0)],1,renovacion_mismatch
201705,93066464,1,[np.int64(0)],1,renovacion_mismatch
201710,4308005802321000 NR,1,[np.int64(0)],1,renovacion_mismatch
201711,4308005803638000 NR,1,[np.int64(0)],1,renovacion_mismatch
201712,4308005803476000 NR,1,[np.int64(0)],1,renovacion_mismatch
201713,14289410721280 NR,1,[np.int64(0)],1,renovacion_mismatch
201716,4308005796781000 NR,1,[np.int64(0)],1,renovacion_mismatch
201717,4308005795765000 NR,1,[np.int64(0)],1,renovacion_mismatch
201719,4308007215301000,1,[np.int64(0)],1,renovacion_mismatch
201720,2000653969,3,[np.int64(0)],12,renovacion_mismatch
201722,4308005801276000 NR,1,[np.int64(0)],1,renovacion_mismatch
201725,4308007210984000,1,[np.int64(0)],1,renovacion_mismatch
201726,4308007210926000,1,[np.int64(0)],1,renovacion_mismatch
201727,4308007212038000,1,[np.int64(0)],1,renovacion_mismatch
201731,4308007211225000,1,[np.int64(0)],1,renovacion_mismatch
201736,4308007208341000,1,[np.int64(0)],1,renovacion_mismatch
201738,4308005787126000 NR,1,[np.int64(0)],1,renovacion_mismatch
201739,4308005790316000 NR,1,[np.int64(0)],1,renovacion_mismatch
201740,4308005790258000 NR,1,[np.int64(0)],1,renovacion_mismatch
201741,10565200384870 NR,1,[np.int64(0)],1,renovacion_mismatch
201742,4308005792313000 NR,1,[np.int64(0)],1,renovacion_mismatch
201743,1408004201744000 NR,1,[np.int64(0)],1,renovacion_mismatch
201744,140800422637000,4,[np.int64(0)],1,renovacion_mismatch
201747,101006261-4,4,[np.int64(0)],10,renovacion_mismatch
201750,4308007208336000,1,[np.int64(0)],1,renovacion_mismatch
201751,4308007208173000,1,[np.int64(0)],1,renovacion_mismatch
201753,4308007208514000,1,[np.int64(0)],1,renovacion_mismatch
201757,4308007208222000,1,[np.int64(0)],1,renovacion_mismatch
201759,93055567,2,[np.int64(0)],1,renovacion_mismatch
201777,4308007207545000,1,[np.int64(0)],1,renovacion_mismatch
201785,4308007204501000,1,[np.int64(0)],1,renovacion_mismatch
201786,93037212-613333860,1,[np.int64(0)],1,renovacion_mismatch
201792,4308007207269000,1,[np.int64(0)],1,renovacion_mismatch
201795,1408004222449000,1,[np.int64(0)],1,renovacion_mismatch
201796,1408004222448000,1,[np.int64(0)],1,renovacion_mismatch
201797,93034872-613329358,1,[np.int64(0)],1,renovacion_mismatch
201798,4308007206127000,1,[np.int64(0)],1,renovacion_mismatch
201799,4308007205402000,1,[np.int64(0)],1,renovacion_mismatch
201800,4308007204596000,1,[np.int64(0)],1,renovacion_mismatch
201803,1408004222532000,1,[np.int64(0)],1,renovacion_mismatch
201807,4308007197292000,1,[np.int64(0)],1,renovacion_mismatch
201808,4308007197557000,1,[np.int64(0)],1,renovacion_mismatch
201809,1408004222450000,1,[np.int64(0)],1,renovacion_mismatch
201812,4308007200700000,1,[np.int64(0)],1,renovacion_mismatch
201814,4308007201660000,2,[np.int64(0)],1,renovacion_mismatch
201816,4308007193404000,1,[np.int64(0)],1,renovacion_mismatch
201819,4308007193876000,1,[np.int64(0)],1,renovacion_mismatch
201822,93022135-613305344,1,[np.int64(0)],1,renovacion_mismatch
201823,4308007197522000,1,[np.int64(0)],1,renovacion_mismatch
201825,10565200488570,1,[np.int64(0)],1,renovacion_mismatch
201826,10565200488580,2,[np.int64(0)],1,renovacion_mismatch
201827,10565200488600,1,[np.int64(0)],1,renovacion_mismatch
201831,93016473-613294469,1,[np.int64(0)],1,renovacion_mismatch
201834,4308007194646000,1,[np.int64(0)],1,renovacion_mismatch
201837,93005385-613273395,1,[np.int64(0)],1,renovacion_mismatch
201840,93006178-613274727,1,[np.int64(0)],1,renovacion_mismatch
201841,101000793-4,3,[np.int64(0)],1,renovacion_mismatch
201842,101000804-4,3,[np.int64(0)],1,renovacion_mismatch
201844,4308007189648000,1,[np.int64(0)],1,renovacion_mismatch
201854,93006103-613274611,1,[np.int64(0)],1,renovacion_mismatch
201860,4308007184355000,2,[np.int64(0)],1,renovacion_mismatch
201865,4308007180681000,1,[np.int64(0)],1,renovacion_mismatch
201868,1408004222119000,3,[np.int64(0)],1,renovacion_mismatch
201871,14289414847580,2,[np.int64(0)],1,renovacion_mismatch
201873,1408004222134000,4,[np.int64(0)],1,renovacion_mismatch
201875,4308007178796000,2,[np.int64(0)],1,renovacion_mismatch
201880,4308007175772000,1,[np.int64(0)],1,renovacion_mismatch
201888,43080071474533000,1,[np.int64(0)],1,renovacion_mismatch
201889,92973178-613232434,2,[np.int64(0)],1,renovacion_mismatch
201895,92965906-613219142,1,[np.int64(0)],1,renovacion_mismatch
201896,4308007170147000,1,[np.int64(0)],1,renovacion_mismatch
201897,93005059-613218809,1,[np.int64(0)],1,renovacion_mismatch
201898,1901124002054-1,3,[np.int64(0)],1,renovacion_mismatch
201901,4308007173492000,1,[np.int64(0)],1,renovacion_mismatch
201902,4308007173407000,1,[np.int64(0)],1,renovacion_mismatch
201904,4308007174710000,1,[np.int64(0)],1,renovacion_mismatch
201907,4308007168484000,1,[np.int64(0)],1,renovacion_mismatch
201908,92736998-613198676,1,[np.int64(0)],1,renovacion_mismatch
201909,4308007169913000,1,[np.int64(0)],1,renovacion_mismatch
201911,93002495-61324556,1,[np.int64(0)],1,renovacion_mismatch
201914,994000000137,2,[np.int64(0)],2,renovacion_mismatch
201916,4308007166129000,3,[np.int64(0)],1,renovacion_mismatch
201917,92733029-613191131,2,[np.int64(0)],1,renovacion_mismatch
201919,92733708-613192281,1,[np.int64(0)],1,renovacion_mismatch
201922,4308007167863000,1,[np.int64(0)],1,renovacion_mismatch
201924,4308007167563000,1,[np.int64(0)],1,renovacion_mismatch
201925,92734135-61393016,1,[np.int64(0)],1,renovacion_mismatch
201926,4308007164472000,1,[np.int64(0)],1,renovacion_mismatch
201931,4308007164656000,1,[np.int64(0)],1,renovacion_mismatch
201932,4308007164474000,1,[np.int64(0)],1,renovacion_mismatch
201934,4308007165510000,2,[np.int64(0)],1,renovacion_mismatch
201936,4308007161114000,1,[np.int64(0)],1,renovacion_mismatch
201937,92724802-613176061,1,[np.int64(0)],1,renovacion_mismatch
201938,430800162276000,1,[np.int64(0)],1,renovacion_mismatch
201940,4308007162018000,1,[np.int64(0)],1,renovacion_mismatch
201941,4308007162048000,1,[np.int64(0)],1,renovacion_mismatch
201945,4308007156917000,1,[np.int64(0)],1,renovacion_mismatch
201946,4308007156423000,1,[np.int64(0)],1,renovacion_mismatch
201950,4308007157775000,1,[np.int64(0)],1,renovacion_mismatch
201952,4308007158275000,2,[np.int64(0)],1,renovacion_mismatch
201953,4308007158824000,2,[np.int64(0)],1,renovacion_mismatch
201956,4308007153915000,1,[np.int64(0)],1,renovacion_mismatch
201962,92712002-613152212,1,[np.int64(0)],1,renovacion_mismatch
201963,92711792-61315781,1,[np.int64(0)],1,renovacion_mismatch
201964,92711682-61351573,2,[np.int64(0)],1,renovacion_mismatch
201966,4308007148199000,1,[np.int64(0)],1,renovacion_mismatch
201970,4308007150691000,1,[np.int64(0)],1,renovacion_mismatch
201976,4308007148134000,1,[np.int64(0)],1,renovacion_mismatch
201980,4308007150011000,1,[np.int64(0)],1,renovacion_mismatch
201982,4308007149228000,1,[np.int64(0)],1,renovacion_mismatch
201983,4308007149060000,1,[np.int64(0)],1,renovacion_mismatch
201984,4308007148429000,1,[np.int64(0)],1,renovacion_mismatch
201992,4308007145691000,2,[np.int64(0)],1,renovacion_mismatch
201993,4308007145839000,1,[np.int64(0)],1,renovacion_mismatch
201998,4308007143201000,1,[np.int64(0)],1,renovacion_mismatch
202000,4308007142966000,1,[np.int64(0)],1,renovacion_mismatch
202006,4308007139686000,1,[np.int64(0)],1,renovacion_mismatch
202009,4308007142195000,1,[np.int64(0)],1,renovacion_mismatch
202011,4308007142035000,1,[np.int64(0)],1,renovacion_mismatch
202012,4308007142424000,1,[np.int64(0)],1,renovacion_mismatch
202016,92674786-613098656,1,[np.int64(0)],1,renovacion_mismatch
202022,4308007138124000,1,[np.int64(0)],1,renovacion_mismatch
202028,4308007134532000,1,[np.int64(0)],1,renovacion_mismatch
202029,4308007135043000,1,[np.int64(0)],1,renovacion_mismatch
202030,14289414669450,1,[np.int64(0)],1,renovacion_mismatch
202035,101001000,4,[np.int64(0)],2,renovacion_mismatch
202036,101000985,4,[np.int64(0)],2,renovacion_mismatch
202037,101001001,5,[np.int64(0)],1,renovacion_mismatch
202041,9266548-613082955,1,[np.int64(0)],1,renovacion_mismatch
202042,92667047-613083871,1,[np.int64(0)],1,renovacion_mismatch
202045,92664011-613077822,1,[np.int64(0)],1,renovacion_mismatch
202047,4308007129227000,2,[np.int64(0)],1,renovacion_mismatch
202049,14289414656860,1,[np.int64(0)],1,renovacion_mismatch
202053,4308007129753000,1,[np.int64(0)],1,renovacion_mismatch
202054,101000984,4,[np.int64(0)],2,renovacion_mismatch
202057,PI292208,4,[np.int64(0)],1,renovacion_mismatch
202059,1408004221166000,4,[np.int64(0)],1,renovacion_mismatch
202060,1408004221165000,4,[np.int64(0)],1,renovacion_mismatch
202061,1408004221164000,3,[np.int64(0)],1,renovacion_mismatch
202062,10565200483540,3,[np.int64(0)],1,renovacion_mismatch
202063,10565200483550,3,[np.int64(0)],1,renovacion_mismatch
202064,14289414662650,1,[np.int64(0)],1,renovacion_mismatch
202066,4308007106632000 NR,1,[np.int64(0)],1,renovacion_mismatch
202067,1508006410681000 NR,1,[np.int64(0)],1,renovacion_mismatch
202068,1408004220930000 NR,1,[np.int64(0)],1,renovacion_mismatch
202069,2050014630203,2,[np.int64(0)],9,renovacion_mismatch
202070,4308007127136000,1,[np.int64(0)],1,renovacion_mismatch
202072,92655507-613062399,2,[np.int64(0)],1,renovacion_mismatch
202076,92643669-613046078,1,[np.int64(0)],1,renovacion_mismatch
202079,4308007122716000,1,[np.int64(0)],1,renovacion_mismatch
202081,92653137-613058442,1,[np.int64(0)],1,renovacion_mismatch
202082,4308007125283000,1,[np.int64(0)],1,renovacion_mismatch
202086,4308007120112000,1,[np.int64(0)],1,renovacion_mismatch
202087,4308007120194000,1,[np.int64(0)],1,renovacion_mismatch
202088,4308007120496000,1,[np.int64(0)],1,renovacion_mismatch
202095,91505940 NR,1,[np.int64(0)],1,renovacion_mismatch
202098,1000005162,5,[np.int64(0)],25,renovacion_mismatch
202101,92640621-613040102,1,[np.int64(0)],1,renovacion_mismatch
202108,4308007112504000,1,[np.int64(0)],1,renovacion_mismatch
202114,4308005676764000 NR,1,[np.int64(0)],1,renovacion_mismatch
202116,4308007107148000,1,[np.int64(0)],1,renovacion_mismatch
202120,4308007108377000,1,[np.int64(0)],1,renovacion_mismatch
202121,92629897-613006417,1,[np.int64(0)],1,renovacion_mismatch
202123,994000000125,4,[np.int64(0)],1,renovacion_mismatch
202125,92630164-613006862,1,[np.int64(0)],1,renovacion_mismatch
202126,92627883-613002927,1,[np.int64(0)],1,renovacion_mismatch
202128,4308007105968000,1,[np.int64(0)],1,renovacion_mismatch
202129,4308007103382000,1,[np.int64(0)],1,renovacion_mismatch
202131,4308007106230000,1,[np.int64(0)],1,renovacion_mismatch
202132,43080071062126000,1,[np.int64(0)],1,renovacion_mismatch
202135,4308007103377000,1,[np.int64(0)],1,renovacion_mismatch
202139,430800566541000 NR,1,[np.int64(0)],1,renovacion_mismatch
202140,4308005675110000 NR,2,[np.int64(0)],1,renovacion_mismatch
202141,4308005673144000 NR,1,[np.int64(0)],1,renovacion_mismatch
202142,14289410237850 NR,1,[np.int64(0)],1,renovacion_mismatch
202145,4308007099954000,1,[np.int64(0)],1,renovacion_mismatch
202147,4308007099922000,1,[np.int64(0)],1,renovacion_mismatch
202148,430800799736000,4,[np.int64(0)],1,renovacion_mismatch
202152,4308007103304000,1,[np.int64(0)],1,renovacion_mismatch
202154,4308007103520000,1,[np.int64(0)],1,renovacion_mismatch
202155,92572742-612948146,1,[np.int64(0)],1,renovacion_mismatch
202160,4308007097035000,1,[np.int64(0)],1,renovacion_mismatch
202168,4308007093438000,1,[np.int64(0)],1,renovacion_mismatch
202169,4308007093450000,1,[np.int64(0)],1,renovacion_mismatch
202178,92585793-912949925,1,[np.int64(0)],1,renovacion_mismatch
202179,4308007092618000,1,[np.int64(0)],1,renovacion_mismatch
202181,92572140-612947167,6,[np.int64(0)],1,renovacion_mismatch
202184,4308007092479000,1,[np.int64(0)],1,renovacion_mismatch
202185,4308005665458000NR,2,[np.int64(0)],1,renovacion_mismatch
202186,10565200479690,3,[np.int64(0)],1,renovacion_mismatch
202190,4308007090290000,1,[np.int64(0)],1,renovacion_mismatch
202193,4308007088326000,1,[np.int64(0)],1,renovacion_mismatch
202194,4308007088460000,2,[np.int64(0)],1,renovacion_mismatch
202195,4308007084568000,1,[np.int64(0)],1,renovacion_mismatch
202196,1000005159,1,[np.int64(0)],1,renovacion_mismatch
202197,101000583,1,[np.int64(0)],1,renovacion_mismatch
202201,PI290506,1,[np.int64(0)],1,renovacion_mismatch
202202,4308005626330000 NR,1,[np.int64(0)],1,renovacion_mismatch
202203,4308005623810000 NR,1,[np.int64(0)],1,renovacion_mismatch
202204,4308005649098000NR,1,[np.int64(0)],1,renovacion_mismatch
202205,4308007080802000,1,[np.int64(0)],1,renovacion_mismatch
202207,14289414472420,1,[np.int64(0)],1,renovacion_mismatch
202213,4308007083472000,1,[np.int64(0)],1,renovacion_mismatch
202216,3016003,5,[np.int64(0)],10,renovacion_mismatch
202217,R51405,1,[np.int64(0)],10,renovacion_mismatch
202220,4308007081148000,1,[np.int64(0)],1,renovacion_mismatch
202224,4308007081531000,1,[np.int64(0)],1,renovacion_mismatch
202228,4308007077002000,1,[np.int64(0)],1,renovacion_mismatch
202231,4308007077291000,1,[np.int64(0)],1,renovacion_mismatch
202238,43080070760630000,1,[np.int64(0)],1,renovacion_mismatch
202239,10565200478790,4,[np.int64(0)],1,renovacion_mismatch
202241,92537191-612892663,5,[np.int64(0)],1,renovacion_mismatch
202242,92534907-612887655,1,[np.int64(0)],1,renovacion_mismatch
202243,92537385-612892985,2,[np.int64(0)],1,renovacion_mismatch
202254,4308007073200000,1,[np.int64(0)],1,renovacion_mismatch
202256,4308007067849000,1,[np.int64(0)],1,renovacion_mismatch
202257,4308007068807000,1,[np.int64(0)],1,renovacion_mismatch
202258,438007068748000,1,[np.int64(0)],1,renovacion_mismatch
202260,4308007069225000,1,[np.int64(0)],1,renovacion_mismatch
202262,1000106,1,[np.int64(0)],10,renovacion_mismatch
202264,4308007074326000,4,[np.int64(0)],1,renovacion_mismatch
202265,1408004220207000,2,[np.int64(0)],1,renovacion_mismatch
202266,1408004220209000,2,[np.int64(0)],1,renovacion_mismatch
202267,1408004220210000,2,[np.int64(0)],1,renovacion_mismatch
202268,1408004220211000,2,[np.int64(0)],1,renovacion_mismatch
202269,4308007067850000,1,[np.int64(0)],1,renovacion_mismatch
202272,10565200477890,1,[np.int64(0)],1,renovacion_mismatch
202274,4308007067693000,1,[np.int64(0)],1,renovacion_mismatch
202278,92145087-612855438,1,[np.int64(0)],1,renovacion_mismatch
202279,4308007065168000,1,[np.int64(0)],1,renovacion_mismatch
202284,1408004220205000,2,[np.int64(0)],1,renovacion_mismatch
202285,4308007060833000,1,[np.int64(0)],1,renovacion_mismatch
202291,4308007061271000,2,[np.int64(0)],1,renovacion_mismatch
202298,92132044-61282782,1,[np.int64(0)],1,renovacion_mismatch
202302,4308007060419000,1,[np.int64(0)],1,renovacion_mismatch
202305,43080070526400000,1,[np.int64(0)],1,renovacion_mismatch
202313,4308007056007000,1,[np.int64(0)],1,renovacion_mismatch
202315,4308007054496000,1,[np.int64(0)],1,renovacion_mismatch
202323,430800705222000,1,[np.int64(0)],1,renovacion_mismatch
202324,4308007052475000,1,[np.int64(0)],1,renovacion_mismatch
202331,92106703-612801090,1,[np.int64(0)],1,renovacion_mismatch
202334,4308007048053000,3,[np.int64(0)],1,renovacion_mismatch
202335,4308007048319000,1,[np.int64(0)],1,renovacion_mismatch
202336,43080056100644000,2,[np.int64(0)],1,renovacion_mismatch
202337,4308007047754000,1,[np.int64(0)],1,renovacion_mismatch
202340,43080070490780000,1,[np.int64(0)],1,renovacion_mismatch
202343,4308007048445000,1,[np.int64(0)],1,renovacion_mismatch
202352,4308007043153000,1,[np.int64(0)],1,renovacion_mismatch
202357,1408004219775000,3,[np.int64(0)],1,renovacion_mismatch
202358,1408004219778000,6,[np.int64(0)],1,renovacion_mismatch
202359,1000107,5,[np.int64(0)],1,renovacion_mismatch
202366,4308007039178000,1,[np.int64(0)],1,renovacion_mismatch
202373,92094167-612775968,1,[np.int64(0)],1,renovacion_mismatch
202375,2000638278,2,[np.int64(0)],1,renovacion_mismatch
202377,1408004219625000 NR,1,[np.int64(0)],1,renovacion_mismatch
202379,4308007038813000,1,[np.int64(0)],1,renovacion_mismatch
202382,10565200475020,4,[np.int64(0)],1,renovacion_mismatch
202383,10565200475010,4,[np.int64(0)],1,renovacion_mismatch
202390,4308007036491000,1,[np.int64(0)],1,renovacion_mismatch
202398,4308007033085000,1,[np.int64(0)],1,renovacion_mismatch
202399,4308007033662000,1,[np.int64(0)],1,renovacion_mismatch
202406,4308007032952000,1,[np.int64(0)],1,renovacion_mismatch
202408,10565200473290,4,[np.int64(0)],1,renovacion_mismatch
202414,4308007029574000,1,[np.int64(0)],1,renovacion_mismatch
202416,4308007029703000,1,[np.int64(0)],1,renovacion_mismatch
202419,10565200474140,1,[np.int64(0)],1,renovacion_mismatch
202421,92071859-612737876,1,[np.int64(0)],1,renovacion_mismatch
202422,994000000118,5,[np.int64(0)],2,renovacion_mismatch
202427,1000167-35,4,[np.int64(0)],5,renovacion_mismatch
202435,4308007026010000,1,[np.int64(0)],1,renovacion_mismatch
202436,4308007025719000,1,[np.int64(0)],1,renovacion_mismatch
202452,300000083,1,[np.int64(0)],1,renovacion_mismatch
202453,101000504-1,1,[np.int64(0)],1,renovacion_mismatch
202458,PE222484,4,[np.int64(0)],5,renovacion_mismatch
202459,10565200474610,4,[np.int64(0)],1,renovacion_mismatch
202460,1408004219423000,4,[np.int64(0)],1,renovacion_mismatch
202464,92009473-612708887,1,[np.int64(0)],1,renovacion_mismatch
202468,4308007015124000,1,[np.int64(0)],1,renovacion_mismatch
202472,101000985-3,4,[np.int64(0)],1,renovacion_mismatch
202474,1901125001448,3,[np.int64(0)],1,renovacion_mismatch
202481,2000414197,2,[np.int64(0)],25,renovacion_mismatch
202493,1408004219228000,1,[np.int64(0)],1,renovacion_mismatch
202504,101006143-4,4,[np.int64(0)],1,renovacion_mismatch
202505,2000426337,1,[np.int64(0)],20,renovacion_mismatch
202522,3015933,5,[np.int64(0)],1,renovacion_mismatch
202523,4308007002155000,1,[np.int64(0)],1,renovacion_mismatch
202524,4308007000708000,1,[np.int64(0)],1,renovacion_mismatch
202573,1408004218274000,6,[np.int64(0)],1,renovacion_mismatch
202574,1408004218275000,6,[np.int64(0)],1,renovacion_mismatch
202575,14080042118277000,6,[np.int64(0)],1,renovacion_mismatch
202576,1408004218279000,6,[np.int64(0)],1,renovacion_mismatch
202577,1408004218281000,6,[np.int64(0)],1,renovacion_mismatch
202578,14080004218282000,6,[np.int64(0)],1,renovacion_mismatch
202579,1408004218283000,6,[np.int64(0)],1,renovacion_mismatch
202580,1408004218284000,6,[np.int64(0)],1,renovacion_mismatch
202582,1408004218286000,6,[np.int64(0)],1,renovacion_mismatch
202583,1408004217906000,6,[np.int64(0)],1,renovacion_mismatch
202584,1408004217904000,6,[np.int64(0)],1,renovacion_mismatch
202585,1408004217922000,6,[np.int64(0)],1,renovacion_mismatch
202587,1408004217918000,6,[np.int64(0)],1,renovacion_mismatch
202589,1408004217920000,6,[np.int64(0)],1,renovacion_mismatch
202590,1408004218272000,6,[np.int64(0)],1,renovacion_mismatch
202591,1408004218273000,6,[np.int64(0)],1,renovacion_mismatch
202593,1408004217970000,6,[np.int64(0)],1,renovacion_mismatch
202594,1408004217975000,6,[np.int64(0)],1,renovacion_mismatch
202595,1408004217977000,6,[np.int64(0)],1,renovacion_mismatch
202596,1408004217979000,6,[np.int64(0)],1,renovacion_mismatch
202597,1408004217982000,6,[np.int64(0)],1,renovacion_mismatch
202598,1408004217912000,6,[np.int64(0)],1,renovacion_mismatch
202599,1408004217908000,6,[np.int64(0)],1,renovacion_mismatch
202600,140800421791600,6,[np.int64(0)],1,renovacion_mismatch
202601,1408004217914000,6,[np.int64(0)],1,renovacion_mismatch
202602,1408004217911000,6,[np.int64(0)],1,renovacion_mismatch
202606,1408004217830000,6,[np.int64(0)],1,renovacion_mismatch
202607,1408004217829000,6,[np.int64(0)],1,renovacion_mismatch
202608,1408004217961000,6,[np.int64(0)],1,renovacion_mismatch
202609,1408004217962000,6,[np.int64(0)],1,renovacion_mismatch
202610,1408004217963000,6,[np.int64(0)],1,renovacion_mismatch
202611,1408004217964000,6,[np.int64(0)],1,renovacion_mismatch
202612,1408004217966000,6,[np.int64(0)],1,renovacion_mismatch
202613,1408004217831000,6,[np.int64(0)],1,renovacion_mismatch
202615,1408004217827000,6,[np.int64(0)],1,renovacion_mismatch
202617,1408004217835000,6,[np.int64(0)],1,renovacion_mismatch
202618,1408004217837000,6,[np.int64(0)],1,renovacion_mismatch
202619,1408004217834000,6,[np.int64(0)],1,renovacion_mismatch
202620,1408004217832000,6,[np.int64(0)],1,renovacion_mismatch
202623,1408004218177000,6,[np.int64(0)],1,renovacion_mismatch
202624,140800421818000,6,[np.int64(0)],1,renovacion_mismatch
202625,140800421818200,6,[np.int64(0)],1,renovacion_mismatch
202626,1408004218184000,6,[np.int64(0)],1,renovacion_mismatch
202627,1408004218185000,6,[np.int64(0)],1,renovacion_mismatch
202629,1408004218187000,6,[np.int64(0)],1,renovacion_mismatch
202630,1408004217840000,6,[np.int64(0)],1,renovacion_mismatch
202631,14080042178360000,6,[np.int64(0)],1,renovacion_mismatch
202633,1408004218165000,6,[np.int64(0)],1,renovacion_mismatch
202635,1408004218169000,6,[np.int64(0)],1,renovacion_mismatch
202636,1408004218172000,6,[np.int64(0)],1,renovacion_mismatch
202637,1408004218173000,6,[np.int64(0)],1,renovacion_mismatch
202641,1408004218175000,6,[np.int64(0)],1,renovacion_mismatch
202642,1408004218176000,6,[np.int64(0)],1,renovacion_mismatch
202646,1000099,2,[np.int64(0)],2,renovacion_mismatch
202648,9195269-612597203,3,[np.int64(0)],1,renovacion_mismatch
202649,2050360018805,4,[np.int64(0)],1,renovacion_mismatch
202650,148004218163000,6,[np.int64(0)],1,renovacion_mismatch
202651,1408004218161000,6,[np.int64(0)],1,renovacion_mismatch
202652,1408004218164000,6,[np.int64(0)],1,renovacion_mismatch
202663,91936763-612573287,1,[np.int64(0)],1,renovacion_mismatch
202669,91941233-612581715,1,[np.int64(0)],1,renovacion_mismatch
202673,1408004218679000,3,[np.int64(0)],1,renovacion_mismatch
202676,10565200468720,1,[np.int64(0)],1,renovacion_mismatch
202678,91933588-612567487,1,[np.int64(0)],1,renovacion_mismatch
202686,4308006972095000,1,[np.int64(0)],1,renovacion_mismatch
202690,4308006971710000,1,[np.int64(0)],1,renovacion_mismatch
202692,1408004218681000,3,[np.int64(0)],1,renovacion_mismatch
202695,4308006967949000,1,[np.int64(0)],1,renovacion_mismatch
202696,91925701-612552763,1,[np.int64(0)],1,renovacion_mismatch
202697,4308006968493000,1,[np.int64(0)],1,renovacion_mismatch
202700,4308006970279000,1,[np.int64(0)],1,renovacion_mismatch
202719,91803403-612837634,1,[np.int64(0)],1,renovacion_mismatch
202725,91800173-612531531,1,[np.int64(0)],1,renovacion_mismatch
202726,91796639-612526638,1,[np.int64(0)],1,renovacion_mismatch
202733,1000102,1,[np.int64(0)],11,renovacion_mismatch
202747,4308006959628000,1,[np.int64(0)],1,renovacion_mismatch
202748,430800695389000,1,[np.int64(0)],1,renovacion_mismatch
202769,4308006950508000,1,[np.int64(0)],1,renovacion_mismatch
202777,91706591-612466120,1,[np.int64(0)],1,renovacion_mismatch
202779,91715877-612474891,1,[np.int64(0)],1,renovacion_mismatch
202814,1000005144,1,[np.int64(0)],2,renovacion_mismatch
202817,PI285876,3,[np.int64(0)],10,renovacion_mismatch
202840,10565200465110,2,[np.int64(0)],1,renovacion_mismatch
202842,4308006932340000,1,[np.int64(0)],1,renovacion_mismatch
202846,91681579-61241850,2,[np.int64(0)],1,renovacion_mismatch
202862,994000000109,4,[np.int64(0)],2,renovacion_mismatch
202866,101007576,1,[np.int64(0)],1,renovacion_mismatch
202872,101007055-2,5,[np.int64(0)],4,renovacion_mismatch
202875,4308006919067000,1,[np.int64(0)],1,renovacion_mismatch
202877,1901121001860-6,4,[np.int64(0)],4,renovacion_mismatch
202885,1408004217693000,6,[np.int64(0)],1,renovacion_mismatch
202886,1408004217691000,6,[np.int64(0)],1,renovacion_mismatch
202887,1408004217692000,6,[np.int64(0)],1,renovacion_mismatch
202888,1408004217695000,6,[np.int64(0)],1,renovacion_mismatch
202905,AA006084,5,[np.int64(0)],5,renovacion_mismatch
202906,101005294-6,5,[np.int64(0)],3,renovacion_mismatch
202908,4308006911459000,2,[np.int64(0)],1,renovacion_mismatch
202909,4308006910779000,2,[np.int64(0)],1,renovacion_mismatch
202910,994000000259-4,5,[np.int64(0)],1,renovacion_mismatch
202914,4308006908583000,2,[np.int64(0)],1,renovacion_mismatch
202928,101007381-1,1,[np.int64(0)],1,renovacion_mismatch
202937,10565200462610,3,[np.int64(0)],1,renovacion_mismatch
202942,1000101,1,[np.int64(0)],6,renovacion_mismatch
202953,10565200462350,3,[np.int64(0)],1,renovacion_mismatch
202954,4308006895951000,1,[np.int64(0)],1,renovacion_mismatch
202972,10565200462360,6,[np.int64(0)],1,renovacion_mismatch
202976,4308006892907000,1,[np.int64(0)],1,renovacion_mismatch
203013,10565200460750,2,[np.int64(0)],1,renovacion_mismatch
203026,4308006877909000,1,[np.int64(0)],1,renovacion_mismatch
203031,105652004460760,1,[np.int64(0)],1,renovacion_mismatch
203032,10565200458050,1,[np.int64(0)],1,renovacion_mismatch
203033,1000096,3,[np.int64(0)],1,renovacion_mismatch
203034,1000097,1,[np.int64(0)],2,renovacion_mismatch
203036,994000000102,1,[np.int64(0)],10,renovacion_mismatch
203037,1408004216924000,2,[np.int64(0)],1,renovacion_mismatch
203043,1408004216826000,1,[np.int64(0)],1,renovacion_mismatch
203052,101007378-1,1,[np.int64(0)],3,renovacion_mismatch
203059,1408004216822000,3,[np.int64(0)],1,renovacion_mismatch
203060,1408004216821000,3,[np.int64(0)],1,renovacion_mismatch
203061,140800421619000,3,[np.int64(0)],1,renovacion_mismatch
203062,1408004216827000,1,[np.int64(0)],1,renovacion_mismatch
203066,4308006862823000,1,[np.int64(0)],1,renovacion_mismatch
203083,4308006854320000,1,[np.int64(0)],1,renovacion_mismatch
203085,4308006854582000,1,[np.int64(0)],1,renovacion_mismatch
203091,PE246780,2,[np.int64(0)],2,renovacion_mismatch
203093,AB000225,2,[np.int64(0)],20,renovacion_mismatch
203113,1408004216378000,6,[np.int64(0)],1,renovacion_mismatch
203122,4308006848179000,1,[np.int64(0)],1,renovacion_mismatch
203129,10565200457100,3,[np.int64(0)],1,renovacion_mismatch
203130,4308006844557000,1,[np.int64(0)],1,renovacion_mismatch
203131,10565200457000,6,[np.int64(0)],1,renovacion_mismatch
203132,1408004216379000,6,[np.int64(0)],1,renovacion_mismatch
203162,4308006835343000,1,[np.int64(0)],1,renovacion_mismatch
203165,1000004947,3,[np.int64(0)],1,renovacion_mismatch
203183,1000004984,3,[np.int64(0)],1,renovacion_mismatch
203184,1000004894,1,[np.int64(0)],2,renovacion_mismatch
203186,1408004216138000,1,[np.int64(0)],1,renovacion_mismatch
203187,1408004216137000,1,[np.int64(0)],1,renovacion_mismatch
203201,1000004940,3,[np.int64(0)],3,renovacion_mismatch
203202,1000005069,2,[np.int64(0)],3,renovacion_mismatch
203206,1000004939,1,[np.int64(0)],1,renovacion_mismatch
203208,1000004920,3,[np.int64(0)],8,renovacion_mismatch
203228,4308006824694000,1,[np.int64(0)],1,renovacion_mismatch
203229,10565200455590,1,[np.int64(0)],1,renovacion_mismatch
203233,1000004817,2,[np.int64(0)],7,renovacion_mismatch
203235,1408004216023000,3,[np.int64(0)],1,renovacion_mismatch
203240,1000005118,1,[np.int64(0)],1,renovacion_mismatch
203241,101000967,3,[np.int64(0)],1,renovacion_mismatch
203242,101000982,2,[np.int64(0)],1,renovacion_mismatch
203246,4308005343275000NR,1,[np.int64(0)],1,renovacion_mismatch
203247,1000005116,2,[np.int64(0)],15,renovacion_mismatch
203248,1000005060,1,[np.int64(0)],1,renovacion_mismatch
203249,1508006241352000NR,1,[np.int64(0)],1,renovacion_mismatch
203251,4308006821508000,1,[np.int64(0)],1,renovacion_mismatch
203253,1000005111,1,[np.int64(0)],1,renovacion_mismatch
203254,1000005112,1,[np.int64(0)],1,renovacion_mismatch
203255,1000092,2,[np.int64(0)],5,renovacion_mismatch
203269,2050330921201,2,[np.int64(0)],1,renovacion_mismatch
203271,1000004905,3,[np.int64(0)],3,renovacion_mismatch
203280,1000005095,1,[np.int64(0)],3,renovacion_mismatch
203285,4308006807224000,1,[np.int64(0)],1,renovacion_mismatch
203299,4308006809721000,1,[np.int64(0)],1,renovacion_mismatch
203301,4308006807487000,1,[np.int64(0)],1,renovacion_mismatch
203302,4308006808824000,1,[np.int64(0)],1,renovacion_mismatch
203305,4308006803272000,2,[np.int64(0)],1,renovacion_mismatch
203306,1000004902,1,[np.int64(0)],1,renovacion_mismatch
203315,2000552692,2,[np.int64(0)],1,renovacion_mismatch
203317,4308006803212000,2,[np.int64(0)],1,renovacion_mismatch
203319,1000005058,1,[np.int64(0)],1,renovacion_mismatch
203326,10565200453470,3,[np.int64(0)],1,renovacion_mismatch
203329,4308006800351000,1,[np.int64(0)],1,renovacion_mismatch
203330,430800679968400,1,[np.int64(0)],1,renovacion_mismatch
203332,4308006799543000,1,[np.int64(0)],1,renovacion_mismatch
203335,4308006796951000,1,[np.int64(0)],1,renovacion_mismatch
203342,4308006799064000,3,[np.int64(0)],1,renovacion_mismatch
203344,1000005073,4,[np.int64(0)],7,renovacion_mismatch
203345,8901147235001,1,[np.int64(0)],1,renovacion_mismatch
203351,2000556671,1,[np.int64(0)],4,renovacion_mismatch
203352,2000556672,2,[np.int64(0)],5,renovacion_mismatch
203354,4308006790393000,1,[np.int64(0)],1,renovacion_mismatch
203355,3015707,1,[np.int64(0)],1,renovacion_mismatch
203356,4308006787796000,1,[np.int64(0)],1,renovacion_mismatch
203363,2050330554005,3,[np.int64(0)],1,renovacion_mismatch
203364,101005647-4,3,[np.int64(0)],1,renovacion_mismatch
203365,101000977,2,[np.int64(0)],1,renovacion_mismatch
203366,101000962,2,[np.int64(0)],5,renovacion_mismatch
203367,1000081,1,[np.int64(0)],9,renovacion_mismatch
203368,PI278578,4,[np.int64(0)],1,renovacion_mismatch
203369,2050330740103,2,[np.int64(0)],1,renovacion_mismatch
203374,2050330754803,2,[np.int64(0)],1,renovacion_mismatch
203377,994000000093,1,[np.int64(0)],11,renovacion_mismatch
203380,91386397-612068550,1,[np.int64(0)],1,renovacion_mismatch
203389,10100737,1,SIN CARTERA,0,sin_cartera
203395,1000043,2,[np.int64(0)],2,renovacion_mismatch
203403,994000000091,3,[np.int64(0)],11,renovacion_mismatch
203404,10565200451720,3,[np.int64(0)],1,renovacion_mismatch
203408,4308006775982000,1,[np.int64(0)],1,renovacion_mismatch
203411,4308006776522000,1,[np.int64(0)],1,renovacion_mismatch
203413,4308006769740000,1,[np.int64(0)],1,renovacion_mismatch
203421,91372291-612041695,1,[np.int64(0)],1,renovacion_mismatch
203425,4308006767387000,1,[np.int64(0)],1,renovacion_mismatch
203426,91256934-612031036,1,[np.int64(0)],1,renovacion_mismatch
203427,4308006768717900,1,[np.int64(0)],1,renovacion_mismatch
203431,1000801,5,[np.int64(0)],1,renovacion_mismatch
203432,1000802,5,[np.int64(0)],1,renovacion_mismatch
203433,4308006762608000,1,[np.int64(0)],1,renovacion_mismatch
203438,4308006763956000,1,[np.int64(0)],1,renovacion_mismatch
203439,4308006764447000,1,[np.int64(0)],1,renovacion_mismatch
203441,430800676684000,1,[np.int64(0)],1,renovacion_mismatch
203443,4308006764678000,1,[np.int64(0)],1,renovacion_mismatch
203446,4308006762315000,1,[np.int64(0)],1,renovacion_mismatch
203447,AB000207,2,[np.int64(0)],13,renovacion_mismatch
203448,4308006762446000,1,[np.int64(0)],1,renovacion_mismatch
203451,4308006762595000,1,[np.int64(0)],1,renovacion_mismatch
203460,1000004996,2,[np.int64(0)],2,renovacion_mismatch
203461,0002,4,[np.int64(0)],6,renovacion_mismatch
203463,91247011-612010549,3,[np.int64(0)],1,renovacion_mismatch
203468,4308006757868000,1,[np.int64(0)],1,renovacion_mismatch
203469,4308006756350000,1,[np.int64(0)],1,renovacion_mismatch
203474,4308006753024000,1,[np.int64(0)],1,renovacion_mismatch
203476,4308006755612000,1,[np.int64(0)],1,renovacion_mismatch
203477,4308006753363000,1,[np.int64(0)],1,renovacion_mismatch
203478,4308006754732000,1,[np.int64(0)],1,renovacion_mismatch
203479,1408004214906000,1,[np.int64(0)],1,renovacion_mismatch
203483,4308006748825000,2,[np.int64(0)],1,renovacion_mismatch
203488,4308006748169000,1,[np.int64(0)],1,renovacion_mismatch
203491,91239241-611994283,1,[np.int64(0)],1,renovacion_mismatch
203495,4308006748997000,1,[np.int64(0)],1,renovacion_mismatch
203499,4308006748667000,1,[np.int64(0)],1,renovacion_mismatch
203507,4308006745688000,1,[np.int64(0)],1,renovacion_mismatch
203515,1000000715-5,5,[np.int64(0)],2,renovacion_mismatch
203528,4308006741446000,1,[np.int64(0)],1,renovacion_mismatch
203530,1000005061,4,[np.int64(0)],1,renovacion_mismatch
203553,105000229,1,[np.int64(0)],1,renovacion_mismatch
203558,3015606,1,[np.int64(0)],9,renovacion_mismatch
203606,4308006729095000,1,[np.int64(0)],1,renovacion_mismatch
203620,1408004214549000,1,[np.int64(0)],1,renovacion_mismatch
203651,4308006724010000,1,[np.int64(0)],1,renovacion_mismatch
203653,4308006726063000,1,[np.int64(0)],1,renovacion_mismatch
203658,1000004778,4,[np.int64(0)],14,renovacion_mismatch
203667,3015657,4,[np.int64(0)],3,renovacion_mismatch
203695,1000004775,5,[np.int64(0)],2,renovacion_mismatch
203703,101000367-2,2,[np.int64(0)],5,renovacion_mismatch
203709,1000005002,1,[np.int64(0)],1,renovacion_mismatch
203710,1000004997,2,[np.int64(0)],1,renovacion_mismatch
203715,4308006721579000,1,[np.int64(0)],1,renovacion_mismatch
203716,4308006721507000,1,[np.int64(0)],1,renovacion_mismatch
203742,4308006718914000,1,[np.int64(0)],1,renovacion_mismatch
203743,4308006718539000,1,[np.int64(0)],1,renovacion_mismatch
203760,2050500078806,2,[np.int64(0)],12,renovacion_mismatch
203761,4308006716896000,1,[np.int64(0)],1,renovacion_mismatch
203767,1000004967,1,[np.int64(0)],72,renovacion_mismatch
203773,802072376,1,[np.int64(0)],1,renovacion_mismatch
203775,AB000079,2,[np.int64(0)],3,renovacion_mismatch
203777,101000221-6,3,[np.int64(0)],3,renovacion_mismatch
203782,1000005026,1,[np.int64(0)],2,renovacion_mismatch
203788,101000369-2,4,[np.int64(0)],10,renovacion_mismatch
203789,101000365-2,2,[np.int64(0)],11,renovacion_mismatch
203791,994000001682,1,[np.int64(0)],1,renovacion_mismatch
203795,4308006711273000,1,[np.int64(0)],1,renovacion_mismatch
203838,4308006705011000,1,[np.int64(0)],1,renovacion_mismatch
203857,4308006701718000,1,[np.int64(0)],1,renovacion_mismatch
203859,4308006702451000,1,[np.int64(0)],1,renovacion_mismatch
203862,994000001567,1,[np.int64(0)],2,renovacion_mismatch
203863,PE243364,2,[np.int64(0)],2,renovacion_mismatch
203864,994000001552,1,[np.int64(0)],1,renovacion_mismatch
203871,430800670151100,1,[np.int64(0)],1,renovacion_mismatch
203878,PI277829,2,[np.int64(0)],12,renovacion_mismatch
203880,PI277648,1,[np.int64(0)],10,renovacion_mismatch
203897,994000001665,1,[np.int64(0)],1,renovacion_mismatch
203910,4308006694109000,1,[np.int64(0)],1,renovacion_mismatch
203929,39058767,1,[np.int64(0)],1,renovacion_mismatch
203934,994000001662,1,[np.int64(0)],2,renovacion_mismatch
203935,994000007711,1,[np.int64(0)],2,renovacion_mismatch
203945,1000005027,1,[np.int64(0)],15,renovacion_mismatch
203972,4308006671912000,1,[np.int64(0)],1,renovacion_mismatch
203984,PE276955,5,[np.int64(0)],1,renovacion_mismatch
203985,AA005985,2,[np.int64(0)],51,renovacion_mismatch
203986,AA005986,4,[np.int64(0)],68,renovacion_mismatch
203987,AA000833,4,[np.int64(0)],6,renovacion_mismatch
203988,AA000832,3,[np.int64(0)],8,renovacion_mismatch
204002,90969538-611808729,2,[np.int64(0)],1,renovacion_mismatch
204003,10565200443240,1,[np.int64(0)],1,renovacion_mismatch
204006,4308006661137000,1,[np.int64(0)],1,renovacion_mismatch
204024,4308006657617000,1,[np.int64(0)],1,renovacion_mismatch
204026,4308006656152000,1,[np.int64(0)],1,renovacion_mismatch
204037,1000000846-2,2,[np.int64(0)],3,renovacion_mismatch
204038,PE276227,4,[np.int64(0)],1,renovacion_mismatch
204050,1408004213362000,1,[np.int64(0)],1,renovacion_mismatch
204060,1000004950,3,[np.int64(0)],1,renovacion_mismatch
204061,4308006647746000,1,[np.int64(0)],1,renovacion_mismatch
204062,1000004924,3,[np.int64(0)],1,renovacion_mismatch
204064,10565200441530,1,[np.int64(0)],1,renovacion_mismatch
204068,1408004213366000,1,[np.int64(0)],1,renovacion_mismatch
204069,10565200442060,5,[np.int64(0)],1,renovacion_mismatch
204074,4308006638818000,1,[np.int64(0)],1,renovacion_mismatch
204077,10565200441520,1,[np.int64(0)],1,renovacion_mismatch
204093,PE275861,4,[np.int64(0)],1,renovacion_mismatch
204113,4308006118961000,1,[np.int64(0)],1,renovacion_mismatch
204120,4308006629024000,1,[np.int64(0)],1,renovacion_mismatch
204121,4308006631199000,1,[np.int64(0)],1,renovacion_mismatch
204125,4308006121497000,1,[np.int64(0)],1,renovacion_mismatch
204127,4308008120269000,1,[np.int64(0)],1,renovacion_mismatch
204128,4308006120091000,3,[np.int64(0)],1,renovacion_mismatch
204141,4308006119399000,1,[np.int64(0)],1,renovacion_mismatch
204143,4308006620786000,1,[np.int64(0)],1,renovacion_mismatch
204147,4308006115909000,3,[np.int64(0)],1,renovacion_mismatch
204149,4308006115345000,1,[np.int64(0)],1,renovacion_mismatch
204167,4308006619482000,1,[np.int64(0)],1,renovacion_mismatch
204193,4308006612973000,1,[np.int64(0)],1,renovacion_mismatch
204218,2050330653904,3,[np.int64(0)],10,renovacion_mismatch
204219,1000004802,3,[np.int64(0)],6,renovacion_mismatch
204234,1000004859,4,[np.int64(0)],12,renovacion_mismatch
204241,10565200439050,1,[np.int64(0)],1,renovacion_mismatch
204243,PE213170,3,[np.int64(0)],3,renovacion_mismatch
204249,4308006598154000,1,[np.int64(0)],1,renovacion_mismatch
204277,4308006588628000,1,[np.int64(0)],1,renovacion_mismatch
204279,4308006587134000,3,[np.int64(0)],1,renovacion_mismatch
204285,101000361-2,4,[np.int64(0)],4,renovacion_mismatch
204298,PE274500,2,[np.int64(0)],1,renovacion_mismatch
204302,4308006579256000,1,[np.int64(0)],1,renovacion_mismatch
204304,4308006577491000,1,[np.int64(0)],1,renovacion_mismatch
204305,1408004212481000,1,[np.int64(0)],1,renovacion_mismatch
204308,4308006578447000,1,[np.int64(0)],1,renovacion_mismatch
204319,1408004212485000,1,[np.int64(0)],2,renovacion_mismatch
204324,4308006569970000,1,[np.int64(0)],1,renovacion_mismatch
204337,4308006562757000,1,[np.int64(0)],1,renovacion_mismatch
204345,4308006561194000,1,[np.int64(0)],1,renovacion_mismatch
204356,1000004863,1,[np.int64(0)],11,renovacion_mismatch
204357,1000004790,2,[np.int64(0)],8,renovacion_mismatch
204360,1408004212233000,1,[np.int64(0)],1,renovacion_mismatch
204373,430800654317000,1,[np.int64(0)],1,renovacion_mismatch
204382,101007320-2,1,[np.int64(0)],1,renovacion_mismatch
204385,4308006544351000,1,[np.int64(0)],1,renovacion_mismatch
204386,4308006542369000,1,[np.int64(0)],1,renovacion_mismatch
204399,4308006537465000,1,[np.int64(0)],1,renovacion_mismatch
204409,1000080,1,[np.int64(0)],1,renovacion_mismatch
204416,10565200434180,1,[np.int64(0)],1,renovacion_mismatch
204428,1000004901,1,[np.int64(0)],2,renovacion_mismatch
204436,10565200434170,2,[np.int64(0)],1,renovacion_mismatch
204438,2000456530,2,[np.int64(0)],23,renovacion_mismatch
204442,1000004896,2,[np.int64(0)],7,renovacion_mismatch
204455,1408004211747000,1,[np.int64(0)],1,renovacion_mismatch
204458,1000004785,3,[np.int64(0)],17,renovacion_mismatch
204472,1408004211575000,1,[np.int64(0)],1,renovacion_mismatch
204474,AA005414/AB004769,1,[np.int64(0)],1,renovacion_mismatch
204477,4308006515202000,1,[np.int64(0)],1,renovacion_mismatch
204482,101000866-2,2,[np.int64(0)],1,renovacion_mismatch
204483,101000880-2,2,[np.int64(0)],1,renovacion_mismatch
204484,3014789,1,[np.int64(0)],4,renovacion_mismatch
204486,4308006510542000,2,[np.int64(0)],1,renovacion_mismatch
204492,101000864-2,2,[np.int64(0)],1,renovacion_mismatch
204495,101000878-2,2,[np.int64(0)],1,renovacion_mismatch
204500,101006553-3,4,[np.int64(0)],1,renovacion_mismatch
204507,1901124000276-1,1,[np.int64(0)],1,renovacion_mismatch
204509,101000713,3,[np.int64(0)],1,renovacion_mismatch
204522,4308006492172000,1,[np.int64(0)],1,renovacion_mismatch
204525,1000004872,4,[np.int64(0)],3,renovacion_mismatch
204526,1000004877,5,[np.int64(0)],9,renovacion_mismatch
204528,1000004838,3,[np.int64(0)],1,renovacion_mismatch
204530,1000004833,4,[np.int64(0)],12,renovacion_mismatch
204536,PE272087,2,[np.int64(0)],10,renovacion_mismatch
204541,2000500848,1,[np.int64(0)],2,renovacion_mismatch
204542,1000004813,4,[np.int64(0)],12,renovacion_mismatch
204543,1000004816,1,[np.int64(0)],17,renovacion_mismatch
204545,1408004211302000,3,[np.int64(0)],1,renovacion_mismatch
204546,1408004211300000,3,[np.int64(0)],1,renovacion_mismatch
204547,1408004211301000,3,[np.int64(0)],1,renovacion_mismatch
204563,4308006474525000,1,[np.int64(0)],1,renovacion_mismatch
204573,1000004779,3,[np.int64(0)],8,renovacion_mismatch
204575,4308006467764000,1,[np.int64(0)],1,renovacion_mismatch
204581,1408004210892000,5,[np.int64(0)],1,renovacion_mismatch
204582,14299412598470,1,[np.int64(0)],1,renovacion_mismatch
204588,1000004849,2,[np.int64(0)],2,renovacion_mismatch
204589,4308006460356000,1,[np.int64(0)],1,renovacion_mismatch
204593,2050330749703,2,[np.int64(0)],21,renovacion_mismatch
204597,1408004210897000,2,[np.int64(0)],1,renovacion_mismatch
204598,1408004210894000,2,[np.int64(0)],1,renovacion_mismatch
204599,1408004210895000,5,[np.int64(0)],1,renovacion_mismatch
204600,1408004210893000,5,[np.int64(0)],1,renovacion_mismatch
204609,3015501,1,[np.int64(0)],1,renovacion_mismatch
204610,994000000062,2,[np.int64(0)],1,renovacion_mismatch
204611,1000004818,2,[np.int64(0)],5,renovacion_mismatch
204614,4308006441773000,1,[np.int64(0)],1,renovacion_mismatch
204620,4308006446882000,1,[np.int64(0)],1,renovacion_mismatch
204621,1000004772,2,[np.int64(0)],27,renovacion_mismatch
204627,1000004801,1,[np.int64(0)],6,renovacion_mismatch
204630,1000004815,1,[np.int64(0)],8,renovacion_mismatch
204631,4308006422197000,2,[np.int64(0)],1,renovacion_mismatch
204634,90479912,2,[np.int64(0)],1,renovacion_mismatch
204637,994000000059,2,[np.int64(0)],1,renovacion_mismatch
204638,1000088,4,[np.int64(0)],1,renovacion_mismatch
204640,994000000061,4,[np.int64(0)],1,renovacion_mismatch
204643,PE270099,3,[np.int64(0)],1,renovacion_mismatch
204648,90480436,2,[np.int64(0)],1,renovacion_mismatch
204669,1408004209985000,2,[np.int64(0)],1,renovacion_mismatch
204683,10565200425430,6,[np.int64(0)],1,renovacion_mismatch
204684,10565200424340,2,[np.int64(0)],1,renovacion_mismatch
204685,10565200424760,2,[np.int64(0)],1,renovacion_mismatch
204686,1408004209983000,2,[np.int64(0)],1,renovacion_mismatch
204687,1408004209978000,2,[np.int64(0)],1,renovacion_mismatch
204688,1408004209981000,2,[np.int64(0)],1,renovacion_mismatch
204700,101000465-1,1,[np.int64(0)],1,renovacion_mismatch
204703,4308006385608000,2,[np.int64(0)],1,renovacion_mismatch
204714,PE275140,3,[np.int64(0)],1,renovacion_mismatch
204715,PE268675,3,[np.int64(0)],1,renovacion_mismatch
204722,4308006367536000,1,[np.int64(0)],1,renovacion_mismatch
204736,101000466-1,1,[np.int64(0)],2,renovacion_mismatch
204760,4308006066130000,1,[np.int64(0)],1,renovacion_mismatch
204769,300000004-1,1,[np.int64(0)],1,renovacion_mismatch
204773,994000000052,4,[np.int64(0)],1,renovacion_mismatch
204775,1901124000152-1,1,[np.int64(0)],6,renovacion_mismatch
204783,4308006357907000,1,[np.int64(0)],1,renovacion_mismatch
204794,994000000049,3,[np.int64(0)],3,renovacion_mismatch
204795,AA005712-4,4,[np.int64(0)],2,renovacion_mismatch
204797,101002645-4,4,[np.int64(0)],2,renovacion_mismatch
204802,3015365,4,[np.int64(0)],3,renovacion_mismatch
204810,4308006321712000,1,[np.int64(0)],1,renovacion_mismatch
204811,4308006321793000,1,[np.int64(0)],1,renovacion_mismatch
204820,101005608-4,4,[np.int64(0)],3,renovacion_mismatch
204828,AB000210,2,[np.int64(0)],1,renovacion_mismatch
204829,105000210,4,[np.int64(0)],1,renovacion_mismatch
204830,101006420-3,3,[np.int64(0)],10,renovacion_mismatch
204831,2050330798002,1,[np.int64(0)],1,renovacion_mismatch
204834,4308006302386000,1,[np.int64(0)],1,renovacion_mismatch
204841,1000000835-2,2,[np.int64(0)],2,renovacion_mismatch
204842,2000364771/1803998287,1,[np.int64(0)],1,renovacion_mismatch
204843,2000496800,4,[np.int64(0)],1,renovacion_mismatch
204849,1000075,1,[np.int64(0)],1,renovacion_mismatch
204851,4308006289593000,2,[np.int64(0)],1,renovacion_mismatch
204853,1408004208593000,1,[np.int64(0)],1,renovacion_mismatch
204854,10565200416720,3,[np.int64(0)],1,renovacion_mismatch
204860,1408004208592000,6,[np.int64(0)],1,renovacion_mismatch
204861,1408004208591000,5,[np.int64(0)],1,renovacion_mismatch
204870,4308006267350000,1,[np.int64(0)],1,renovacion_mismatch
204871,1000079,4,[np.int64(0)],1,renovacion_mismatch
204873,2050330805802,1,[np.int64(0)],6,renovacion_mismatch
204875,90019311-611048611,2,[np.int64(0)],1,renovacion_mismatch
204878,4308006251225000,1,[np.int64(0)],1,renovacion_mismatch
204881,90174793-611080336,1,[np.int64(0)],1,renovacion_mismatch
204887,90011279-611034307,1,[np.int64(0)],1,renovacion_mismatch
204892,4308006238987000,2,[np.int64(0)],1,renovacion_mismatch
204896,1000004731,4,[np.int64(0)],37,renovacion_mismatch
204899,4308006230257000,2,[np.int64(0)],1,renovacion_mismatch
204903,4308006228310000,1,[np.int64(0)],1,renovacion_mismatch
204909,1408004207975000,3,[np.int64(0)],1,renovacion_mismatch
204910,10565200414100,1,[np.int64(0)],1,renovacion_mismatch
204911,4308006216900000,1,[np.int64(0)],1,renovacion_mismatch
204915,4308006205215000,1,[np.int64(0)],1,renovacion_mismatch
204921,4308006211498000,2,[np.int64(0)],1,renovacion_mismatch
204926,4308006196691000,1,[np.int64(0)],1,renovacion_mismatch
204929,4308006192331000,1,[np.int64(0)],1,renovacion_mismatch
204941,4308006181040000,1,[np.int64(0)],1,renovacion_mismatch
204944,4308006195960000,1,[np.int64(0)],1,renovacion_mismatch
204945,4308006169811000,2,[np.int64(0)],1,renovacion_mismatch
204962,4308006165947000,2,[np.int64(0)],1,renovacion_mismatch
204968,4308006151015000,2,[np.int64(0)],1,renovacion_mismatch
204978,101000542,1,[np.int64(0)],2,renovacion_mismatch
204979,101000545,1,[np.int64(0)],1,renovacion_mismatch
204984,AA005407-2,3,[np.int64(0)],3,renovacion_mismatch
204985,101000343-2,4,[np.int64(0)],1,renovacion_mismatch
204990,4308006196195000,1,[np.int64(0)],1,renovacion_mismatch
204991,4308006184211000,1,[np.int64(0)],1,renovacion_mismatch
204999,1000272-49,4,[np.int64(0)],5,renovacion_mismatch
205025,101000448-1,4,[np.int64(0)],1,renovacion_mismatch
205026,101000445-1,4,[np.int64(0)],1,renovacion_mismatch
205027,101006431-3,3,[np.int64(0)],2,renovacion_mismatch
205073,4308006143600000,1,[np.int64(0)],1,renovacion_mismatch
205094,3015354,1,[np.int64(0)],1,renovacion_mismatch
205110,4308006125738000,1,[np.int64(0)],1,renovacion_mismatch
205114,4308006103042000,1,[np.int64(0)],1,renovacion_mismatch
205126,4308006091061000,1,[np.int64(0)],1,renovacion_mismatch
205127,4308006090577000,1,[np.int64(0)],1,renovacion_mismatch
205130,1408004206020000,5,[np.int64(0)],1,renovacion_mismatch
205131,1408004206023000,5,[np.int64(0)],1,renovacion_mismatch
205132,1408004206021000,5,[np.int64(0)],1,renovacion_mismatch
205136,1408004205819000,2,[np.int64(0)],1,renovacion_mismatch
205138,1408004205822000,3,[np.int64(0)],1,renovacion_mismatch
205140,10565200403760,3,[np.int64(0)],1,renovacion_mismatch
205141,4308006114229000,1,[np.int64(0)],1,renovacion_mismatch
205143,4308006095210000,3,[np.int64(0)],1,renovacion_mismatch
205146,AA005636/00050,3,[np.int64(0)],11,renovacion_mismatch
205147,AA005945/00050,4,[np.int64(0)],11,renovacion_mismatch
205148,AA000749/00050,3,[np.int64(0)],7,renovacion_mismatch
205149,101005639-4,4,[np.int64(0)],1,renovacion_mismatch
205168,4308006069471000,2,[np.int64(0)],1,renovacion_mismatch
205172,4308006068599000,2,[np.int64(0)],1,renovacion_mismatch
205183,1408004205490000,3,[np.int64(0)],1,renovacion_mismatch
205184,1408004205491000,3,[np.int64(0)],1,renovacion_mismatch
205187,43080058059000,1,[np.int64(0)],1,renovacion_mismatch
205194,3015315,4,[np.int64(0)],1,renovacion_mismatch
205195,3000280-4,4,[np.int64(0)],1,renovacion_mismatch
205202,1408004205489000,2,[np.int64(0)],1,renovacion_mismatch
205212,2050330796902,2,[np.int64(0)],1,renovacion_mismatch
205216,4308006047417000,2,[np.int64(0)],1,renovacion_mismatch
205222,10565200401810,2,[np.int64(0)],1,renovacion_mismatch
205240,1901123003754,1,[np.int64(0)],2,renovacion_mismatch
205264,4308006031761000,1,[np.int64(0)],1,renovacion_mismatch
205272,1000024,4,[np.int64(0)],2,renovacion_mismatch
205285,4308006025661000,2,[np.int64(0)],1,renovacion_mismatch
205291,1000066,1,[np.int64(0)],10,renovacion_mismatch
205294,4308006019315000,1,[np.int64(0)],1,renovacion_mismatch
205302,4308006022396000,1,[np.int64(0)],1,renovacion_mismatch
205323,4308006005653000,1,[np.int64(0)],1,renovacion_mismatch
205354,AA005616,4,[np.int64(0)],7,renovacion_mismatch
205362,4308006009329000,1,[np.int64(0)],1,renovacion_mismatch
205380,4308006008368000,1,[np.int64(0)],1,renovacion_mismatch
205406,1408004204475000,1,[np.int64(0)],1,renovacion_mismatch
205412,4308005999739000,1,[np.int64(0)],1,renovacion_mismatch
205415,4308005998262000,1,[np.int64(0)],1,renovacion_mismatch
205416,4308006005018000,1,[np.int64(0)],1,renovacion_mismatch
205419,1000000144-13,4,[np.int64(0)],1,renovacion_mismatch
205420,4308006006611000,1,[np.int64(0)],1,renovacion_mismatch
205422,10565200398490,1,[np.int64(0)],1,renovacion_mismatch
205435,PE230907,1,[np.int64(0)],3,renovacion_mismatch
205436,89625468,1,[np.int64(0)],1,renovacion_mismatch
205466,10565200397770,1,[np.int64(0)],1,renovacion_mismatch
205482,2000456522,2,[np.int64(0)],24,renovacion_mismatch
205483,2000457392,1,[np.int64(0)],13,renovacion_mismatch
205488,4308005983614000,1,[np.int64(0)],1,renovacion_mismatch
205489,4308005981870000,1,[np.int64(0)],1,renovacion_mismatch
205491,101003293-2,2,[np.int64(0)],5,renovacion_mismatch
205493,4308005974833000,1,[np.int64(0)],1,renovacion_mismatch
205496,4308005973012000,1,[np.int64(0)],1,renovacion_mismatch
205497,10565200396960,1,[np.int64(0)],1,renovacion_mismatch
205499,10565200396970,6,[np.int64(0)],1,renovacion_mismatch
205504,4308005956786000,1,[np.int64(0)],1,renovacion_mismatch
205508,4308005969755000,1,[np.int64(0)],1,renovacion_mismatch
205514,4308005950661000,1,[np.int64(0)],1,renovacion_mismatch
205515,4308005950568000,1,[np.int64(0)],1,renovacion_mismatch
205516,10565200395820,1,[np.int64(0)],1,renovacion_mismatch
205518,4308005957152000,2,[np.int64(0)],1,renovacion_mismatch
205521,14289411178100,1,[np.int64(0)],1,renovacion_mismatch
205526,1000004687,2,[np.int64(0)],3,renovacion_mismatch
205531,4308005948621000,1,[np.int64(0)],1,renovacion_mismatch
205532,4308005948348000,1,[np.int64(0)],1,renovacion_mismatch
205537,4308005946760000,1,[np.int64(0)],1,renovacion_mismatch
205539,4308005948003000,1,[np.int64(0)],1,renovacion_mismatch
205541,4308005942898000,1,[np.int64(0)],1,renovacion_mismatch
205547,1408004204144000,1,[np.int64(0)],1,renovacion_mismatch
205548,1408004204148000,1,[np.int64(0)],1,renovacion_mismatch
205582,4308005928887000,1,[np.int64(0)],1,renovacion_mismatch
205592,4308005940040000,3,[np.int64(0)],1,renovacion_mismatch
205596,4308005932572000,1,[np.int64(0)],1,renovacion_mismatch
205598,4308005949452000,2,[np.int64(0)],1,renovacion_mismatch
205611,10565200394660,2,[np.int64(0)],1,renovacion_mismatch
205612,1408004204012000,3,[np.int64(0)],1,renovacion_mismatch
205613,1408004204011000,2,[np.int64(0)],1,renovacion_mismatch
205614,1408004204010000,3,[np.int64(0)],1,renovacion_mismatch
205615,1408004204009000,3,[np.int64(0)],1,renovacion_mismatch
205632,4308005924486000,1,[np.int64(0)],1,renovacion_mismatch
205633,994000000006,4,[np.int64(0)],1,renovacion_mismatch
205635,994000000007,1,[np.int64(0)],1,renovacion_mismatch
205648,4308005919660000,5,[np.int64(0)],1,renovacion_mismatch
205665,4308005915963000,1,[np.int64(0)],1,renovacion_mismatch
205666,89590566,2,[np.int64(0)],1,renovacion_mismatch
205678,89584515,1,[np.int64(0)],1,renovacion_mismatch
205689,4308005912009000,1,[np.int64(0)],1,renovacion_mismatch
205690,101005522-4,4,[np.int64(0)],5,renovacion_mismatch
205738,4308005901739000,1,[np.int64(0)],1,renovacion_mismatch
205766,4308005889741000,1,[np.int64(0)],1,renovacion_mismatch
205775,4308005898808000,1,[np.int64(0)],1,renovacion_mismatch
205797,101003533,4,[np.int64(0)],6,renovacion_mismatch
205806,4308005887532000,1,[np.int64(0)],1,renovacion_mismatch
205807,4308005887582000,1,[np.int64(0)],1,renovacion_mismatch
205849,430800587487000,1,[np.int64(0)],1,renovacion_mismatch
205875,4308005885229000,1,[np.int64(0)],1,renovacion_mismatch
205899,4308005874096000,1,[np.int64(0)],1,renovacion_mismatch
205900,4308005875788000,1,[np.int64(0)],1,renovacion_mismatch
205902,4308005879023000,2,[np.int64(0)],1,renovacion_mismatch
205916,4308005865608000,1,[np.int64(0)],1,renovacion_mismatch
205917,4308005862412000,1,[np.int64(0)],1,renovacion_mismatch
205918,4308005862299000,1,[np.int64(0)],1,renovacion_mismatch
205921,PE229430,4,[np.int64(0)],2,renovacion_mismatch
205934,4308005863584000,1,[np.int64(0)],1,renovacion_mismatch
205938,4308005857475000,1,[np.int64(0)],1,renovacion_mismatch
205941,1408004202772000,1,[np.int64(0)],1,renovacion_mismatch
205942,10565200389810,3,[np.int64(0)],1,renovacion_mismatch
205943,10565200389790,2,[np.int64(0)],1,renovacion_mismatch
206020,10565200390330,1,[np.int64(0)],1,renovacion_mismatch
206021,10565200390340,1,[np.int64(0)],1,renovacion_mismatch
206034,1000067,3,[np.int64(0)],1,renovacion_mismatch
206035,101006309-3,3,[np.int64(0)],10,renovacion_mismatch
206037,89457492,1,[np.int64(0)],1,renovacion_mismatch
206043,4308005854270000,1,[np.int64(0)],1,renovacion_mismatch
206046,4308005854029000,1,[np.int64(0)],1,renovacion_mismatch
206048,4308005858919000,1,[np.int64(0)],1,renovacion_mismatch
206050,89481567,2,[np.int64(0)],1,renovacion_mismatch
206051,430800585,1,SIN CARTERA,0,sin_cartera
206054,4308005851535000,1,[np.int64(0)],1,renovacion_mismatch
206073,4308005851667000,1,[np.int64(0)],1,renovacion_mismatch
206076,4308005851966000,1,[np.int64(0)],1,renovacion_mismatch
206090,1408004202523000,3,[np.int64(0)],1,renovacion_mismatch
206091,1408004202521000,3,[np.int64(0)],1,renovacion_mismatch
206092,4308005846136000,1,[np.int64(0)],1,renovacion_mismatch
206095,89462408,2,[np.int64(0)],1,renovacion_mismatch
206140,4308005844376000,1,[np.int64(0)],1,renovacion_mismatch
206156,89337191,1,[np.int64(0)],1,renovacion_mismatch
206175,4308005839840000,1,[np.int64(0)],1,renovacion_mismatch
206189,4308005833867000,1,[np.int64(0)],1,renovacion_mismatch
206236,1000384-3,4,[np.int64(0)],1,renovacion_mismatch
206247,101000902-1,3,[np.int64(0)],1,renovacion_mismatch
206248,101000917-1,3,[np.int64(0)],1,renovacion_mismatch
206249,4308005822525000,1,[np.int64(0)],1,renovacion_mismatch
206255,100471,2,[np.int64(0)],6,renovacion_mismatch
206256,2050330855401,1,[np.int64(0)],10,renovacion_mismatch
206257,101007155-1,1,[np.int64(0)],1,renovacion_mismatch
206300,4308005812853000,1,[np.int64(0)],1,renovacion_mismatch
206307,4308005810698000,1,[np.int64(0)],1,renovacion_mismatch
206308,2000450920,2,[np.int64(0)],10,renovacion_mismatch
206314,10565200386720,1,[np.int64(0)],1,renovacion_mismatch
206315,10565200386310,3,[np.int64(0)],1,renovacion_mismatch
206332,1000055,1,[np.int64(0)],5,renovacion_mismatch
206333,105000079,4,[np.int64(0)],1,renovacion_mismatch
206334,2050330784502,3,[np.int64(0)],1,renovacion_mismatch
206337,101006274-3,4,[np.int64(0)],1,renovacion_mismatch
206338,101006833-2,2,[np.int64(0)],3,renovacion_mismatch
206339,2000445425,2,[np.int64(0)],12,renovacion_mismatch
206344,4308005803907000,4,[np.int64(0)],1,renovacion_mismatch
206355,4308005801881000,1,[np.int64(0)],1,renovacion_mismatch
206357,1000004287,1,[np.int64(0)],21,renovacion_mismatch
206364,4308005798248000,1,[np.int64(0)],1,renovacion_mismatch
206384,2000431808,1,[np.int64(0)],7,renovacion_mismatch
206407,101000516-3,4,[np.int64(0)],4,renovacion_mismatch
206408,101000518,3,[np.int64(0)],3,renovacion_mismatch
206418,101006261-3,3,[np.int64(0)],11,renovacion_mismatch
206424,101000793-3,2,[np.int64(0)],1,renovacion_mismatch
206427,430800578547000,1,[np.int64(0)],1,renovacion_mismatch
206433,4308005773903000,1,[np.int64(0)],1,renovacion_mismatch
206440,10565200384000,1,[np.int64(0)],1,renovacion_mismatch
206443,4308005775920000,1,[np.int64(0)],1,renovacion_mismatch
206450,4308005775589000,1,SIN CARTERA,0,sin_cartera
206468,1408004004201284000,1,[np.int64(0)],1,renovacion_mismatch
206490,10565200383780,1,[np.int64(0)],1,renovacion_mismatch
206508,4308005765887000,1,[np.int64(0)],1,renovacion_mismatch
206513,27068111,1,[np.int64(0)],1,renovacion_mismatch
206529,10565200383280,1,[np.int64(0)],1,renovacion_mismatch
206531,10565200382790,1,[np.int64(0)],1,renovacion_mismatch
206541,14289410543560,1,[np.int64(0)],1,renovacion_mismatch
206542,4308005755487000,1,[np.int64(0)],1,renovacion_mismatch
206543,4308005755426000,1,[np.int64(0)],1,renovacion_mismatch
206552,4308005750439000,1,[np.int64(0)],1,renovacion_mismatch
206562,1000000033-30,2,[np.int64(0)],10,renovacion_mismatch
206565,101003498-1,1,[np.int64(0)],2,renovacion_mismatch
206572,1000054,1,[np.int64(0)],10,renovacion_mismatch
206573,1901124002054,2,[np.int64(0)],1,renovacion_mismatch
206575,101000172-1,1,[np.int64(0)],1,renovacion_mismatch
206576,101000709,1,[np.int64(0)],2,renovacion_mismatch
206577,994000000659,1,[np.int64(0)],1,renovacion_mismatch
206581,4308005747792000,2,[np.int64(0)],1,renovacion_mismatch
206582,4308005747656000,1,[np.int64(0)],1,renovacion_mismatch
206600,4308005741715000,1,[np.int64(0)],1,renovacion_mismatch
206605,4308005744353000,1,[np.int64(0)],1,renovacion_mismatch
206614,4308005742270000,1,[np.int64(0)],1,renovacion_mismatch
206618,4308005742468000,1,[np.int64(0)],1,renovacion_mismatch
206620,10565200381440,1,[np.int64(0)],1,renovacion_mismatch
206636,4308005732744000,1,[np.int64(0)],1,renovacion_mismatch
206657,4308005727050000,1,[np.int64(0)],1,renovacion_mismatch
206678,1408004200828000,3,[np.int64(0)],1,renovacion_mismatch
206701,1901123003020-1,1,[np.int64(0)],1,renovacion_mismatch
206708,4308005719686000,1,[np.int64(0)],1,renovacion_mismatch
206748,1000059,3,[np.int64(0)],1,renovacion_mismatch
206759,100378,1,[np.int64(0)],4,renovacion_mismatch
206814,8901120291601,5,[np.int64(0)],1,renovacion_mismatch
206856,1408004200207000,3,[np.int64(0)],1,renovacion_mismatch
206857,10565200378610,3,[np.int64(0)],1,renovacion_mismatch
206869,1000004636,4,[np.int64(0)],62,renovacion_mismatch
206874,1408004200128000,2,[np.int64(0)],1,renovacion_mismatch
206875,14080042001290000,2,[np.int64(0)],1,renovacion_mismatch
206876,1408004200130000,2,[np.int64(0)],1,renovacion_mismatch
206878,10565200368030,3,[np.int64(0)],1,renovacion_mismatch
206879,4308005575217000,1,[np.int64(0)],1,renovacion_mismatch
206880,4308005575279000,1,[np.int64(0)],1,renovacion_mismatch
206908,4308005683863000,1,[np.int64(0)],1,renovacion_mismatch
206947,10565200366830,3,[np.int64(0)],1,renovacion_mismatch
206948,10565200366840,3,[np.int64(0)],1,renovacion_mismatch
206949,10565200366820,3,[np.int64(0)],1,renovacion_mismatch
206961,4308005675110000,1,[np.int64(0)],1,renovacion_mismatch
206964,4308005676986000,1,[np.int64(0)],1,renovacion_mismatch
206968,101000943,3,[np.int64(0)],1,renovacion_mismatch
206969,101000958,4,[np.int64(0)],1,renovacion_mismatch
206972,101000789-3,3,[np.int64(0)],2,renovacion_mismatch
206973,101000800-3,3,[np.int64(0)],1,renovacion_mismatch
206987,1408004199730000,2,[np.int64(0)],1,renovacion_mismatch
206994,4308005553343000,5,[np.int64(0)],1,renovacion_mismatch
207018,4308005656916000,1,[np.int64(0)],1,renovacion_mismatch
207023,4308005665458000,1,[np.int64(0)],1,renovacion_mismatch
207031,105000176,4,[np.int64(0)],1,renovacion_mismatch
207052,4308005654816000,5,[np.int64(0)],1,renovacion_mismatch
207053,8901116905201,1,[np.int64(0)],1,renovacion_mismatch
207072,3015061,4,[np.int64(0)],10,renovacion_mismatch
207088,4308005643074000,1,[np.int64(0)],1,renovacion_mismatch
207089,4308005641786000,3,[np.int64(0)],1,renovacion_mismatch
207090,4308005641902000,4,[np.int64(0)],1,renovacion_mismatch
207095,4308005650994000,1,[np.int64(0)],1,renovacion_mismatch
207100,1408004199122000,3,[np.int64(0)],1,renovacion_mismatch
207120,1408004199109000,1,[np.int64(0)],1,renovacion_mismatch
207121,10565200373210,1,[np.int64(0)],1,renovacion_mismatch
207122,10565200373220,1,[np.int64(0)],1,renovacion_mismatch
207123,10565200373670,1,[np.int64(0)],1,renovacion_mismatch
207124,1408004199121000,1,[np.int64(0)],1,renovacion_mismatch
207135,994000000251-4,4,[np.int64(0)],1,renovacion_mismatch
207151,4308005627793000,3,[np.int64(0)],1,renovacion_mismatch
207158,8901114599801,5,[np.int64(0)],1,renovacion_mismatch
207171,88807960,1,[np.int64(0)],1,renovacion_mismatch
207183,4308005624009000,1,[np.int64(0)],1,renovacion_mismatch
207197,8901113846501,2,[np.int64(0)],1,renovacion_mismatch
207246,4308005610644000,1,[np.int64(0)],1,renovacion_mismatch
207254,10565200371700,1,[np.int64(0)],1,renovacion_mismatch
207263,1408004198590001,1,[np.int64(0)],1,renovacion_mismatch
207275,4308005607416000,2,[np.int64(0)],1,renovacion_mismatch
207315,100331,1,[np.int64(0)],3,renovacion_mismatch
207316,4308005598390000,2,[np.int64(0)],1,renovacion_mismatch
207337,4308005540714000,2,[np.int64(0)],1,renovacion_mismatch
207347,101005350-4,4,[np.int64(0)],4,renovacion_mismatch
207361,34779046,1,[np.int64(0)],2,renovacion_mismatch
207365,1408004196998000,2,[np.int64(0)],1,renovacion_mismatch
207366,1408004196997000,2,[np.int64(0)],1,renovacion_mismatch
207367,1408004196996000,2,[np.int64(0)],1,renovacion_mismatch
207396,3015017,1,[np.int64(0)],1,renovacion_mismatch
207407,1408004198178000,3,[np.int64(0)],1,renovacion_mismatch
207429,994000000250-4,4,[np.int64(0)],1,renovacion_mismatch
207435,1000051,2,[np.int64(0)],1,renovacion_mismatch
207443,3015001,1,[np.int64(0)],10,renovacion_mismatch
207444,101006143-3,3,[np.int64(0)],1,renovacion_mismatch
207448,10565200359730,1,[np.int64(0)],1,renovacion_mismatch
207452,1000046,1,[np.int64(0)],1,renovacion_mismatch
207454,2050330771602,2,[np.int64(0)],10,renovacion_mismatch
207456,100333,1,[np.int64(0)],1,renovacion_mismatch
207459,10565200358970,5,[np.int64(0)],1,renovacion_mismatch
207460,10565200358980,5,[np.int64(0)],1,renovacion_mismatch
207461,10565200359390,5,[np.int64(0)],1,renovacion_mismatch
207462,10565200359380,5,[np.int64(0)],1,renovacion_mismatch
207467,4308005464392000,1,[np.int64(0)],1,renovacion_mismatch
207472,1000050,1,[np.int64(0)],1,renovacion_mismatch
207473,101000985-2,3,[np.int64(0)],1,renovacion_mismatch
207475,4308005460699000,1,[np.int64(0)],1,renovacion_mismatch
207476,4308005461083000,1,[np.int64(0)],1,renovacion_mismatch
207479,4308005466769000,1,[np.int64(0)],1,renovacion_mismatch
207486,1408004195674000,2,[np.int64(0)],1,renovacion_mismatch
207487,1408004195673000,2,[np.int64(0)],1,renovacion_mismatch
207490,4308005455295000,1,[np.int64(0)],1,renovacion_mismatch
207493,4308005459827000,1,[np.int64(0)],1,renovacion_mismatch
207509,100341,2,[np.int64(0)],2,renovacion_mismatch
207510,100295,1,[np.int64(0)],2,renovacion_mismatch
207511,100338,2,[np.int64(0)],3,renovacion_mismatch
207516,100371,3,[np.int64(0)],1,renovacion_mismatch
207519,100374,1,[np.int64(0)],1,renovacion_mismatch
207526,3014969,4,[np.int64(0)],1,renovacion_mismatch
207542,1408004195275000,2,[np.int64(0)],1,renovacion_mismatch
207548,994000006509,1,[np.int64(0)],2,renovacion_mismatch
207552,1408004196613000,5,[np.int64(0)],1,renovacion_mismatch
207553,1408004196614000,5,[np.int64(0)],1,renovacion_mismatch
207555,101007062-1,1,[np.int64(0)],1,renovacion_mismatch
207560,1408004195273000,5,[np.int64(0)],1,renovacion_mismatch
207561,1408004195276000,1,[np.int64(0)],1,renovacion_mismatch
207562,1408004196519000,5,[np.int64(0)],1,renovacion_mismatch
207563,1408004196524000,5,[np.int64(0)],1,renovacion_mismatch
207564,1408004196622000,5,[np.int64(0)],1,renovacion_mismatch
207565,1408004196621000,5,[np.int64(0)],1,renovacion_mismatch
207566,1408004196619000,5,[np.int64(0)],1,renovacion_mismatch
207567,1408004196618000,5,[np.int64(0)],1,renovacion_mismatch
207568,1408004196624000,5,[np.int64(0)],1,renovacion_mismatch
207569,1408004196617000,5,[np.int64(0)],1,renovacion_mismatch
207570,1408004196616000,5,[np.int64(0)],1,renovacion_mismatch
207571,1408004196615000,5,[np.int64(0)],1,renovacion_mismatch
207572,1408004196421000,5,[np.int64(0)],1,renovacion_mismatch
207573,1408004196419000,5,[np.int64(0)],1,renovacion_mismatch
207574,1408004196518000,5,[np.int64(0)],1,renovacion_mismatch
207575,1408004196517000,5,[np.int64(0)],1,renovacion_mismatch
207576,1408004196516000,5,[np.int64(0)],1,renovacion_mismatch
207577,1408004196515000,5,[np.int64(0)],1,renovacion_mismatch
207578,1408004196523000,5,[np.int64(0)],1,renovacion_mismatch
207579,1408004196522000,5,[np.int64(0)],1,renovacion_mismatch
207580,1408004196521000,5,[np.int64(0)],1,renovacion_mismatch
207581,1408004196520000,5,[np.int64(0)],1,renovacion_mismatch
207584,1408004196418000,5,[np.int64(0)],1,renovacion_mismatch
207585,1408004196412000,5,[np.int64(0)],1,renovacion_mismatch
207586,1408004196409000,5,[np.int64(0)],1,renovacion_mismatch
207587,1408004196413000,5,[np.int64(0)],1,renovacion_mismatch
207588,1408004196406000,5,[np.int64(0)],1,renovacion_mismatch
207589,14080041964196404000,5,[np.int64(0)],1,renovacion_mismatch
207590,1408004196420000,5,[np.int64(0)],1,renovacion_mismatch
207591,1408004196414000,5,[np.int64(0)],1,renovacion_mismatch
207592,88558168,5,[np.int64(0)],1,renovacion_mismatch
207593,88558436,5,[np.int64(0)],1,renovacion_mismatch
207594,88558530,5,[np.int64(0)],1,renovacion_mismatch
207595,88558681,5,[np.int64(0)],1,renovacion_mismatch
207598,100345,2,[np.int64(0)],4,renovacion_mismatch
207600,1408004196217000,5,[np.int64(0)],1,renovacion_mismatch
207601,1408004196221000,5,[np.int64(0)],1,renovacion_mismatch
207602,1408004196225000,5,[np.int64(0)],1,renovacion_mismatch
207603,1408004196224000,5,[np.int64(0)],1,renovacion_mismatch
207604,1408004196218000,5,[np.int64(0)],1,renovacion_mismatch
207605,1408004196219000,5,[np.int64(0)],1,renovacion_mismatch
207606,88557383,5,[np.int64(0)],1,renovacion_mismatch
207607,88557114,5,[np.int64(0)],1,renovacion_mismatch
207609,88557204,5,[np.int64(0)],1,renovacion_mismatch
207610,1408004196136000,5,[np.int64(0)],1,renovacion_mismatch
207611,1408004196135000,5,[np.int64(0)],1,renovacion_mismatch
207615,1408004196207000,5,[np.int64(0)],1,renovacion_mismatch
207616,1408004196209000,5,[np.int64(0)],1,renovacion_mismatch
207617,1408004196213000,5,[np.int64(0)],1,renovacion_mismatch
207618,1408004196216000,5,[np.int64(0)],1,renovacion_mismatch
207619,1001215-1,1,[np.int64(0)],3,renovacion_mismatch
207620,1005269-1,1,[np.int64(0)],1,renovacion_mismatch
207621,1408004196142000,5,[np.int64(0)],1,renovacion_mismatch
207622,1408004196145000,5,[np.int64(0)],1,renovacion_mismatch
207623,1408004196144000,5,[np.int64(0)],1,renovacion_mismatch
207624,14080041961460000,5,[np.int64(0)],1,renovacion_mismatch
207625,1408004196143000,5,[np.int64(0)],1,renovacion_mismatch
207626,1408004196140000,5,[np.int64(0)],1,renovacion_mismatch
207627,1408004196137000,5,[np.int64(0)],1,renovacion_mismatch
207628,1408004196139000,5,[np.int64(0)],1,renovacion_mismatch
207633,1901121001860-5,3,[np.int64(0)],1,renovacion_mismatch
207634,2050330672403,4,[np.int64(0)],10,renovacion_mismatch
207635,101002756-3,4,[np.int64(0)],11,renovacion_mismatch
207636,101007055-1,4,[np.int64(0)],1,renovacion_mismatch
207638,10565200354520,2,[np.int64(0)],1,renovacion_mismatch
207639,10565200354510,2,[np.int64(0)],1,renovacion_mismatch
207645,AA005636/AB002640,2,[np.int64(0)],24,renovacion_mismatch
207646,AA005945/AB002641,3,[np.int64(0)],23,renovacion_mismatch
207647,AA000749/AA015003,2,[np.int64(0)],22,renovacion_mismatch
207660,4308005395959000,5,[np.int64(0)],1,renovacion_mismatch
207661,4308005396189000,5,[np.int64(0)],1,renovacion_mismatch
207662,4308005396639000,5,[np.int64(0)],1,renovacion_mismatch
207671,88399214,1,[np.int64(0)],1,renovacion_mismatch
207674,1408004194713000,2,[np.int64(0)],1,renovacion_mismatch
207677,994000000641,3,[np.int64(0)],2,renovacion_mismatch
207684,1000167-31,3,[np.int64(0)],3,renovacion_mismatch
207686,2050360018803,3,[np.int64(0)],2,renovacion_mismatch
207690,101000265-2,1,[np.int64(0)],1,renovacion_mismatch
207692,101005294-5,4,[np.int64(0)],3,renovacion_mismatch
207694,2050014630202,1,[np.int64(0)],11,renovacion_mismatch
207695,100439,3,[np.int64(0)],2,renovacion_mismatch
207703,10565200349500,2,[np.int64(0)],1,renovacion_mismatch
207720,4308005359769000,1,[np.int64(0)],1,renovacion_mismatch
207735,8837407,2,[np.int64(0)],1,renovacion_mismatch
207750,100387,1,[np.int64(0)],1,renovacion_mismatch
207754,9201123179784,1,[np.int64(0)],1,renovacion_mismatch
207755,100429,1,[np.int64(0)],2,renovacion_mismatch
207762,1000000144-11,3,[np.int64(0)],1,renovacion_mismatch
207764,101000386-1,3,[np.int64(0)],2,renovacion_mismatch
207772,1408004193584000,1,[np.int64(0)],1,renovacion_mismatch
207777,1408004193582000,2,[np.int64(0)],1,renovacion_mismatch
207782,3305222000958-4,1,[np.int64(0)],1,renovacion_mismatch
207783,2020122495303,1,[np.int64(0)],1,renovacion_mismatch
207784,1000045,2,[np.int64(0)],1,renovacion_mismatch
207785,1000000218-46,2,[np.int64(0)],23,renovacion_mismatch
207799,100277,1,[np.int64(0)],14,renovacion_mismatch
207811,3003503,1,[np.int64(0)],1,renovacion_mismatch
207812,101003097-2,2,[np.int64(0)],10,renovacion_mismatch
207818,10565200345950,2,[np.int64(0)],1,renovacion_mismatch
207840,1901123001365-1,1,[np.int64(0)],2,renovacion_mismatch
207846,1901124000864,1,[np.int64(0)],2,renovacion_mismatch
207847,101000879,2,[np.int64(0)],2,renovacion_mismatch
207848,101000893,1,[np.int64(0)],2,renovacion_mismatch
207850,100270,1,[np.int64(0)],5,renovacion_mismatch
207851,1000004527,1,[np.int64(0)],2,renovacion_mismatch
207852,1000004193,1,[np.int64(0)],1,renovacion_mismatch
207853,101006019-3,3,[np.int64(0)],3,renovacion_mismatch
207854,3003505,1,[np.int64(0)],10,renovacion_mismatch
207869,8901092365701,2,[np.int64(0)],1,renovacion_mismatch
207913,8901073942601,3,[np.int64(0)],1,renovacion_mismatch
207914,37981931,2,[np.int64(0)],1,renovacion_mismatch
207928,1408004193025000,2,[np.int64(0)],1,renovacion_mismatch
207930,100377,1,[np.int64(0)],2,renovacion_mismatch
207931,101006655-2,2,[np.int64(0)],10,renovacion_mismatch
207938,9201123153066,1,[np.int64(0)],1,renovacion_mismatch
207946,101006999-1,1,[np.int64(0)],11,renovacion_mismatch
207957,10000044527,1,[np.int64(0)],1,renovacion_mismatch
207958,1000004526,1,[np.int64(0)],1,renovacion_mismatch
207962,100268,3,[np.int64(0)],7,renovacion_mismatch
207964,100273,3,[np.int64(0)],1,renovacion_mismatch
207967,3014865,3,[np.int64(0)],3,renovacion_mismatch
207975,100360,3,[np.int64(0)],1,renovacion_mismatch
207980,100279,4,[np.int64(0)],11,renovacion_mismatch
207983,101000221-5,2,[np.int64(0)],3,renovacion_mismatch
207984,101000221-2,2,[np.int64(0)],6,renovacion_mismatch
207985,100328,2,[np.int64(0)],7,renovacion_mismatch
208004,100283,3,[np.int64(0)],11,renovacion_mismatch
208007,100285,1,[np.int64(0)],5,renovacion_mismatch
208010,100276,1,[np.int64(0)],1,renovacion_mismatch
208011,100275,2,[np.int64(0)],4,renovacion_mismatch
208019,100293,1,[np.int64(0)],7,renovacion_mismatch
208020,100339,2,[np.int64(0)],1,renovacion_mismatch
208021,100342,2,[np.int64(0)],4,renovacion_mismatch
208022,100312,2,[np.int64(0)],1,renovacion_mismatch
208031,100310,2,[np.int64(0)],3,renovacion_mismatch
208032,100336,2,[np.int64(0)],2,renovacion_mismatch
208033,100330,2,[np.int64(0)],1,renovacion_mismatch
208036,100327,1,[np.int64(0)],8,renovacion_mismatch
208037,100308,4,[np.int64(0)],5,renovacion_mismatch
208038,100332,1,[np.int64(0)],5,renovacion_mismatch
208039,101006639-2,2,[np.int64(0)],3,renovacion_mismatch
208040,100272,3,[np.int64(0)],19,renovacion_mismatch
208044,10565200337060,1,[np.int64(0)],1,renovacion_mismatch
208089,101000369-1,3,[np.int64(0)],10,renovacion_mismatch
208090,101000365-1,1,[np.int64(0)],10,renovacion_mismatch
208099,PE217019,1,[np.int64(0)],2,renovacion_mismatch
208100,1000040,1,[np.int64(0)],11,renovacion_mismatch
208101,AA005809,4,[np.int64(0)],6,renovacion_mismatch
208102,AB000077,1,[np.int64(0)],2,renovacion_mismatch
208104,101000804-3,2,[np.int64(0)],1,renovacion_mismatch
208105,101000935,1,[np.int64(0)],1,renovacion_mismatch
208106,101000920,1,[np.int64(0)],3,renovacion_mismatch
208108,1000004399,2,[np.int64(0)],1,renovacion_mismatch
208111,1000004400,2,[np.int64(0)],3,renovacion_mismatch
208116,AA005808,4,[np.int64(0)],54,renovacion_mismatch
208117,101000367-1,1,[np.int64(0)],3,renovacion_mismatch
208120,1000004334,2,[np.int64(0)],5,renovacion_mismatch
208121,1000004218,2,[np.int64(0)],8,renovacion_mismatch
208124,10565200334760,1,[np.int64(0)],1,renovacion_mismatch
208126,101005944-3,3,[np.int64(0)],1,renovacion_mismatch
208161,2000384330,1,[np.int64(0)],14,renovacion_mismatch
208163,2000382854,1,[np.int64(0)],22,renovacion_mismatch
208167,101000878-1,1,[np.int64(0)],1,renovacion_mismatch
208172,1408004190584000,4,[np.int64(0)],1,renovacion_mismatch
208176,AA005801,6,[np.int64(0)],9,renovacion_mismatch
208186,101000798-2,3,[np.int64(0)],2,renovacion_mismatch
208205,AB000209,6,[np.int64(0)],1,renovacion_mismatch
208207,1000004375,3,[np.int64(0)],12,renovacion_mismatch
208208,8901088103601,2,[np.int64(0)],1,renovacion_mismatch
208209,1000038,3,[np.int64(0)],2,renovacion_mismatch
208225,1000004366,2,[np.int64(0)],5,renovacion_mismatch
208228,1000039,4,[np.int64(0)],1,renovacion_mismatch
208237,1408004190032000,2,[np.int64(0)],1,renovacion_mismatch
208239,10565200326470,2,[np.int64(0)],1,renovacion_mismatch
208265,8901087853101,2,[np.int64(0)],1,renovacion_mismatch
208278,2050330653903,2,[np.int64(0)],10,renovacion_mismatch
208279,2050014548605,3,[np.int64(0)],1,renovacion_mismatch
208281,PE240230,1,[np.int64(0)],1,renovacion_mismatch
208297,AA006240,2,[np.int64(0)],15,renovacion_mismatch
208298,3000753-3,5,[np.int64(0)],2,renovacion_mismatch
208309,1000709-4,4,[np.int64(0)],1,renovacion_mismatch
208310,1000710-4,4,[np.int64(0)],1,renovacion_mismatch
208311,1000000617-6,4,[np.int64(0)],1,renovacion_mismatch
208312,1000000615-8,4,[np.int64(0)],2,renovacion_mismatch
208314,101006941-1,1,[np.int64(0)],13,renovacion_mismatch
208320,101000361-1,3,[np.int64(0)],3,renovacion_mismatch
208322,PE213000,2,[np.int64(0)],3,renovacion_mismatch
208323,2050330754802,1,[np.int64(0)],1,renovacion_mismatch
208325,2050330554004,2,[np.int64(0)],1,renovacion_mismatch
208326,101005647-3,2,[np.int64(0)],1,renovacion_mismatch
208327,1000035,3,[np.int64(0)],4,renovacion_mismatch
208329,2050500078805,1,[np.int64(0)],12,renovacion_mismatch
208330,AA005414,1,[np.int64(0)],2,renovacion_mismatch
208331,AA005413,1,[np.int64(0)],2,renovacion_mismatch
208342,101000880-1,1,[np.int64(0)],1,renovacion_mismatch
208359,101000866,1,[np.int64(0)],3,renovacion_mismatch
208361,101006553-2,3,[np.int64(0)],1,renovacion_mismatch
208362,101006507-2,2,[np.int64(0)],2,renovacion_mismatch
208363,101006510-2,2,[np.int64(0)],2,renovacion_mismatch
208370,10565200320010,1,[np.int64(0)],1,renovacion_mismatch
208371,10565200320070,1,[np.int64(0)],1,renovacion_mismatch
208375,38532496,1,[np.int64(0)],1,renovacion_mismatch
208379,AA006011,3,[np.int64(0)],4,renovacion_mismatch
208384,10565200319030,1,[np.int64(0)],1,renovacion_mismatch
208385,10565200319040,1,[np.int64(0)],1,renovacion_mismatch
208389,10565200319050,1,[np.int64(0)],1,renovacion_mismatch
208393,1408004188507000,2,[np.int64(0)],1,renovacion_mismatch
208394,1408004188505000,2,[np.int64(0)],1,renovacion_mismatch
208395,140800418850600,2,[np.int64(0)],1,renovacion_mismatch
208396,1408004188510000,2,[np.int64(0)],1,renovacion_mismatch
208410,1000004381,1,[np.int64(0)],11,renovacion_mismatch
208413,1000000846-1,1,[np.int64(0)],2,renovacion_mismatch
208420,10565200314940,1,[np.int64(0)],1,renovacion_mismatch
208421,10565200314920,1,[np.int64(0)],1,renovacion_mismatch
208426,140800418798600,5,[np.int64(0)],1,renovacion_mismatch
208429,1000004382,1,[np.int64(0)],12,renovacion_mismatch
208441,101005608-3,3,[np.int64(0)],1,renovacion_mismatch
208442,AA005985/CERTIFICADO AB002836,1,[np.int64(0)],7,renovacion_mismatch
208443,AA000759/CERTIFICADO AA013545,2,[np.int64(0)],5,renovacion_mismatch
208444,AA000760/CERTIFICADO AA013546,3,[np.int64(0)],2,renovacion_mismatch
208451,1408004187449000,1,[np.int64(0)],1,renovacion_mismatch
208452,1408004187448000,1,[np.int64(0)],1,renovacion_mismatch
208453,1408004187445000,1,[np.int64(0)],1,renovacion_mismatch
208455,10565200311660,1,[np.int64(0)],1,renovacion_mismatch
208456,10565200311650,1,[np.int64(0)],1,renovacion_mismatch
208457,10565200311700,1,[np.int64(0)],1,renovacion_mismatch
208468,1408004187450000,1,[np.int64(0)],1,renovacion_mismatch
208469,1408004188177000,4,[np.int64(0)],1,renovacion_mismatch
208470,1408004188175000,4,[np.int64(0)],1,renovacion_mismatch
208479,10565200308050,1,[np.int64(0)],1,renovacion_mismatch
208482,38268419,1,[np.int64(0)],1,renovacion_mismatch
208487,1408004188180000,4,[np.int64(0)],1,renovacion_mismatch
208488,1408004188178000,1,[np.int64(0)],1,renovacion_mismatch
208491,10565200307420,1,[np.int64(0)],1,renovacion_mismatch
208505,38224029,1,[np.int64(0)],1,renovacion_mismatch
208508,2050330749702,1,[np.int64(0)],1,renovacion_mismatch
208509,994000000382-3,3,[np.int64(0)],1,renovacion_mismatch
208528,1000004345,2,[np.int64(0)],1,renovacion_mismatch
208531,10565200303020,2,[np.int64(0)],1,renovacion_mismatch
208538,1408004187648000,1,[np.int64(0)],1,renovacion_mismatch
208539,1408004187649000,1,[np.int64(0)],1,renovacion_mismatch
208540,100266,3,[np.int64(0)],6,renovacion_mismatch
208542,AB000053,1,[np.int64(0)],2,renovacion_mismatch
208543,101003376-1,2,[np.int64(0)],1,renovacion_mismatch
208544,994000000377-3,3,[np.int64(0)],1,renovacion_mismatch
208545,994000000598,1,[np.int64(0)],2,renovacion_mismatch
208546,1000004351,1,[np.int64(0)],8,renovacion_mismatch
208547,3014743,1,[np.int64(0)],1,renovacion_mismatch
208551,1000004344,1,[np.int64(0)],24,renovacion_mismatch
208556,101000864-1,1,[np.int64(0)],1,renovacion_mismatch
208557,1000000835,1,[np.int64(0)],2,renovacion_mismatch
208621,10565200305840,1,[np.int64(0)],1,renovacion_mismatch
208622,105000129,3,[np.int64(0)],1,renovacion_mismatch
208624,101006495-2,2,[np.int64(0)],1,renovacion_mismatch
208632,101002645-2,3,[np.int64(0)],2,renovacion_mismatch
208633,101006500-2,2,[np.int64(0)],4,renovacion_mismatch
208634,AA005712-3,3,[np.int64(0)],3,renovacion_mismatch
208636,AA005713,3,[np.int64(0)],7,renovacion_mismatch
208647,1055200299730,4,[np.int64(0)],1,renovacion_mismatch
208652,2050330635903,2,[np.int64(0)],1,renovacion_mismatch
208654,3014110,1,[np.int64(0)],2,renovacion_mismatch
208655,2050330740102,1,[np.int64(0)],10,renovacion_mismatch
208662,38008372,1,[np.int64(0)],1,renovacion_mismatch
208665,10565200299720,5,[np.int64(0)],1,renovacion_mismatch
208668,37923360,1,[np.int64(0)],1,renovacion_mismatch
208678,37871803,1,[np.int64(0)],1,renovacion_mismatch
208683,10565200295490,1,[np.int64(0)],1,renovacion_mismatch
208686,37759412,1,[np.int64(0)],1,renovacion_mismatch
208687,2050330741402,1,[np.int64(0)],10,renovacion_mismatch
208691,37810258,1,[np.int64(0)],1,renovacion_mismatch
208692,37832014,1,[np.int64(0)],1,renovacion_mismatch
208693,37835483,1,[np.int64(0)],1,renovacion_mismatch
208694,37832306,1,[np.int64(0)],1,renovacion_mismatch
208695,10565200294730,1,[np.int64(0)],1,renovacion_mismatch
208697,37724826,1,[np.int64(0)],1,renovacion_mismatch
208698,37712807,1,[np.int64(0)],1,renovacion_mismatch
208712,2000364992,3,[np.int64(0)],1,renovacion_mismatch
208716,37672417,1,[np.int64(0)],1,renovacion_mismatch
208718,10565200293530,1,[np.int64(0)],1,renovacion_mismatch
208720,10565200293630,1,[np.int64(0)],1,renovacion_mismatch
208721,8901072939701,1,[np.int64(0)],1,renovacion_mismatch
208722,8901072938401,1,[np.int64(0)],1,renovacion_mismatch
208729,8901071952401,1,[np.int64(0)],1,renovacion_mismatch
208730,8901071958801,1,[np.int64(0)],1,renovacion_mismatch
208731,8901071938901,1,[np.int64(0)],1,renovacion_mismatch
208732,10565200291900,1,[np.int64(0)],1,renovacion_mismatch
208735,3000278-1,3,[np.int64(0)],1,renovacion_mismatch
208743,10565200290690,1,[np.int64(0)],1,renovacion_mismatch
208746,105652002895200,1,[np.int64(0)],1,renovacion_mismatch
208747,10565200289590,2,[np.int64(0)],1,renovacion_mismatch
208750,101006477,2,[np.int64(0)],1,renovacion_mismatch
208751,101006477-2,3,[np.int64(0)],3,renovacion_mismatch
208757,10565200287840,1,[np.int64(0)],1,renovacion_mismatch
208759,10565200288690,1,[np.int64(0)],1,renovacion_mismatch
208762,1000272-48,3,[np.int64(0)],5,renovacion_mismatch
208766,37386589,1,[np.int64(0)],1,renovacion_mismatch
208767,4308004698394000,1,[np.int64(0)],1,renovacion_mismatch
208768,10565200286550,1,[np.int64(0)],1,renovacion_mismatch
208774,994000000326-3,3,[np.int64(0)],3,renovacion_mismatch
208776,101005639-2,3,[np.int64(0)],21,renovacion_mismatch
208791,101000343-1,3,[np.int64(0)],1,renovacion_mismatch
208805,AB000166,3,[np.int64(0)],10,renovacion_mismatch
208810,3014680,3,[np.int64(0)],3,renovacion_mismatch
208818,101006431-2,2,[np.int64(0)],1,renovacion_mismatch
208819,101006420-2,2,[np.int64(0)],11,renovacion_mismatch
208822,101000923,1,[np.int64(0)],1,renovacion_mismatch
208827,10565200283160,1,[np.int64(0)],1,renovacion_mismatch
208830,AA005649,3,[np.int64(0)],5,renovacion_mismatch
208832,10565200281630,4,[np.int64(0)],1,renovacion_mismatch
208833,10565200281640,1,[np.int64(0)],1,renovacion_mismatch
208835,10565200282350,2,[np.int64(0)],1,renovacion_mismatch
208840,4308004665367000,1,[np.int64(0)],1,renovacion_mismatch
208841,101000908,1,[np.int64(0)],1,renovacion_mismatch
208842,10565200280790,1,[np.int64(0)],1,renovacion_mismatch
208844,37261908,1,[np.int64(0)],1,renovacion_mismatch
208845,37261336,1,[np.int64(0)],1,renovacion_mismatch
208848,10565200281620,4,[np.int64(0)],1,renovacion_mismatch
208849,10565200281610,4,[np.int64(0)],1,renovacion_mismatch
208858,37232847,1,[np.int64(0)],1,renovacion_mismatch
208860,37166852,1,[np.int64(0)],1,renovacion_mismatch
208865,37206810,1,[np.int64(0)],1,renovacion_mismatch
208866,37217608,1,[np.int64(0)],1,renovacion_mismatch
208867,10565200279560,2,[np.int64(0)],1,renovacion_mismatch
208868,10565200280180,2,[np.int64(0)],1,renovacion_mismatch
208869,10565200280170,1,[np.int64(0)],1,renovacion_mismatch
208874,10565200278180,1,[np.int64(0)],1,renovacion_mismatch
208882,37153106,1,[np.int64(0)],1,renovacion_mismatch
208883,2050330796901,1,[np.int64(0)],1,renovacion_mismatch
208886,101000448,3,[np.int64(0)],3,renovacion_mismatch
208887,101000445,3,[np.int64(0)],2,renovacion_mismatch
208889,10565200275520,2,[np.int64(0)],1,renovacion_mismatch
208890,10565200275540,2,[np.int64(0)],1,renovacion_mismatch
208891,10565200275530,1,[np.int64(0)],1,renovacion_mismatch
208892,10565200276040,1,[np.int64(0)],1,renovacion_mismatch
208894,430800460955400,1,[np.int64(0)],1,renovacion_mismatch
208895,37107464,1,[np.int64(0)],1,renovacion_mismatch
208897,10565200277640,1,[np.int64(0)],1,renovacion_mismatch
208898,37135966,1,[np.int64(0)],1,renovacion_mismatch
208901,3014609,3,[np.int64(0)],1,renovacion_mismatch
208902,3000280,3,[np.int64(0)],1,renovacion_mismatch
208908,10565200275560,1,[np.int64(0)],1,renovacion_mismatch
208909,10565200273360,1,[np.int64(0)],1,renovacion_mismatch
208915,1901121003951,3,[np.int64(0)],2,renovacion_mismatch
208916,10565200274810,1,[np.int64(0)],1,renovacion_mismatch
208917,37085659,1,[np.int64(0)],1,renovacion_mismatch
208929,101000902,2,[np.int64(0)],1,renovacion_mismatch
208930,101000917,2,[np.int64(0)],3,renovacion_mismatch
208931,2050330712602,1,[np.int64(0)],1,renovacion_mismatch
208932,PE161036,2,[np.int64(0)],2,renovacion_mismatch
208934,1000004308,1,[np.int64(0)],3,renovacion_mismatch
208939,10565200271170,1,[np.int64(0)],1,renovacion_mismatch
208942,10565200271960,1,[np.int64(0)],1,renovacion_mismatch
208948,36909789,1,[np.int64(0)],1,renovacion_mismatch
208957,10565200271100,1,[np.int64(0)],1,renovacion_mismatch
208959,101005522-3,3,[np.int64(0)],3,renovacion_mismatch
209001,AA005612,3,[np.int64(0)],5,renovacion_mismatch
209003,101003293-1,1,[np.int64(0)],6,renovacion_mismatch
209004,10565200268500,5,[np.int64(0)],1,renovacion_mismatch
209018,2000341379,1,[np.int64(0)],28,renovacion_mismatch
209027,10565200265380,2,[np.int64(0)],1,renovacion_mismatch
209028,1056520065350,1,[np.int64(0)],1,renovacion_mismatch
209029,105652002645470,1,[np.int64(0)],1,renovacion_mismatch
209032,10565200266020,1,[np.int64(0)],1,renovacion_mismatch
209046,10565200265810,1,[np.int64(0)],1,renovacion_mismatch
209053,10565200263720,1,[np.int64(0)],1,renovacion_mismatch
209057,1000777,1,[np.int64(0)],1,renovacion_mismatch
209058,10565200263110,2,[np.int64(0)],1,renovacion_mismatch
209077,3000277,2,[np.int64(0)],3,renovacion_mismatch
209078,3000275,2,[np.int64(0)],3,renovacion_mismatch
209079,101000905,3,[np.int64(0)],1,renovacion_mismatch
209089,4308004516912000,1,[np.int64(0)],1,renovacion_mismatch
209103,994000000585,3,[np.int64(0)],1,renovacion_mismatch
209104,10565200262150,4,[np.int64(0)],1,renovacion_mismatch
209110,1056520061420,1,[np.int64(0)],1,renovacion_mismatch
209125,10565200260640,1,[np.int64(0)],1,renovacion_mismatch
209157,1408004180415000,2,[np.int64(0)],1,renovacion_mismatch
209171,10565200259750,1,[np.int64(0)],1,renovacion_mismatch
209176,1408004180416000,2,[np.int64(0)],1,renovacion_mismatch
209220,10565200257920,1,[np.int64(0)],1,renovacion_mismatch
209235,36562149,1,[np.int64(0)],1,renovacion_mismatch
209247,10565200256570,1,[np.int64(0)],1,renovacion_mismatch
209264,2050330609403,2,[np.int64(0)],10,renovacion_mismatch
209273,1408004179815000,1,[np.int64(0)],1,renovacion_mismatch
209300,1056200253640,1,[np.int64(0)],1,renovacion_mismatch
209303,101007188,2,[np.int64(0)],2,renovacion_mismatch
209307,2000265028-1,1,[np.int64(0)],15,renovacion_mismatch
209314,10565200253140,2,[np.int64(0)],1,renovacion_mismatch
209342,994000000530-1,3,[np.int64(0)],11,renovacion_mismatch
209357,36419227,1,[np.int64(0)],1,renovacion_mismatch
209358,36417717,1,[np.int64(0)],1,renovacion_mismatch
209359,36421028,4,[np.int64(0)],1,renovacion_mismatch
209370,101006833-1,1,[np.int64(0)],3,renovacion_mismatch
209372,10565200251910,1,[np.int64(0)],1,renovacion_mismatch
209384,140800417923000,2,[np.int64(0)],1,renovacion_mismatch
209385,1408004179230000,1,[np.int64(0)],1,renovacion_mismatch
209386,101006309-2,2,[np.int64(0)],10,renovacion_mismatch
209403,1408004179232000,2,[np.int64(0)],1,renovacion_mismatch
209424,101000804-2,1,[np.int64(0)],1,renovacion_mismatch
209425,101000793-2,1,[np.int64(0)],1,renovacion_mismatch
209465,101006274-2,3,[np.int64(0)],1,renovacion_mismatch
209500,PE227757,1,[np.int64(0)],10,renovacion_mismatch
209572,101006261-2,2,[np.int64(0)],13,renovacion_mismatch
209573,2050330784501,2,[np.int64(0)],1,renovacion_mismatch
209574,101006222-2,2,[np.int64(0)],10,renovacion_mismatch
209585,10565200244240,1,[np.int64(0)],1,renovacion_mismatch
209597,1408004178437000,2,[np.int64(0)],1,renovacion_mismatch
209598,1408004178435000,1,[np.int64(0)],1,renovacion_mismatch
209636,1408004178141000,1,[np.int64(0)],1,renovacion_mismatch
209638,36184382,2,[np.int64(0)],1,renovacion_mismatch
209669,101000246-2,1,[np.int64(0)],4,renovacion_mismatch
209671,101000284-1,1,[np.int64(0)],1,renovacion_mismatch
209725,2050330597703,2,[np.int64(0)],1,renovacion_mismatch
209726,101003234-1,1,[np.int64(0)],14,renovacion_mismatch
209728,8901055185801,1,[np.int64(0)],1,renovacion_mismatch
209745,1408004177517000,2,[np.int64(0)],1,renovacion_mismatch
209746,101006816-1,1,[np.int64(0)],1,renovacion_mismatch
209747,2050330698602,1,[np.int64(0)],10,renovacion_mismatch
209748,2000332520,1,[np.int64(0)],13,renovacion_mismatch
209749,1408004177631000,3,[np.int64(0)],1,renovacion_mismatch
209772,1408004177327000,1,[np.int64(0)],1,renovacion_mismatch
209782,AB000127,2,[np.int64(0)],1,renovacion_mismatch
209818,101000245-2,3,[np.int64(0)],3,renovacion_mismatch
209819,101000275-1,2,[np.int64(0)],3,renovacion_mismatch
209843,35870359,1,[np.int64(0)],1,renovacion_mismatch
209854,101004265-5,3,[np.int64(0)],1,renovacion_mismatch
209868,1000004277,3,[np.int64(0)],65,renovacion_mismatch
209895,86368583,1,[np.int64(0)],1,renovacion_mismatch
209899,1408004176682000,1,[np.int64(0)],1,renovacion_mismatch
209920,AA006119,2,[np.int64(0)],3,renovacion_mismatch
209939,14080041786374000,4,[np.int64(0)],2,renovacion_mismatch
209954,1408004176256000,1,[np.int64(0)],1,renovacion_mismatch
209955,1408004176257000,1,[np.int64(0)],1,renovacion_mismatch
209956,1408004176259000,1,[np.int64(0)],1,renovacion_mismatch
209967,35721809,1,[np.int64(0)],1,renovacion_mismatch
209974,10000012,1,[np.int64(0)],1,renovacion_mismatch
209975,2000199284,2,[np.int64(0)],1,renovacion_mismatch
209982,1000004005,1,[np.int64(0)],14,renovacion_mismatch
210041,101000800-2,2,[np.int64(0)],1,renovacion_mismatch
210045,1408004175829000,2,[np.int64(0)],1,renovacion_mismatch
210046,1408004175826000,2,[np.int64(0)],1,renovacion_mismatch
210052,35571450,1,[np.int64(0)],1,renovacion_mismatch
210074,1408004175739000,2,[np.int64(0)],1,renovacion_mismatch
210075,1408004175742000,2,[np.int64(0)],1,renovacion_mismatch
210088,101000787-2,2,[np.int64(0)],3,renovacion_mismatch
210097,994000000259-3,3,[np.int64(0)],1,renovacion_mismatch
210130,10565200219280,1,[np.int64(0)],1,renovacion_mismatch
210144,35473936,4,[np.int64(0)],1,renovacion_mismatch
210180,1408004175292000,3,[np.int64(0)],1,renovacion_mismatch
210181,1408004175297000,1,[np.int64(0)],1,renovacion_mismatch
210182,101003475,3,[np.int64(0)],12,renovacion_mismatch
210186,994000000255-3,2,[np.int64(0)],2,renovacion_mismatch
210219,994000000251-3,3,[np.int64(0)],1,renovacion_mismatch
210240,1408004175016000,4,[np.int64(0)],1,renovacion_mismatch
210263,1408004174891000,2,[np.int64(0)],1,renovacion_mismatch
210264,1408004174895000,2,[np.int64(0)],1,renovacion_mismatch
210271,994000007322,1,[np.int64(0)],1,renovacion_mismatch
210274,1000004261,3,[np.int64(0)],1,renovacion_mismatch
210283,1408004174803000,1,[np.int64(0)],1,renovacion_mismatch
210339,101006143-2,2,[np.int64(0)],2,renovacion_mismatch
210353,101005350-3,3,[np.int64(0)],5,renovacion_mismatch
210354,2050330684602,1,[np.int64(0)],10,renovacion_mismatch
210367,101006153-2,2,[np.int64(0)],1,renovacion_mismatch
210368,994000000250-3,3,[np.int64(0)],1,renovacion_mismatch
210390,9201123178269,3,[np.int64(0)],1,renovacion_mismatch
210397,10565200178800,1,[np.int64(0)],1,renovacion_mismatch
210422,9201123177796,4,[np.int64(0)],1,renovacion_mismatch
210468,994000000249-3,3,[np.int64(0)],3,renovacion_mismatch
210474,9201123206227,1,[np.int64(0)],1,renovacion_mismatch
210480,9201123204786,1,[np.int64(0)],1,renovacion_mismatch
210501,PE223671,1,[np.int64(0)],1,renovacion_mismatch
210508,1408004173729000,2,[np.int64(0)],1,renovacion_mismatch
210511,9201123199322,2,[np.int64(0)],1,renovacion_mismatch
210513,1408004173722000,2,[np.int64(0)],1,renovacion_mismatch
210514,1408004173723000,2,[np.int64(0)],1,renovacion_mismatch
210523,34929216,1,[np.int64(0)],1,renovacion_mismatch
210529,994000000129,2,[np.int64(0)],5,renovacion_mismatch
210543,1408004173501000,2,[np.int64(0)],1,renovacion_mismatch
210571,AA005945/AB000659,2,[np.int64(0)],27,renovacion_mismatch
210572,AA000749/AA012290,1,[np.int64(0)],27,renovacion_mismatch
210576,1408004173312000,4,[np.int64(0)],1,renovacion_mismatch
210582,2050330771601,1,[np.int64(0)],10,renovacion_mismatch
210597,1408004173114000,1,[np.int64(0)],1,renovacion_mismatch
210598,1408004173117000,1,[np.int64(0)],1,renovacion_mismatch
210599,1408004173119000,1,[np.int64(0)],1,renovacion_mismatch
210601,1408004173217000,1,[np.int64(0)],1,renovacion_mismatch
210621,1408004172861000,4,[np.int64(0)],1,renovacion_mismatch
210629,101000828-1,1,[np.int64(0)],1,renovacion_mismatch
210630,101000841-1,1,[np.int64(0)],1,renovacion_mismatch
210631,1408004172337000,4,[np.int64(0)],1,renovacion_mismatch
210632,1408004172338000,4,[np.int64(0)],1,renovacion_mismatch
210633,1408004172343000,4,[np.int64(0)],1,renovacion_mismatch
210634,1408004172345000,4,[np.int64(0)],1,renovacion_mismatch
210639,AA006064,2,[np.int64(0)],3,renovacion_mismatch
210651,1000167-28,2,[np.int64(0)],3,renovacion_mismatch
210652,3014351,3,[np.int64(0)],1,renovacion_mismatch
210656,101000985-1,2,[np.int64(0)],1,renovacion_mismatch
210661,1000004247,1,[np.int64(0)],2,renovacion_mismatch
210666,1408004172472000,4,[np.int64(0)],1,renovacion_mismatch
210667,1408004172461000,4,[np.int64(0)],1,renovacion_mismatch
210668,1408004172459000,4,[np.int64(0)],1,renovacion_mismatch
210676,1408004172414000,4,[np.int64(0)],1,renovacion_mismatch
210678,1408004172470000,4,[np.int64(0)],1,renovacion_mismatch
210682,1408004172468000,4,[np.int64(0)],1,renovacion_mismatch
210684,1408004172467000,4,[np.int64(0)],1,renovacion_mismatch
210685,1408004172464000,4,[np.int64(0)],1,renovacion_mismatch
210686,1408004172411000,4,[np.int64(0)],1,renovacion_mismatch
210687,1408004172406000,4,[np.int64(0)],1,renovacion_mismatch
210688,1408004172405000,4,[np.int64(0)],1,renovacion_mismatch
210689,1408004172413000,4,[np.int64(0)],1,renovacion_mismatch
210690,1408004172416000,4,[np.int64(0)],1,renovacion_mismatch
210691,1408004172417000,4,[np.int64(0)],1,renovacion_mismatch
210692,1408004172415000,4,[np.int64(0)],1,renovacion_mismatch
210693,1408004172408000,4,[np.int64(0)],1,renovacion_mismatch
210694,1408004172410000,4,[np.int64(0)],1,renovacion_mismatch
210695,1408004172412000,4,[np.int64(0)],1,renovacion_mismatch
210696,1408004172391000,4,[np.int64(0)],1,renovacion_mismatch
210697,1408004172392000,4,[np.int64(0)],1,renovacion_mismatch
210698,1408004172394000,4,[np.int64(0)],1,renovacion_mismatch
210699,1408004172396000,4,[np.int64(0)],1,renovacion_mismatch
210700,1408004172398000,4,[np.int64(0)],1,renovacion_mismatch
210701,1408004172401000,4,[np.int64(0)],1,renovacion_mismatch
210702,1408004172402000,4,[np.int64(0)],1,renovacion_mismatch
210703,1408004172403000,4,[np.int64(0)],1,renovacion_mismatch
210704,1408004172404000,4,[np.int64(0)],1,renovacion_mismatch
210705,1408004172409000,4,[np.int64(0)],1,renovacion_mismatch
210707,101006092-2,2,[np.int64(0)],3,renovacion_mismatch
210709,1408004172363000,4,[np.int64(0)],1,renovacion_mismatch
210710,1408004172367000,4,[np.int64(0)],1,renovacion_mismatch
210711,1408004172377000,4,[np.int64(0)],1,renovacion_mismatch
210712,1408004172378000,4,[np.int64(0)],1,renovacion_mismatch
210713,1408004172379000,4,[np.int64(0)],1,renovacion_mismatch
210714,1408004172387000,4,[np.int64(0)],1,renovacion_mismatch
210715,1408004172389000,4,[np.int64(0)],1,renovacion_mismatch
210716,1408004172357000,4,[np.int64(0)],1,renovacion_mismatch
210717,1408004172359000,4,[np.int64(0)],1,renovacion_mismatch
210718,1408004172361000,4,[np.int64(0)],1,renovacion_mismatch
210719,1408004172372000,4,[np.int64(0)],1,renovacion_mismatch
210720,1408004172368000,4,[np.int64(0)],1,renovacion_mismatch
210722,1408004172369000,4,[np.int64(0)],1,renovacion_mismatch
210723,1408004172375000,4,[np.int64(0)],1,renovacion_mismatch
210724,1408004172371000,4,[np.int64(0)],1,renovacion_mismatch
210732,110565200192030,1,[np.int64(0)],1,renovacion_mismatch
210734,1408004172351000,4,[np.int64(0)],1,renovacion_mismatch
210735,1408004172355000,4,[np.int64(0)],1,renovacion_mismatch
210737,1408004172265000,4,[np.int64(0)],1,renovacion_mismatch
210738,1408004172268000,4,[np.int64(0)],1,renovacion_mismatch
210739,1408004172267000,4,[np.int64(0)],1,renovacion_mismatch
210740,1408004172266000,4,[np.int64(0)],1,renovacion_mismatch
210746,1408004172164000,4,[np.int64(0)],1,renovacion_mismatch
210748,1408004172166000,4,[np.int64(0)],1,renovacion_mismatch
210749,1408004172167000,4,[np.int64(0)],1,renovacion_mismatch
210750,1408004172168000,4,[np.int64(0)],1,renovacion_mismatch
210803,1408004171878000,4,[np.int64(0)],1,renovacion_mismatch
210804,140800417875000,4,[np.int64(0)],1,renovacion_mismatch
210821,1408004171877000,4,[np.int64(0)],1,renovacion_mismatch
210822,1408004171876000,4,[np.int64(0)],1,renovacion_mismatch
210853,34253967,1,[np.int64(0)],1,renovacion_mismatch
210858,2050330672402,3,[np.int64(0)],10,renovacion_mismatch
210860,101006639-1,1,[np.int64(0)],3,renovacion_mismatch
210863,1901121001860-4,2,[np.int64(0)],3,renovacion_mismatch
210869,1000004187,1,[np.int64(0)],11,renovacion_mismatch
210870,101002756-2,3,[np.int64(0)],4,renovacion_mismatch
210895,101005294-4,3,[np.int64(0)],10,renovacion_mismatch
210912,101007055,3,[np.int64(0)],2,renovacion_mismatch
210944,10565200182680,1,[np.int64(0)],1,renovacion_mismatch
210945,10565200182690,1,[np.int64(0)],1,renovacion_mismatch
210964,101000386,2,[np.int64(0)],1,renovacion_mismatch
210966,101000221-1,1,[np.int64(0)],3,renovacion_mismatch
210969,10565200182110,4,[np.int64(0)],1,renovacion_mismatch
211002,10565200181000,1,[np.int64(0)],1,renovacion_mismatch
211004,1000004233,1,[np.int64(0)],1,renovacion_mismatch
211009,1000004237,1,[np.int64(0)],2,renovacion_mismatch
211011,994000001069-1,1,[np.int64(0)],1,renovacion_mismatch
211012,1000004240,1,[np.int64(0)],1,renovacion_mismatch
211025,1000004155,1,[np.int64(0)],3,renovacion_mismatch
211026,1000004129,1,[np.int64(0)],4,renovacion_mismatch
211027,1000004095,2,[np.int64(0)],11,renovacion_mismatch
211030,2050330668102,1,[np.int64(0)],1,renovacion_mismatch
211184,10565200178130,1,[np.int64(0)],1,renovacion_mismatch
211185,10565200178170,1,[np.int64(0)],1,renovacion_mismatch
211191,1000000715-4,3,[np.int64(0)],1,renovacion_mismatch
211195,9201123175915,4,[np.int64(0)],1,renovacion_mismatch
211248,10565200175580,4,[np.int64(0)],1,renovacion_mismatch
211249,10565200175600,4,[np.int64(0)],1,renovacion_mismatch
211250,10565200175720,4,[np.int64(0)],1,renovacion_mismatch
211263,1000004226,1,[np.int64(0)],2,renovacion_mismatch
211298,1408004170186000,1,[np.int64(0)],1,renovacion_mismatch
211304,10565200173570,1,[np.int64(0)],1,renovacion_mismatch
211313,101005967-2,2,[np.int64(0)],1,renovacion_mismatch
211325,101003097,1,[np.int64(0)],23,renovacion_mismatch
211332,2050330326207,3,[np.int64(0)],1,renovacion_mismatch
211350,9201123166854,2,[np.int64(0)],1,renovacion_mismatch
211401,9201123164593,1,[np.int64(0)],1,renovacion_mismatch
211422,1000004229,1,[np.int64(0)],1,renovacion_mismatch
211438,10565200168110,1,[np.int64(0)],1,renovacion_mismatch
211449,101006019-2,2,[np.int64(0)],4,renovacion_mismatch
211494,1000004180,1,[np.int64(0)],1,renovacion_mismatch
211501,1000004157,1,[np.int64(0)],1,renovacion_mismatch
211503,1000004080,1,[np.int64(0)],1,renovacion_mismatch
211516,10565200167360,1,[np.int64(0)],1,renovacion_mismatch
211518,1000004225,1,[np.int64(0)],5,renovacion_mismatch
211519,IHZ734,1,[np.int64(0)],1,renovacion_mismatch
211522,1000004197,2,[np.int64(0)],1,renovacion_mismatch
211552,994000000410-2,2,[np.int64(0)],3,renovacion_mismatch
211565,AA005818,5,[np.int64(0)],4,renovacion_mismatch
211583,9201123159707,4,[np.int64(0)],1,renovacion_mismatch
211634,1408004168969000,1,[np.int64(0)],1,renovacion_mismatch
211635,1408004168970000,1,[np.int64(0)],1,renovacion_mismatch
211646,101000369,2,[np.int64(0)],10,renovacion_mismatch
211648,101003427,2,[np.int64(0)],3,renovacion_mismatch
211653,9201123158392,1,[np.int64(0)],1,renovacion_mismatch
211707,101006655-1,1,[np.int64(0)],10,renovacion_mismatch
211723,1000004208,1,[np.int64(0)],3,renovacion_mismatch
211724,1000004212,1,[np.int64(0)],2,renovacion_mismatch
211768,1000004151,1,[np.int64(0)],2,renovacion_mismatch
211786,2050330659302,1,[np.int64(0)],5,renovacion_mismatch
211818,33404493,4,[np.int64(0)],1,renovacion_mismatch
211834,AA000759,1,[np.int64(0)],9,renovacion_mismatch
211835,AA000760,2,[np.int64(0)],4,renovacion_mismatch
211846,10565200156930,1,[np.int64(0)],1,renovacion_mismatch
211857,1000004194,1,[np.int64(0)],1,renovacion_mismatch
211858,1000004201,1,[np.int64(0)],1,renovacion_mismatch
211859,1000004188,3,[np.int64(0)],1,renovacion_mismatch
211884,9201123148381,1,[np.int64(0)],1,renovacion_mismatch
211958,1000004165,1,[np.int64(0)],1,renovacion_mismatch
211974,1408004164940000,1,[np.int64(0)],1,renovacion_mismatch
212054,AA005797,3,[np.int64(0)],5,renovacion_mismatch
212087,101000802,1,[np.int64(0)],1,renovacion_mismatch
212092,101005647-2,1,[np.int64(0)],1,renovacion_mismatch
212093,AA006234,2,[np.int64(0)],6,renovacion_mismatch
212094,2050330554003,1,[np.int64(0)],1,renovacion_mismatch
212100,1000000615-7,3,[np.int64(0)],1,renovacion_mismatch
212101,1000000617-5,3,[np.int64(0)],1,renovacion_mismatch
212102,1000710-3,3,[np.int64(0)],1,renovacion_mismatch
212103,1000709-3,3,[np.int64(0)],1,renovacion_mismatch
212135,101004128-7,1,[np.int64(0)],4,renovacion_mismatch
212149,PE214646,2,[np.int64(0)],1,renovacion_mismatch
212156,1000004098,1,[np.int64(0)],2,renovacion_mismatch
212169,1000004131,1,[np.int64(0)],2,renovacion_mismatch
212177,1000004158,1,[np.int64(0)],2,renovacion_mismatch
212194,1000004062,1,[np.int64(0)],1,renovacion_mismatch
212206,AA005789,3,[np.int64(0)],31,renovacion_mismatch
212256,101005888-2,2,[np.int64(0)],11,renovacion_mismatch
212262,101005944-1,2,[np.int64(0)],3,renovacion_mismatch
212264,AA005768,3,[np.int64(0)],45,renovacion_mismatch
212271,2050330653902,1,[np.int64(0)],10,renovacion_mismatch
212309,994000000382-2,2,[np.int64(0)],1,renovacion_mismatch
212312,101000361,2,[np.int64(0)],3,renovacion_mismatch
212330,1000004003,1,[np.int64(0)],4,renovacion_mismatch
212375,1000003987,1,[np.int64(0)],12,renovacion_mismatch
212385,1000004060,2,[np.int64(0)],17,renovacion_mismatch
212391,1000004006,3,[np.int64(0)],2,renovacion_mismatch
212415,1000004130,4,[np.int64(0)],2,renovacion_mismatch
212432,1000004083,1,[np.int64(0)],2,renovacion_mismatch
212448,3000753-2,2,[np.int64(0)],1,renovacion_mismatch
212449,1000004046,1,[np.int64(0)],4,renovacion_mismatch
212451,1000004119,3,[np.int64(0)],13,renovacion_mismatch
212457,PE212168,2,[np.int64(0)],1,renovacion_mismatch
212474,101006553-1,2,[np.int64(0)],1,renovacion_mismatch
212486,1000004061,2,[np.int64(0)],10,renovacion_mismatch
212487,1000004090,2,[np.int64(0)],5,renovacion_mismatch
212489,1000004058,1,[np.int64(0)],2,renovacion_mismatch
212529,994000000388-2,2,[np.int64(0)],10,renovacion_mismatch
212539,1000704-3,2,[np.int64(0)],1,renovacion_mismatch
212540,101006558-1,2,[np.int64(0)],4,renovacion_mismatch
212542,1408004163819000,1,[np.int64(0)],1,renovacion_mismatch
212543,1408004163822000,1,[np.int64(0)],1,renovacion_mismatch
212547,1000004013,2,[np.int64(0)],19,renovacion_mismatch
212548,1000003997,2,[np.int64(0)],18,renovacion_mismatch
212560,1408004163821000,1,[np.int64(0)],1,renovacion_mismatch
212561,1408004163820000,1,[np.int64(0)],1,renovacion_mismatch
212594,1000004063,2,[np.int64(0)],2,renovacion_mismatch
212622,1000000218-24,1,[np.int64(0)],13,renovacion_mismatch
212692,10565200126870,4,[np.int64(0)],1,renovacion_mismatch
212706,1000003986,2,[np.int64(0)],55,renovacion_mismatch
212707,1408004163410000,3,[np.int64(0)],1,renovacion_mismatch
212710,1408004163407000,3,[np.int64(0)],1,renovacion_mismatch
212731,1000003994,1,[np.int64(0)],21,renovacion_mismatch
212741,2050014548604,2,[np.int64(0)],1,renovacion_mismatch
212815,2050330637602,1,[np.int64(0)],11,renovacion_mismatch
212974,1000004015,2,[np.int64(0)],4,renovacion_mismatch
212982,101003376,1,[np.int64(0)],1,renovacion_mismatch
212983,994000000377-2,2,[np.int64(0)],1,renovacion_mismatch
212984,101006525-1,1,[np.int64(0)],10,renovacion_mismatch
213017,1000003982,2,[np.int64(0)],24,renovacion_mismatch
213027,101005800-2,2,[np.int64(0)],1,renovacion_mismatch
213028,101006507-1,1,[np.int64(0)],1,renovacion_mismatch
213029,1000000033-18,1,[np.int64(0)],7,renovacion_mismatch
213042,10565200116600,1,[np.int64(0)],1,renovacion_mismatch
213101,101002364-3,2,[np.int64(0)],10,renovacion_mismatch
213108,101006510-1,1,[np.int64(0)],1,renovacion_mismatch
213367,3308005344543000,4,[np.int64(0)],1,renovacion_mismatch
213380,3308005336055000,3,[np.int64(0)],1,renovacion_mismatch
213433,101000162-1,1,[np.int64(0)],1,renovacion_mismatch
213434,3308005318664000,1,[np.int64(0)],1,renovacion_mismatch
213439,3308005321497000,3,[np.int64(0)],1,renovacion_mismatch
213491,AA005712-2,2,[np.int64(0)],1,renovacion_mismatch
213538,101006495-1,1,[np.int64(0)],1,renovacion_mismatch
213542,2050330635902,1,[np.int64(0)],1,renovacion_mismatch
213547,105000038,2,[np.int64(0)],1,renovacion_mismatch
213548,101005607-2,2,[np.int64(0)],1,renovacion_mismatch
213550,101002976-1,2,[np.int64(0)],4,renovacion_mismatch
213552,101006500-1,1,[np.int64(0)],3,renovacion_mismatch
213560,101000148-2,2,[np.int64(0)],1,renovacion_mismatch
213585,101005608-2,2,[np.int64(0)],3,renovacion_mismatch
213602,994000000363-2,2,[np.int64(0)],3,renovacion_mismatch
213619,101006477-1,2,[np.int64(0)],4,renovacion_mismatch
213674,3308005250836000,4,[np.int64(0)],1,renovacion_mismatch
213675,3308005250940000,3,[np.int64(0)],1,renovacion_mismatch
213687,330800524706300,2,[np.int64(0)],1,renovacion_mismatch
213688,3308005245268000,1,[np.int64(0)],1,renovacion_mismatch
213723,1901121003822-1,1,[np.int64(0)],1,renovacion_mismatch
213735,10565200093040,1,[np.int64(0)],1,renovacion_mismatch
213745,101005623-2,2,[np.int64(0)],1,renovacion_mismatch
213751,1000272-20,2,[np.int64(0)],27,renovacion_mismatch
213762,101000789-2,2,[np.int64(0)],2,renovacion_mismatch
213765,3014062,2,[np.int64(0)],3,renovacion_mismatch
213766,101000163-4,2,[np.int64(0)],4,renovacion_mismatch
213767,101000308,2,[np.int64(0)],4,renovacion_mismatch
213774,994000000359-1,2,[np.int64(0)],1,renovacion_mismatch
213878,101006420-1,1,[np.int64(0)],10,renovacion_mismatch
213879,10565200051490,3,[np.int64(0)],1,renovacion_mismatch
213880,10565200051700,3,[np.int64(0)],1,renovacion_mismatch
213881,AA005678-3,2,[np.int64(0)],1,renovacion_mismatch
213883,AA005636/AB000658,1,[np.int64(0)],27,renovacion_mismatch
213892,1565200041500,1,[np.int64(0)],1,renovacion_mismatch
213893,1565200051450,1,[np.int64(0)],1,renovacion_mismatch
213894,1056520051470,1,[np.int64(0)],1,renovacion_mismatch
213895,10565200051470,1,[np.int64(0)],1,renovacion_mismatch
213896,10565200076230,1,[np.int64(0)],1,renovacion_mismatch
213904,101006421-1,1,[np.int64(0)],10,renovacion_mismatch
213908,2050330534903,2,[np.int64(0)],1,renovacion_mismatch
213909,101005668-2,2,[np.int64(0)],1,renovacion_mismatch
213910,2050330622902,1,[np.int64(0)],1,renovacion_mismatch
213939,101006431-1,1,[np.int64(0)],1,renovacion_mismatch
213955,101000343,2,[np.int64(0)],1,renovacion_mismatch
213967,2050330532003,2,[np.int64(0)],11,renovacion_mismatch
214030,10565200048970,3,[np.int64(0)],1,renovacion_mismatch
214121,2050330622002,1,[np.int64(0)],1,renovacion_mismatch
214122,156796071290,1,[np.int64(0)],1,renovacion_mismatch
214123,15679600071870,1,[np.int64(0)],1,renovacion_mismatch
214124,15679600071860,1,[np.int64(0)],1,renovacion_mismatch
214243,15679600036380,1,[np.int64(0)],1,renovacion_mismatch
214244,15679600048410,1,[np.int64(0)],1,renovacion_mismatch
214258,15679600042760,4,[np.int64(0)],1,renovacion_mismatch
214261,994000000326-2,2,[np.int64(0)],3,renovacion_mismatch
214263,3013981,2,[np.int64(0)],1,renovacion_mismatch
214264,3000224-4,2,[np.int64(0)],1,renovacion_mismatch
214265,3000223-4,2,[np.int64(0)],1,renovacion_mismatch
214266,AA005617,2,[np.int64(0)],4,renovacion_mismatch
214465,AA006161,1,[np.int64(0)],3,renovacion_mismatch
214470,15679600030610,2,[np.int64(0)],1,renovacion_mismatch
214471,AA005290,2,[np.int64(0)],41,renovacion_mismatch
214480,15679600018930,1,[np.int64(0)],1,renovacion_mismatch
214481,15679600018940,1,[np.int64(0)],1,renovacion_mismatch
214490,15679600004490,1,[np.int64(0)],1,renovacion_mismatch
214491,156796000021070,1,[np.int64(0)],1,renovacion_mismatch
214499,15679600017960,3,[np.int64(0)],1,renovacion_mismatch
214518,994000000316-2,2,[np.int64(0)],3,renovacion_mismatch
214533,3000213,1,[np.int64(0)],4,renovacion_mismatch
214534,3000278,2,[np.int64(0)],3,renovacion_mismatch
214539,3000244,1,[np.int64(0)],4,renovacion_mismatch
214540,3000249,1,[np.int64(0)],3,renovacion_mismatch
214541,3000252,1,[np.int64(0)],3,renovacion_mismatch
214542,101000867,2,[np.int64(0)],1,renovacion_mismatch
214544,AA005883,2,[np.int64(0)],3,renovacion_mismatch
214557,101005522-2,2,[np.int64(0)],3,renovacion_mismatch
214558,2050330522803,2,[np.int64(0)],4,renovacion_mismatch
214560,101000853,2,[np.int64(0)],1,renovacion_mismatch
214568,AA005593,2,[np.int64(0)],4,renovacion_mismatch
214574,1000000144-9,2,[np.int64(0)],2,renovacion_mismatch
214575,101006274-1,2,[np.int64(0)],1,renovacion_mismatch
214620,14289402259860,2,[np.int64(0)],1,renovacion_mismatch
214628,14289402251310,1,[np.int64(0)],1,renovacion_mismatch
214639,10565200038170,1,[np.int64(0)],1,renovacion_mismatch
214640,14289402227810,3,[np.int64(0)],1,renovacion_mismatch
214644,14289402212260,2,[np.int64(0)],1,renovacion_mismatch
214654,14289402198160,1,[np.int64(0)],1,renovacion_mismatch
214680,14289402174470,3,[np.int64(0)],1,renovacion_mismatch
214693,101006289-1,1,[np.int64(0)],10,renovacion_mismatch
214695,994000000279-2,2,[np.int64(0)],3,renovacion_mismatch
214696,101006828,2,[np.int64(0)],2,renovacion_mismatch
214697,101006278-1,3,[np.int64(0)],2,renovacion_mismatch
214707,101000683-1,2,[np.int64(0)],2,renovacion_mismatch
214708,101000871-1,1,[np.int64(0)],2,renovacion_mismatch
214713,994000000304-2,2,[np.int64(0)],3,renovacion_mismatch
214714,101006309,1,[np.int64(0)],20,renovacion_mismatch
214716,101003272,2,[np.int64(0)],4,renovacion_mismatch
214725,2050330609402,1,[np.int64(0)],10,renovacion_mismatch
214734,15679600004470,4,[np.int64(0)],1,renovacion_mismatch
214741,15679600001900,1,[np.int64(0)],1,renovacion_mismatch
214742,15679600002360,1,[np.int64(0)],1,renovacion_mismatch
214768,2050330606802,1,[np.int64(0)],1,renovacion_mismatch
214771,14289402355100,3,[np.int64(0)],1,renovacion_mismatch
214777,1000003910,2,[np.int64(0)],2,renovacion_mismatch
214789,10565200037160,1,[np.int64(0)],1,renovacion_mismatch
214798,10565200038340,1,[np.int64(0)],1,renovacion_mismatch
214799,101000851,2,[np.int64(0)],4,renovacion_mismatch
214805,1000003941,2,[np.int64(0)],49,renovacion_mismatch
214816,994000000530,2,[np.int64(0)],10,renovacion_mismatch
214818,101000865,2,[np.int64(0)],3,renovacion_mismatch
214821,14289402120300,4,[np.int64(0)],1,renovacion_mismatch
214826,14289402137540,1,[np.int64(0)],1,renovacion_mismatch
214832,994000000292-2,2,[np.int64(0)],1,renovacion_mismatch
214839,4360000433,1,[np.int64(0)],1,renovacion_mismatch
214842,10565200036850,1,[np.int64(0)],1,renovacion_mismatch
214843,14289402106560,4,[np.int64(0)],1,renovacion_mismatch
214844,14289402115330,2,[np.int64(0)],1,renovacion_mismatch
214857,4360000434,2,[np.int64(0)],1,renovacion_mismatch
214869,101006261-1,1,[np.int64(0)],10,renovacion_mismatch
214870,101006262-1,1,[np.int64(0)],1,renovacion_mismatch
214874,142898402158420,4,[np.int64(0)],1,renovacion_mismatch
214880,14289402083920,2,[np.int64(0)],1,renovacion_mismatch
214881,14289402082290,4,[np.int64(0)],1,renovacion_mismatch
214883,14289402084880,4,[np.int64(0)],1,renovacion_mismatch
214884,14289402089010,3,[np.int64(0)],1,renovacion_mismatch
214908,10565200036500,1,[np.int64(0)],1,renovacion_mismatch
214909,10565200036480,1,[np.int64(0)],1,renovacion_mismatch
214918,10565200036390,1,[np.int64(0)],1,renovacion_mismatch
214921,101000848,1,[np.int64(0)],1,renovacion_mismatch
214922,101000862,1,[np.int64(0)],1,renovacion_mismatch
214928,14517700034640,2,[np.int64(0)],1,renovacion_mismatch
214944,10565200035930,3,[np.int64(0)],1,renovacion_mismatch
214947,14517700034550,1,[np.int64(0)],1,renovacion_mismatch
214948,14517700034560,3,[np.int64(0)],1,renovacion_mismatch
214951,14517700035490,1,[np.int64(0)],1,renovacion_mismatch
214957,14517700034220,1,[np.int64(0)],1,renovacion_mismatch
214963,14517700034510,1,[np.int64(0)],1,renovacion_mismatch
214970,14517700034430,1,[np.int64(0)],1,renovacion_mismatch
214973,14517700034180,2,[np.int64(0)],1,renovacion_mismatch
214974,14517700034190,1,[np.int64(0)],1,renovacion_mismatch
214976,14517700034210,3,[np.int64(0)],1,renovacion_mismatch
214979,14517700034320,2,[np.int64(0)],1,renovacion_mismatch
214985,14517700034380,1,[np.int64(0)],1,renovacion_mismatch
214988,AA006134,2,[np.int64(0)],6,renovacion_mismatch
214989,2050330598002,1,[np.int64(0)],1,renovacion_mismatch
214991,101000245-1,2,[np.int64(0)],3,renovacion_mismatch
214992,101000275,1,[np.int64(0)],3,renovacion_mismatch
214994,2050330597702,1,[np.int64(0)],1,renovacion_mismatch
214998,14517700034610,2,[np.int64(0)],1,renovacion_mismatch
215004,AA005886,2,[np.int64(0)],10,renovacion_mismatch
215005,10565200035880,1,[np.int64(0)],1,renovacion_mismatch
215009,14517700034150,2,[np.int64(0)],1,renovacion_mismatch
215021,14517700034060,2,[np.int64(0)],1,renovacion_mismatch
215022,994000000269-2,2,[np.int64(0)],3,renovacion_mismatch
215024,14517700034070,1,[np.int64(0)],1,renovacion_mismatch
215033,14517700033980,4,[np.int64(0)],1,renovacion_mismatch
215043,14517700033920,3,[np.int64(0)],1,renovacion_mismatch
215048,101006242-1,1,[np.int64(0)],10,renovacion_mismatch
215049,2050330597002,1,[np.int64(0)],10,renovacion_mismatch
215050,101006222-1,1,[np.int64(0)],10,renovacion_mismatch
215051,AA006121,1,[np.int64(0)],2,renovacion_mismatch
215056,14517700033870,1,[np.int64(0)],1,renovacion_mismatch
215064,14517700033860,2,[np.int64(0)],1,renovacion_mismatch
215072,14517700033780,4,[np.int64(0)],1,renovacion_mismatch
215074,14517700033800,1,[np.int64(0)],1,renovacion_mismatch
215084,14517700033720,1,[np.int64(0)],1,renovacion_mismatch
215087,14517700033690,2,[np.int64(0)],1,renovacion_mismatch
215089,15574000003970,3,[np.int64(0)],1,renovacion_mismatch
215090,14517700033640,3,[np.int64(0)],1,renovacion_mismatch
215093,14517700033670,2,[np.int64(0)],1,renovacion_mismatch
215100,15574000003890,1,[np.int64(0)],1,renovacion_mismatch
215106,14517700033630,1,[np.int64(0)],1,renovacion_mismatch
215108,15574000003760,1,[np.int64(0)],1,renovacion_mismatch
215109,15574000003770,3,[np.int64(0)],1,renovacion_mismatch
215116,15574000003850,2,[np.int64(0)],1,renovacion_mismatch
215118,15574000003660,3,[np.int64(0)],1,renovacion_mismatch
215120,15574000003690,2,[np.int64(0)],1,renovacion_mismatch
215124,15574000003730,3,[np.int64(0)],1,renovacion_mismatch
215125,15574000003740,1,[np.int64(0)],1,renovacion_mismatch
215128,15574000003620,2,[np.int64(0)],1,renovacion_mismatch
215132,14517700033590,1,[np.int64(0)],1,renovacion_mismatch
215138,15574000003550,2,[np.int64(0)],2,renovacion_mismatch
215140,14517700033560,2,[np.int64(0)],1,renovacion_mismatch
215145,15574000003600,2,[np.int64(0)],1,renovacion_mismatch
215150,14517700033530,4,[np.int64(0)],1,renovacion_mismatch
215151,15574000003470,1,[np.int64(0)],1,renovacion_mismatch
215156,15574000003340,2,[np.int64(0)],1,renovacion_mismatch
215161,15574000003370,2,[np.int64(0)],1,renovacion_mismatch
215162,15574000003380,3,[np.int64(0)],1,renovacion_mismatch
215165,15574000003420,3,[np.int64(0)],1,renovacion_mismatch
215169,14517700033460,1,[np.int64(0)],1,renovacion_mismatch
215170,14517700033470,2,[np.int64(0)],1,renovacion_mismatch
215173,15574000003310,3,[np.int64(0)],1,renovacion_mismatch
215176,15574000003920,3,[np.int64(0)],1,renovacion_mismatch
215177,101005393-3,1,[np.int64(0)],10,renovacion_mismatch
215178,101004265-4,2,[np.int64(0)],1,renovacion_mismatch
215181,994000000441,1,[np.int64(0)],10,renovacion_mismatch
215191,14517700033610,2,[np.int64(0)],1,renovacion_mismatch
215214,15574000003140,3,[np.int64(0)],1,renovacion_mismatch
215215,15574000003150,3,[np.int64(0)],1,renovacion_mismatch
215217,15574000003170,1,[np.int64(0)],1,renovacion_mismatch
215218,15574000003180,3,[np.int64(0)],1,renovacion_mismatch
215219,15574000003190,1,[np.int64(0)],1,renovacion_mismatch
215238,1000003903,1,[np.int64(0)],1,renovacion_mismatch
215247,15574000003240,3,[np.int64(0)],1,renovacion_mismatch
215254,105000023,2,[np.int64(0)],1,renovacion_mismatch
215259,3013698,2,[np.int64(0)],10,renovacion_mismatch
215260,3013699,2,[np.int64(0)],10,renovacion_mismatch
215261,1000003927,1,[np.int64(0)],1,renovacion_mismatch
215263,994000000259-2,2,[np.int64(0)],1,renovacion_mismatch
215265,14517700033360,2,[np.int64(0)],1,renovacion_mismatch
215267,15574000003090,3,[np.int64(0)],1,renovacion_mismatch
215269,101005374-4,2,[np.int64(0)],10,renovacion_mismatch
215271,14517700033370,1,[np.int64(0)],1,renovacion_mismatch
215280,15574000003070,2,[np.int64(0)],1,renovacion_mismatch
215290,14517700033330,1,[np.int64(0)],1,renovacion_mismatch
215294,15574000002860,2,[np.int64(0)],1,renovacion_mismatch
215296,15574000002880,1,[np.int64(0)],1,renovacion_mismatch
215297,15574000002890,1,[np.int64(0)],1,renovacion_mismatch
215300,15574000002930,2,[np.int64(0)],2,renovacion_mismatch
215303,101000800-1,1,[np.int64(0)],1,renovacion_mismatch
215306,15574000002790,3,[np.int64(0)],1,renovacion_mismatch
215313,15574000002900,1,[np.int64(0)],1,renovacion_mismatch
215314,101000789-1,1,[np.int64(0)],2,renovacion_mismatch
215315,15574000002730,3,[np.int64(0)],1,renovacion_mismatch
215320,15574000002780,3,[np.int64(0)],1,renovacion_mismatch
215327,15574000002830,3,[np.int64(0)],1,renovacion_mismatch
215328,14517700033300,2,[np.int64(0)],1,renovacion_mismatch
215330,83724227,3,[np.int64(0)],1,renovacion_mismatch
215331,83724228,2,[np.int64(0)],1,renovacion_mismatch
215334,83724225,3,[np.int64(0)],1,renovacion_mismatch
215336,14517700033280,3,[np.int64(0)],1,renovacion_mismatch
215347,14517700033240,1,[np.int64(0)],1,renovacion_mismatch
215348,14517700033250,1,[np.int64(0)],1,renovacion_mismatch
215351,14517700033270,1,[np.int64(0)],1,renovacion_mismatch
215352,83724223,1,[np.int64(0)],1,renovacion_mismatch
215355,14517700033220,2,[np.int64(0)],1,renovacion_mismatch
215356,14517700033230,3,[np.int64(0)],1,renovacion_mismatch
215359,101000790-1,1,[np.int64(0)],1,renovacion_mismatch
215360,101000801,1,[np.int64(0)],2,renovacion_mismatch
215361,15574000002700,3,[np.int64(0)],1,renovacion_mismatch
215368,14517700033210,3,[np.int64(0)],1,renovacion_mismatch
215369,83724213,3,[np.int64(0)],1,renovacion_mismatch
215373,14517700033160,2,[np.int64(0)],1,renovacion_mismatch
215375,15574000002640,3,[np.int64(0)],1,renovacion_mismatch
215376,15574000002650,1,[np.int64(0)],1,renovacion_mismatch
215379,15574000002690,3,[np.int64(0)],1,renovacion_mismatch
215380,83724212,3,[np.int64(0)],1,renovacion_mismatch
215385,15574000002600,1,[np.int64(0)],1,renovacion_mismatch
215386,15574000002610,1,[np.int64(0)],1,renovacion_mismatch
215387,15574000002620,2,[np.int64(0)],1,renovacion_mismatch
215390,83724199,1,[np.int64(0)],1,renovacion_mismatch
215393,15574000002570,3,[np.int64(0)],2,renovacion_mismatch
215396,14517700033120,1,[np.int64(0)],1,renovacion_mismatch
215398,83724210,3,[np.int64(0)],1,renovacion_mismatch
215404,1000003775,1,[np.int64(0)],1,renovacion_mismatch
215406,83724211,3,[np.int64(0)],1,renovacion_mismatch
215413,15574000002460,2,[np.int64(0)],1,renovacion_mismatch
215415,15574000002490,3,[np.int64(0)],1,renovacion_mismatch
215417,15574000002510,3,[np.int64(0)],1,renovacion_mismatch
215418,2050330686701,1,[np.int64(0)],1,renovacion_mismatch
215427,14517700033080,1,[np.int64(0)],1,renovacion_mismatch
215429,14517700033100,2,[np.int64(0)],1,renovacion_mismatch
215433,83724197,1,[np.int64(0)],1,renovacion_mismatch
215442,994000000251-2,2,[np.int64(0)],1,renovacion_mismatch
215445,15574000002370,3,[np.int64(0)],1,renovacion_mismatch
215447,15574000002390,3,[np.int64(0)],1,renovacion_mismatch
215450,83724207,2,[np.int64(0)],1,renovacion_mismatch
215452,101005350-2,2,[np.int64(0)],4,renovacion_mismatch
215461,15574000002330,2,[np.int64(0)],1,renovacion_mismatch
215462,14517700033040,2,[np.int64(0)],1,renovacion_mismatch
215463,83724190,3,[np.int64(0)],1,renovacion_mismatch
215464,83724191,3,[np.int64(0)],1,renovacion_mismatch
215465,83724192,3,[np.int64(0)],1,renovacion_mismatch
215467,3137997900,1,[np.int64(0)],1,renovacion_mismatch
215469,14517700033050,2,[np.int64(0)],1,renovacion_mismatch
215474,83724187,2,[np.int64(0)],1,renovacion_mismatch
215476,83724206,3,[np.int64(0)],1,renovacion_mismatch
215478,3137782800,2,[np.int64(0)],1,renovacion_mismatch
215494,14517700033020,2,[np.int64(0)],1,renovacion_mismatch
215500,83724205,3,[np.int64(0)],1,renovacion_mismatch
215501,3137219200,1,[np.int64(0)],1,renovacion_mismatch
215504,994000000250-2,2,[np.int64(0)],1,renovacion_mismatch
215510,83724204,2,[np.int64(0)],1,renovacion_mismatch
215512,83490235,1,[np.int64(0)],1,renovacion_mismatch
215514,14517700032980,3,[np.int64(0)],1,renovacion_mismatch
215518,83724185,3,[np.int64(0)],1,renovacion_mismatch
215519,83724186,3,[np.int64(0)],1,renovacion_mismatch
215520,14517700032930,3,[np.int64(0)],1,renovacion_mismatch
215526,14517700032950,1,[np.int64(0)],1,renovacion_mismatch
215528,83724201,1,[np.int64(0)],1,renovacion_mismatch
215529,83724202,3,[np.int64(0)],1,renovacion_mismatch
215536,101006153-1,1,[np.int64(0)],1,renovacion_mismatch
215538,15574000001210,3,[np.int64(0)],1,renovacion_mismatch
215543,994000000249-2,2,[np.int64(0)],3,renovacion_mismatch
215544,83724203,3,[np.int64(0)],1,renovacion_mismatch
215551,83490231,3,[np.int64(0)],1,renovacion_mismatch
215552,14517700032890,1,[np.int64(0)],1,renovacion_mismatch
215558,14517700032910,1,[np.int64(0)],1,renovacion_mismatch
215559,14517700032920,2,[np.int64(0)],1,renovacion_mismatch
215561,14517700032870,3,[np.int64(0)],1,renovacion_mismatch
215571,15574000002240,1,[np.int64(0)],1,renovacion_mismatch
215572,15574000002250,1,[np.int64(0)],1,renovacion_mismatch
215573,83490238,3,[np.int64(0)],1,renovacion_mismatch
215579,15574000001770,3,[np.int64(0)],1,renovacion_mismatch
215580,15574000001780,3,[np.int64(0)],1,renovacion_mismatch
215588,14517700032840,1,[np.int64(0)],1,renovacion_mismatch
215589,15574000001670,3,[np.int64(0)],1,renovacion_mismatch
215590,15574000001680,3,[np.int64(0)],1,renovacion_mismatch
215591,15574000001690,3,[np.int64(0)],1,renovacion_mismatch
215592,15574000001700,3,[np.int64(0)],1,renovacion_mismatch
215593,15574000001710,3,[np.int64(0)],1,renovacion_mismatch
215594,15574000001720,3,[np.int64(0)],1,renovacion_mismatch
215595,15574000001730,3,[np.int64(0)],1,renovacion_mismatch
215596,15574000001740,3,[np.int64(0)],1,renovacion_mismatch
215597,15574000001750,3,[np.int64(0)],1,renovacion_mismatch
215598,15574000001760,3,[np.int64(0)],1,renovacion_mismatch
215599,15574000001570,3,[np.int64(0)],1,renovacion_mismatch
215600,15574000001580,3,[np.int64(0)],1,renovacion_mismatch
215601,15574000001590,3,[np.int64(0)],1,renovacion_mismatch
215602,15574000001600,3,[np.int64(0)],1,renovacion_mismatch
215603,15574000001610,3,[np.int64(0)],1,renovacion_mismatch
215604,15574000001620,3,[np.int64(0)],1,renovacion_mismatch
215605,15574000001630,3,[np.int64(0)],1,renovacion_mismatch
215606,15574000001640,3,[np.int64(0)],1,renovacion_mismatch
215607,15574000001650,3,[np.int64(0)],1,renovacion_mismatch
215608,15574000001660,3,[np.int64(0)],1,renovacion_mismatch
215609,1557400001470,3,[np.int64(0)],1,renovacion_mismatch
215610,15574000001480,3,[np.int64(0)],1,renovacion_mismatch
215611,15574000001490,3,[np.int64(0)],1,renovacion_mismatch
215612,15574000001500,3,[np.int64(0)],1,renovacion_mismatch
215613,15574000001510,3,[np.int64(0)],1,renovacion_mismatch
215614,15574000001520,3,[np.int64(0)],1,renovacion_mismatch
215615,15574000001530,3,[np.int64(0)],1,renovacion_mismatch
215616,15574000001540,3,[np.int64(0)],1,renovacion_mismatch
215617,15574000001550,3,[np.int64(0)],1,renovacion_mismatch
215618,15574000001560,3,[np.int64(0)],1,renovacion_mismatch
215619,15574000001370,3,[np.int64(0)],1,renovacion_mismatch
215620,15574000001380,3,[np.int64(0)],1,renovacion_mismatch
215621,15574000001390,3,[np.int64(0)],1,renovacion_mismatch
215622,15574000001400,3,[np.int64(0)],1,renovacion_mismatch
215623,15574000001410,3,[np.int64(0)],1,renovacion_mismatch
215624,15574000001420,3,[np.int64(0)],1,renovacion_mismatch
215625,15574000001430,3,[np.int64(0)],1,renovacion_mismatch
215626,15574000001440,3,[np.int64(0)],1,renovacion_mismatch
215627,15574000001450,3,[np.int64(0)],1,renovacion_mismatch
215628,15574000001460,3,[np.int64(0)],1,renovacion_mismatch
215629,15574000001260,3,[np.int64(0)],1,renovacion_mismatch
215630,15574000001270,3,[np.int64(0)],1,renovacion_mismatch
215631,15574000001280,3,[np.int64(0)],1,renovacion_mismatch
215632,15574000001290,3,[np.int64(0)],1,renovacion_mismatch
215633,15574000001310,3,[np.int64(0)],1,renovacion_mismatch
215634,15574000001320,3,[np.int64(0)],1,renovacion_mismatch
215635,15574000001330,3,[np.int64(0)],1,renovacion_mismatch
215636,15574000001340,3,[np.int64(0)],1,renovacion_mismatch
215637,15574000001350,3,[np.int64(0)],1,renovacion_mismatch
215638,15574000001360,3,[np.int64(0)],1,renovacion_mismatch
215639,83490236,1,[np.int64(0)],1,renovacion_mismatch
215643,3136750500,1,[np.int64(0)],1,renovacion_mismatch
215644,15574000002230,2,[np.int64(0)],1,renovacion_mismatch
215646,15574000001240,3,[np.int64(0)],1,renovacion_mismatch
215647,15574000001250,3,[np.int64(0)],1,renovacion_mismatch
215649,15574000001230,3,[np.int64(0)],1,renovacion_mismatch
215653,83490208,2,[np.int64(0)],1,renovacion_mismatch
215654,3136624700,1,[np.int64(0)],1,renovacion_mismatch
215655,83490210,3,[np.int64(0)],1,renovacion_mismatch
215665,15574000002220,3,[np.int64(0)],1,renovacion_mismatch
215666,15574000001220,3,[np.int64(0)],1,renovacion_mismatch
215670,15574000002140,1,[np.int64(0)],1,renovacion_mismatch
215671,15574000002130,1,[np.int64(0)],1,renovacion_mismatch
215673,15574000002160,1,[np.int64(0)],1,renovacion_mismatch
215676,14517700032820,3,[np.int64(0)],1,renovacion_mismatch
215677,15574000002070,2,[np.int64(0)],1,renovacion_mismatch
215679,1000003739,1,[np.int64(0)],6,renovacion_mismatch
215680,15574000002090,1,[np.int64(0)],1,renovacion_mismatch
215681,15574000002100,1,[np.int64(0)],1,renovacion_mismatch
215682,15574000002110,3,[np.int64(0)],1,renovacion_mismatch
215683,14517700032770,2,[np.int64(0)],1,renovacion_mismatch
215685,14517700032780,3,[np.int64(0)],1,renovacion_mismatch
215688,15574000002020,1,[np.int64(0)],1,renovacion_mismatch
215689,15574000002030,2,[np.int64(0)],1,renovacion_mismatch
215694,1000003657,2,[np.int64(0)],3,renovacion_mismatch
215697,14517700032700,1,[np.int64(0)],1,renovacion_mismatch
215699,14517700032720,1,[np.int64(0)],1,renovacion_mismatch
215703,14517700032760,3,[np.int64(0)],1,renovacion_mismatch
215705,15574000002000,1,[np.int64(0)],1,renovacion_mismatch
215707,3135435900,1,[np.int64(0)],1,renovacion_mismatch
215712,14517700032660,3,[np.int64(0)],1,renovacion_mismatch
215713,14517700032670,2,[np.int64(0)],1,renovacion_mismatch
215720,14517700032590,3,[np.int64(0)],1,renovacion_mismatch
215721,14517700032600,2,[np.int64(0)],1,renovacion_mismatch
215722,14517700032610,3,[np.int64(0)],1,renovacion_mismatch
215723,14517700032630,2,[np.int64(0)],1,renovacion_mismatch
215725,14517700032640,2,[np.int64(0)],1,renovacion_mismatch
215738,101004791-3,2,[np.int64(0)],1,renovacion_mismatch
215739,14517700032570,3,[np.int64(0)],1,renovacion_mismatch
215744,14517700032530,3,[np.int64(0)],1,renovacion_mismatch
215748,14517700032550,2,[np.int64(0)],1,renovacion_mismatch
215749,14517700032560,3,[np.int64(0)],1,renovacion_mismatch
215757,2050360018802,1,[np.int64(0)],1,renovacion_mismatch
215765,15574000001970,3,[np.int64(0)],1,renovacion_mismatch
215773,3010866-2,2,[np.int64(0)],4,renovacion_mismatch
215776,14517700032470,1,[np.int64(0)],1,renovacion_mismatch
215780,83490204,2,[np.int64(0)],1,renovacion_mismatch
215781,83490206,3,[np.int64(0)],1,renovacion_mismatch
215783,15574000001950,1,[np.int64(0)],1,renovacion_mismatch
215787,AA006098,1,[np.int64(0)],20,renovacion_mismatch
215792,14517700032440,3,[np.int64(0)],1,renovacion_mismatch
215793,15574000001860,3,[np.int64(0)],1,renovacion_mismatch
215799,101005318-3,2,[np.int64(0)],10,renovacion_mismatch
215803,83489969,2,[np.int64(0)],1,renovacion_mismatch
215805,15574000001830,1,[np.int64(0)],1,renovacion_mismatch
215808,14517700032400,3,[np.int64(0)],1,renovacion_mismatch
215810,14517700032410,3,[np.int64(0)],1,renovacion_mismatch
215811,14517700032420,1,[np.int64(0)],1,renovacion_mismatch
215816,14517700032370,3,[np.int64(0)],1,renovacion_mismatch
215817,14517700032380,3,[np.int64(0)],1,renovacion_mismatch
215819,15574000001790,2,[np.int64(0)],1,renovacion_mismatch
215822,83489968,2,[np.int64(0)],1,renovacion_mismatch
215828,101000287,1,[np.int64(0)],3,renovacion_mismatch
215831,83490205,2,[np.int64(0)],1,renovacion_mismatch
215834,14517700032340,2,[np.int64(0)],1,renovacion_mismatch
215836,101000152-3,1,[np.int64(0)],1,renovacion_mismatch
215839,83489967,3,[np.int64(0)],1,renovacion_mismatch
215845,15574000001180,2,[np.int64(0)],1,renovacion_mismatch
215846,15574000001200,2,[np.int64(0)],1,renovacion_mismatch
215866,15574000001100,3,[np.int64(0)],1,renovacion_mismatch
215869,83490191,2,[np.int64(0)],1,renovacion_mismatch
215879,1000003683,1,[np.int64(0)],2,renovacion_mismatch
215883,83490225,1,[np.int64(0)],1,renovacion_mismatch
215884,83490226,1,[np.int64(0)],1,renovacion_mismatch
215888,15574000001050,3,[np.int64(0)],1,renovacion_mismatch
215889,15574000001060,3,[np.int64(0)],1,renovacion_mismatch
215890,15574000001070,3,[np.int64(0)],1,renovacion_mismatch
215891,15574000001080,3,[np.int64(0)],1,renovacion_mismatch
215892,83490228,1,[np.int64(0)],1,renovacion_mismatch
215897,83490222,1,[np.int64(0)],1,renovacion_mismatch
215901,83490223,3,[np.int64(0)],1,renovacion_mismatch
215902,83490224,3,[np.int64(0)],1,renovacion_mismatch
215904,15574000001030,3,[np.int64(0)],1,renovacion_mismatch
215910,14517700032220,2,[np.int64(0)],1,renovacion_mismatch
215914,14517700032160,2,[np.int64(0)],1,renovacion_mismatch
215923,15574000001020,3,[np.int64(0)],1,renovacion_mismatch
215925,83490213,1,[np.int64(0)],1,renovacion_mismatch
215927,994000000238-2,2,[np.int64(0)],3,renovacion_mismatch
215928,2050330672401,2,[np.int64(0)],10,renovacion_mismatch
215934,15574000000930,3,[np.int64(0)],1,renovacion_mismatch
215935,15574000000950,2,[np.int64(0)],2,renovacion_mismatch
215936,15574000000960,3,[np.int64(0)],1,renovacion_mismatch
215937,15574000000980,2,[np.int64(0)],1,renovacion_mismatch
215940,15574000000990,3,[np.int64(0)],1,renovacion_mismatch
215942,15574000001010,1,[np.int64(0)],1,renovacion_mismatch
215946,14517700032130,2,[np.int64(0)],1,renovacion_mismatch
215948,83490211,3,[np.int64(0)],1,renovacion_mismatch
215950,15574000000900,1,[np.int64(0)],1,renovacion_mismatch
215953,83489980,3,[np.int64(0)],1,renovacion_mismatch
215954,3133009900,3,[np.int64(0)],1,renovacion_mismatch
215956,15574000000830,3,[np.int64(0)],1,renovacion_mismatch
215962,15574000000940,2,[np.int64(0)],2,renovacion_mismatch
215966,101002756-1,2,[np.int64(0)],4,renovacion_mismatch
215973,83489977,3,[np.int64(0)],1,renovacion_mismatch
215974,83489978,2,[np.int64(0)],1,renovacion_mismatch
215975,83489979,3,[np.int64(0)],1,renovacion_mismatch
215976,3132793500,1,[np.int64(0)],1,renovacion_mismatch
215977,3132782900,1,[np.int64(0)],1,renovacion_mismatch
215979,101006092-1,1,[np.int64(0)],2,renovacion_mismatch
215980,101005294-3,2,[np.int64(0)],1,renovacion_mismatch
215981,1901121001860-3,1,[np.int64(0)],1,renovacion_mismatch
215982,83489964,3,[np.int64(0)],1,renovacion_mismatch
215983,83489965,2,[np.int64(0)],1,renovacion_mismatch
215986,994000000418-1,1,[np.int64(0)],1,renovacion_mismatch
215987,14517700032080,2,[np.int64(0)],1,renovacion_mismatch
215993,14517700032070,3,[np.int64(0)],1,renovacion_mismatch
215994,14517700032030,3,[np.int64(0)],1,renovacion_mismatch
215995,14517700032040,2,[np.int64(0)],1,renovacion_mismatch
215999,2050330570702,1,[np.int64(0)],9,renovacion_mismatch
216004,83489963,3,[np.int64(0)],1,renovacion_mismatch
216012,83489972,2,[np.int64(0)],1,renovacion_mismatch
216013,83489945,1,[np.int64(0)],1,renovacion_mismatch
216014,83489941,3,[np.int64(0)],1,renovacion_mismatch
216015,83489942,2,[np.int64(0)],1,renovacion_mismatch
216017,83489943,2,[np.int64(0)],1,renovacion_mismatch
216020,14517700032020,3,[np.int64(0)],1,renovacion_mismatch
216021,14517700032010,3,[np.int64(0)],1,renovacion_mismatch
216024,AA005945/AA039972,1,[np.int64(0)],29,renovacion_mismatch
216027,83489961,3,[np.int64(0)],1,renovacion_mismatch
216029,83489940,3,[np.int64(0)],1,renovacion_mismatch
216032,83489934,3,[np.int64(0)],1,renovacion_mismatch
216033,83489958,3,[np.int64(0)],1,renovacion_mismatch
216035,994000001960,1,[np.int64(0)],1,renovacion_mismatch
216039,83489959,3,[np.int64(0)],1,renovacion_mismatch
216043,83489933,3,[np.int64(0)],1,renovacion_mismatch
216045,83489951,2,[np.int64(0)],1,renovacion_mismatch
216046,83489952,3,[np.int64(0)],1,renovacion_mismatch
216047,83489953,2,[np.int64(0)],1,renovacion_mismatch
216050,83489956,2,[np.int64(0)],1,renovacion_mismatch
216051,83489957,2,[np.int64(0)],1,renovacion_mismatch
216057,14517700031950,2,[np.int64(0)],1,renovacion_mismatch
216060,14517700031980,2,[np.int64(0)],1,renovacion_mismatch
216078,2050330570902,2,[np.int64(0)],1,renovacion_mismatch
216079,994000000377,1,[np.int64(0)],2,renovacion_mismatch
216080,83489947,2,[np.int64(0)],1,renovacion_mismatch
216082,3131656800,1,[np.int64(0)],1,renovacion_mismatch
216084,994000000103-1,1,[np.int64(0)],2,renovacion_mismatch
216087,101000701,1,[np.int64(0)],8,renovacion_mismatch
216091,101006053-1,1,[np.int64(0)],11,renovacion_mismatch
216092,AA005814,1,[np.int64(0)],6,renovacion_mismatch
216093,83489950,3,[np.int64(0)],1,renovacion_mismatch
216094,14517700031900,2,[np.int64(0)],1,renovacion_mismatch
216095,14517700031930,3,[np.int64(0)],1,renovacion_mismatch
216096,14517700031940,3,[np.int64(0)],1,renovacion_mismatch
216101,83489946,2,[np.int64(0)],1,renovacion_mismatch
216106,PE141611,1,[np.int64(0)],10,renovacion_mismatch
216107,83489931,2,[np.int64(0)],1,renovacion_mismatch
216110,1000167-20,1,[np.int64(0)],10,renovacion_mismatch
216114,2050330326206,2,[np.int64(0)],1,renovacion_mismatch
216117,83232975,1,[np.int64(0)],1,renovacion_mismatch
216128,83232973,3,[np.int64(0)],1,renovacion_mismatch
216129,83232974,2,[np.int64(0)],1,renovacion_mismatch
216130,994000000410,1,[np.int64(0)],6,renovacion_mismatch
216133,83232979,3,[np.int64(0)],1,renovacion_mismatch
216137,3131145300,1,[np.int64(0)],1,renovacion_mismatch
216140,3131296000,2,[np.int64(0)],1,renovacion_mismatch
216144,14517700031860,3,[np.int64(0)],1,renovacion_mismatch
216145,14517700031870,3,[np.int64(0)],1,renovacion_mismatch
216146,14517700031880,3,[np.int64(0)],1,renovacion_mismatch
216150,83232976,1,[np.int64(0)],1,renovacion_mismatch
216152,14517700031840,2,[np.int64(0)],1,renovacion_mismatch
216156,83232977,3,[np.int64(0)],1,renovacion_mismatch
216160,83232970,3,[np.int64(0)],1,renovacion_mismatch
216161,83232943,3,[np.int64(0)],1,renovacion_mismatch
216164,83232945,1,[np.int64(0)],1,renovacion_mismatch
216166,14517700031830,3,[np.int64(0)],1,renovacion_mismatch
216178,83232969,3,[np.int64(0)],1,renovacion_mismatch
216181,3130988000,1,[np.int64(0)],1,renovacion_mismatch
216195,83232942,2,[np.int64(0)],1,renovacion_mismatch
216202,14517700031750,1,[np.int64(0)],1,renovacion_mismatch
216203,83232940,3,[np.int64(0)],1,renovacion_mismatch
216205,1000000715,2,[np.int64(0)],2,renovacion_mismatch
216209,14517700031690,2,[np.int64(0)],1,renovacion_mismatch
216210,14517700031700,2,[np.int64(0)],1,renovacion_mismatch
216212,83232967,3,[np.int64(0)],1,renovacion_mismatch
216216,14517700020630 NO RENOVADO 2022,1,SIN CARTERA,0,sin_cartera
216217,80866283 NO RENOVADO 2022,2,SIN CARTERA,0,sin_cartera
216221,14517700031710,3,[np.int64(0)],1,renovacion_mismatch
216222,14517700031720,3,[np.int64(0)],1,renovacion_mismatch
216229,14517700031650,3,[np.int64(0)],1,renovacion_mismatch
216233,14517700031660,1,[np.int64(0)],1,renovacion_mismatch
216234,14517700031670,3,[np.int64(0)],1,renovacion_mismatch
216235,15574000000710,1,[np.int64(0)],1,renovacion_mismatch
216236,83232960,3,[np.int64(0)],1,renovacion_mismatch
216238,83232963,3,[np.int64(0)],1,renovacion_mismatch
216249,83232965,2,[np.int64(0)],1,renovacion_mismatch
216250,83232962,2,[np.int64(0)],1,renovacion_mismatch
216251,14517700031580,3,[np.int64(0)],1,renovacion_mismatch
216256,1000003797,1,[np.int64(0)],12,renovacion_mismatch
216266,15574000000680,2,[np.int64(0)],1,renovacion_mismatch
216269,1000003754,1,[np.int64(0)],2,renovacion_mismatch
216272,1000003637,1,[np.int64(0)],13,renovacion_mismatch
216286,83232958,2,[np.int64(0)],1,renovacion_mismatch
216288,83232959,2,[np.int64(0)],1,renovacion_mismatch
216296,14517700031490,3,[np.int64(0)],1,renovacion_mismatch
216303,14517700031520,1,[np.int64(0)],1,renovacion_mismatch
216304,101005967-1,1,[np.int64(0)],1,renovacion_mismatch
216305,83232936,3,[np.int64(0)],1,renovacion_mismatch
216306,101006019-1,1,[np.int64(0)],4,renovacion_mismatch
216314,83232932,1,[np.int64(0)],1,renovacion_mismatch
216315,83232933,2,[np.int64(0)],1,renovacion_mismatch
216322,14517700031440,1,[np.int64(0)],1,renovacion_mismatch
216323,83232935,1,[np.int64(0)],1,renovacion_mismatch
216328,1000003725,1,[np.int64(0)],12,renovacion_mismatch
216352,83232956,2,[np.int64(0)],1,renovacion_mismatch
216357,14517700031390,3,[np.int64(0)],1,renovacion_mismatch
216358,83232931,2,[np.int64(0)],1,renovacion_mismatch
216359,83232954,3,[np.int64(0)],1,renovacion_mismatch
216363,14517700020280 NO RENOVADO 2022,1,SIN CARTERA,0,sin_cartera
216366,83232952,1,[np.int64(0)],1,renovacion_mismatch
216367,101006011-2,1,[np.int64(0)],3,renovacion_mismatch
216371,994000000326-1,1,[np.int64(0)],1,renovacion_mismatch
216373,14517700031340,2,[np.int64(0)],1,renovacion_mismatch
216378,83232951,2,[np.int64(0)],1,renovacion_mismatch
216386,80643958 NO RENOVADA 2022,3,SIN CARTERA,0,sin_cartera
216387,83232949,2,[np.int64(0)],1,renovacion_mismatch
216405,83232946,1,[np.int64(0)],1,renovacion_mismatch
216407,83092243,2,[np.int64(0)],1,renovacion_mismatch
216408,14517700031300,3,[np.int64(0)],1,renovacion_mismatch
216427,83092225,3,[np.int64(0)],1,renovacion_mismatch
216447,83092242,1,[np.int64(0)],1,renovacion_mismatch
216451,101000218,1,[np.int64(0)],1,renovacion_mismatch
216452,101000218-1,1,[np.int64(0)],1,renovacion_mismatch
216454,83092239,2,[np.int64(0)],1,renovacion_mismatch
216455,83092240,2,[np.int64(0)],1,renovacion_mismatch
216466,14517700031130,3,[np.int64(0)],1,renovacion_mismatch
216467,14517700031140,1,[np.int64(0)],1,renovacion_mismatch
216468,15574000000620,1,[np.int64(0)],1,renovacion_mismatch
216473,83092238,3,[np.int64(0)],1,renovacion_mismatch
216475,83092221,1,[np.int64(0)],1,renovacion_mismatch
216476,14517700031120,1,[np.int64(0)],1,renovacion_mismatch
216479,83092219,3,[np.int64(0)],1,renovacion_mismatch
216485,101000816,1,[np.int64(0)],1,renovacion_mismatch
216486,101000827,1,[np.int64(0)],1,renovacion_mismatch
216493,14517700031090,1,[np.int64(0)],1,renovacion_mismatch
216498,14517700031000,3,[np.int64(0)],1,renovacion_mismatch
216499,14517700031010,1,[np.int64(0)],1,renovacion_mismatch
216503,83092236,2,[np.int64(0)],1,renovacion_mismatch
216506,83092235,3,[np.int64(0)],1,renovacion_mismatch
216508,83092234,1,[np.int64(0)],1,renovacion_mismatch
216544,83092230,1,[np.int64(0)],2,renovacion_mismatch
216547,1000003771,1,[np.int64(0)],6,renovacion_mismatch
216555,1000003654,1,[np.int64(0)],5,renovacion_mismatch
216556,14517700030780,1,[np.int64(0)],1,renovacion_mismatch
216565,1000003666,2,[np.int64(0)],7,renovacion_mismatch
216571,83092227,3,[np.int64(0)],1,renovacion_mismatch
216577,1000709-2,2,[np.int64(0)],1,renovacion_mismatch
216578,101005943-1,1,[np.int64(0)],1,renovacion_mismatch
216581,994000000393-1,1,[np.int64(0)],3,renovacion_mismatch
216591,1000000615-6,2,[np.int64(0)],1,renovacion_mismatch
216592,1000000617-4,2,[np.int64(0)],1,renovacion_mismatch
216593,1000710-2,2,[np.int64(0)],1,renovacion_mismatch
216600,83092226,1,[np.int64(0)],1,renovacion_mismatch
216604,1408004152790000,1,[np.int64(0)],1,renovacion_mismatch
216612,83092212,3,[np.int64(0)],1,renovacion_mismatch
216614,1408004152763000,2,[np.int64(0)],1,renovacion_mismatch
216616,82999865,2,[np.int64(0)],1,renovacion_mismatch
216619,1408004152789000,1,[np.int64(0)],1,renovacion_mismatch
216621,1000003776,1,[np.int64(0)],4,renovacion_mismatch
216623,1000003655,1,[np.int64(0)],5,renovacion_mismatch
216624,14517700030670,2,[np.int64(0)],1,renovacion_mismatch
216625,14517700030680,1,[np.int64(0)],1,renovacion_mismatch
216629,14517700030700,3,[np.int64(0)],2,renovacion_mismatch
216643,14517700030660,2,[np.int64(0)],1,renovacion_mismatch
216646,101006558,1,[np.int64(0)],1,renovacion_mismatch
216648,82999894,1,[np.int64(0)],1,renovacion_mismatch
216650,82999895,3,[np.int64(0)],1,renovacion_mismatch
216654,1000704-2,1,[np.int64(0)],1,renovacion_mismatch
216657,82999892,3,[np.int64(0)],1,renovacion_mismatch
216661,1408004152740000,3,[np.int64(0)],1,renovacion_mismatch
216663,1408004152700000,3,[np.int64(0)],1,renovacion_mismatch
216665,14517700030570,2,[np.int64(0)],1,renovacion_mismatch
216670,82999891,1,[np.int64(0)],1,renovacion_mismatch
216671,1408004152715000,1,[np.int64(0)],1,renovacion_mismatch
216675,14517700030520,3,[np.int64(0)],1,renovacion_mismatch
216676,14517700030530,3,[np.int64(0)],1,renovacion_mismatch
216677,14517700030540,1,[np.int64(0)],1,renovacion_mismatch
216678,14517700030550,2,[np.int64(0)],1,renovacion_mismatch
216683,14517700030500,3,[np.int64(0)],1,renovacion_mismatch
216686,15574000000540,1,[np.int64(0)],1,renovacion_mismatch
216697,14517700030490,2,[np.int64(0)],1,renovacion_mismatch
216699,AA005469,1,[np.int64(0)],36,renovacion_mismatch
216701,82999861,3,[np.int64(0)],1,renovacion_mismatch
216703,101005888-1,1,[np.int64(0)],10,renovacion_mismatch
216705,82999860,2,[np.int64(0)],1,renovacion_mismatch
216707,3000753,1,[np.int64(0)],1,renovacion_mismatch
216712,101005793-1,1,[np.int64(0)],1,renovacion_mismatch
216716,14517700030440,3,[np.int64(0)],1,renovacion_mismatch
216717,14517700030450,3,[np.int64(0)],1,renovacion_mismatch
216720,AA006237,1,[np.int64(0)],4,renovacion_mismatch
216725,82999884,1,[np.int64(0)],1,renovacion_mismatch
216727,AA006033,1,[np.int64(0)],2,renovacion_mismatch
216728,82999885,3,[np.int64(0)],1,renovacion_mismatch
216731,82999856,1,[np.int64(0)],1,renovacion_mismatch
216735,1000003750,3,[np.int64(0)],1,renovacion_mismatch
216745,14517700030400,2,[np.int64(0)],1,renovacion_mismatch
216748,82999879,2,[np.int64(0)],1,renovacion_mismatch
216755,14517700030370,3,[np.int64(0)],1,renovacion_mismatch
216756,14517700030380,2,[np.int64(0)],1,renovacion_mismatch
216757,994000000388-1,1,[np.int64(0)],10,renovacion_mismatch
216776,82999854,2,[np.int64(0)],1,renovacion_mismatch
216781,82999876,3,[np.int64(0)],1,renovacion_mismatch
216787,14517700030330,3,[np.int64(0)],1,renovacion_mismatch
216788,15574000000520,1,[np.int64(0)],1,renovacion_mismatch
216789,14517700030320,1,[np.int64(0)],1,renovacion_mismatch
216794,15574000000480,2,[np.int64(0)],1,renovacion_mismatch
216801,1408004152363000,2,[np.int64(0)],1,renovacion_mismatch
216803,14517700030290,1,[np.int64(0)],1,renovacion_mismatch
216804,82999874,3,[np.int64(0)],1,renovacion_mismatch
216808,1000003646,1,[np.int64(0)],11,renovacion_mismatch
216811,15574000000470,1,[np.int64(0)],1,renovacion_mismatch
216812,1408004152277000,1,[np.int64(0)],1,renovacion_mismatch
216820,1408004152362000,3,[np.int64(0)],1,renovacion_mismatch
216821,14517700030230,2,[np.int64(0)],1,renovacion_mismatch
216824,15574000000450,3,[np.int64(0)],1,renovacion_mismatch
216825,82999849,3,[np.int64(0)],1,renovacion_mismatch
216826,82999850,2,[np.int64(0)],1,renovacion_mismatch
216827,82999851,3,[np.int64(0)],1,renovacion_mismatch
216828,1408004152149000,3,[np.int64(0)],1,renovacion_mismatch
216832,14517700030210,2,[np.int64(0)],1,renovacion_mismatch
216835,82999870,3,[np.int64(0)],1,renovacion_mismatch
216838,1408004152082000,2,[np.int64(0)],1,renovacion_mismatch
216846,82999868,3,[np.int64(0)],1,renovacion_mismatch
216847,82999847,2,[np.int64(0)],1,renovacion_mismatch
216851,14517700030100,2,[np.int64(0)],1,renovacion_mismatch
216855,14517700030140,1,[np.int64(0)],1,renovacion_mismatch
216856,14517700030150,2,[np.int64(0)],1,renovacion_mismatch
216857,14517700030160,2,[np.int64(0)],1,renovacion_mismatch
216858,14517700030170,1,[np.int64(0)],1,renovacion_mismatch
216859,82999866,2,[np.int64(0)],1,renovacion_mismatch
216861,14517700030090,2,[np.int64(0)],1,renovacion_mismatch
216862,15574000000440,2,[np.int64(0)],1,renovacion_mismatch
216864,82902171,3,[np.int64(0)],1,renovacion_mismatch
216867,82902162,3,[np.int64(0)],1,renovacion_mismatch
216878,14517700030070,1,[np.int64(0)],1,renovacion_mismatch
216881,14517700030060,1,[np.int64(0)],1,renovacion_mismatch
216886,82902159,1,[np.int64(0)],1,renovacion_mismatch
216891,1408004151399000,3,[np.int64(0)],1,renovacion_mismatch
216893,1408004151363000,2,[np.int64(0)],1,renovacion_mismatch
216899,14517700030040,3,[np.int64(0)],1,renovacion_mismatch
216900,14517700030050,1,[np.int64(0)],1,renovacion_mismatch
216901,15574000000420,2,[np.int64(0)],1,renovacion_mismatch
216904,2050014548603,1,[np.int64(0)],1,renovacion_mismatch
216906,82902167,2,[np.int64(0)],1,renovacion_mismatch
216908,82902169,1,[np.int64(0)],1,renovacion_mismatch
216912,82902156,1,[np.int64(0)],1,renovacion_mismatch
216913,82902163,1,[np.int64(0)],1,renovacion_mismatch
216916,1408004150678000,3,[np.int64(0)],1,renovacion_mismatch
216917,14517700030000,3,[np.int64(0)],1,renovacion_mismatch
216918,14517700030010,3,[np.int64(0)],1,renovacion_mismatch
216919,82902166,3,[np.int64(0)],1,renovacion_mismatch
216923,14517700029980,1,[np.int64(0)],1,renovacion_mismatch
216924,14517700029990,1,[np.int64(0)],1,renovacion_mismatch
216925,15574000000410,1,[np.int64(0)],1,renovacion_mismatch
216930,82902142,1,[np.int64(0)],1,renovacion_mismatch
216934,82902141,1,[np.int64(0)],1,renovacion_mismatch
216935,82902153,3,[np.int64(0)],1,renovacion_mismatch
216936,82902154,2,[np.int64(0)],1,renovacion_mismatch
216939,1000003604,1,[np.int64(0)],12,renovacion_mismatch
216943,14517700029900,3,[np.int64(0)],1,renovacion_mismatch
216951,82902138,3,[np.int64(0)],1,renovacion_mismatch
216954,82902140,3,[np.int64(0)],1,renovacion_mismatch
216965,14517700029830,2,[np.int64(0)],1,renovacion_mismatch
216966,14517700029840,2,[np.int64(0)],1,renovacion_mismatch
216970,82902152,3,[np.int64(0)],1,renovacion_mismatch
216974,82902136,3,[np.int64(0)],1,renovacion_mismatch
216975,82902137,1,[np.int64(0)],1,renovacion_mismatch
216982,101006553,1,[np.int64(0)],1,renovacion_mismatch
216985,14517700029790,1,[np.int64(0)],1,renovacion_mismatch
216990,14517700029800,3,[np.int64(0)],2,renovacion_mismatch
216991,1000003602,1,[np.int64(0)],7,renovacion_mismatch
216995,82902144,3,[np.int64(0)],1,renovacion_mismatch
217002,101005806-1,1,[np.int64(0)],1,renovacion_mismatch
217013,14517700029780,1,[np.int64(0)],1,renovacion_mismatch
217015,14517700029760,3,[np.int64(0)],1,renovacion_mismatch
217031,101005810-1,1,[np.int64(0)],3,renovacion_mismatch
217044,82902127,3,[np.int64(0)],1,renovacion_mismatch
217045,82902129,1,[np.int64(0)],1,renovacion_mismatch
217052,1408004149831000,1,[np.int64(0)],1,renovacion_mismatch
217056,AA005712-1,1,[np.int64(0)],1,renovacion_mismatch
217061,14517700029730,2,[np.int64(0)],1,renovacion_mismatch
217062,14517700029750,3,[np.int64(0)],1,renovacion_mismatch
217064,82568573,3,[np.int64(0)],1,renovacion_mismatch
217065,1408004149684000,1,[np.int64(0)],1,renovacion_mismatch
217068,994000000375-1,1,[np.int64(0)],10,renovacion_mismatch
217072,82902128,1,[np.int64(0)],1,renovacion_mismatch
217082,14517700029710,2,[np.int64(0)],1,renovacion_mismatch
217083,14517700029720,1,[np.int64(0)],1,renovacion_mismatch
217089,14517700029700,1,[np.int64(0)],1,renovacion_mismatch
217094,82568564,2,[np.int64(0)],1,renovacion_mismatch
217101,82568571,1,[np.int64(0)],1,renovacion_mismatch
217102,1408004149479000,2,[np.int64(0)],1,renovacion_mismatch
217108,14517700029640,2,[np.int64(0)],1,renovacion_mismatch
217110,14517700029660,1,[np.int64(0)],1,renovacion_mismatch
217112,14517700029670,3,[np.int64(0)],1,renovacion_mismatch
217134,82568569,1,[np.int64(0)],1,renovacion_mismatch
217136,1408004149336000,2,[np.int64(0)],1,renovacion_mismatch
217145,14517700029580,2,[np.int64(0)],1,renovacion_mismatch
217153,82568568,2,[np.int64(0)],1,renovacion_mismatch
217154,14517700029500,3,[np.int64(0)],1,renovacion_mismatch
217159,14517700029520,3,[np.int64(0)],1,renovacion_mismatch
217161,14517700029540,2,[np.int64(0)],1,renovacion_mismatch
217163,14517700029560,2,[np.int64(0)],1,renovacion_mismatch
217167,14517700029470,2,[np.int64(0)],1,renovacion_mismatch
217172,14517700029490,1,[np.int64(0)],1,renovacion_mismatch
217174,82568563,2,[np.int64(0)],1,renovacion_mismatch
217175,1408004148683000,3,[np.int64(0)],1,renovacion_mismatch
217191,82568560,2,[np.int64(0)],1,renovacion_mismatch
217192,82568561,2,[np.int64(0)],1,renovacion_mismatch
217194,101005800-1,1,[np.int64(0)],3,renovacion_mismatch
217198,14517700029410,2,[np.int64(0)],1,renovacion_mismatch
217200,14517700029430,3,[np.int64(0)],1,renovacion_mismatch
217201,14517700029440,2,[np.int64(0)],1,renovacion_mismatch
217202,14517700029450,2,[np.int64(0)],1,renovacion_mismatch
217217,101002646,1,[np.int64(0)],20,renovacion_mismatch
217218,2050500068902,1,[np.int64(0)],1,renovacion_mismatch
217227,82568543,2,[np.int64(0)],1,renovacion_mismatch
217228,82568544,1,[np.int64(0)],1,renovacion_mismatch
217239,101005796,1,[np.int64(0)],2,renovacion_mismatch
217246,15574000000360,2,[np.int64(0)],1,renovacion_mismatch
217250,1408004147977000,3,[np.int64(0)],1,renovacion_mismatch
217252,14517700029350,2,[np.int64(0)],1,renovacion_mismatch
217272,14517700029290,2,[np.int64(0)],1,renovacion_mismatch
217273,14517700029300,3,[np.int64(0)],1,renovacion_mismatch
217275,1408004147740000,3,[np.int64(0)],1,renovacion_mismatch
217277,2050330486403,1,[np.int64(0)],1,renovacion_mismatch
217282,14517700029250,3,[np.int64(0)],1,renovacion_mismatch
217286,82568556,1,[np.int64(0)],1,renovacion_mismatch
217293,101002364-2,1,[np.int64(0)],11,renovacion_mismatch
217310,994000000382,1,[np.int64(0)],2,renovacion_mismatch
217332,15574000000340,3,[np.int64(0)],1,renovacion_mismatch
217333,15574000000350,3,[np.int64(0)],1,renovacion_mismatch
217334,1408004147338000,1,[np.int64(0)],1,renovacion_mismatch
217335,3001906-1,1,[np.int64(0)],1,renovacion_mismatch
217339,14517700029240,2,[np.int64(0)],1,renovacion_mismatch
217341,82568539,2,[np.int64(0)],1,renovacion_mismatch
217352,14517700029190,1,[np.int64(0)],1,renovacion_mismatch
217362,101002645-1,1,[np.int64(0)],1,renovacion_mismatch
217363,AA005681-1,1,[np.int64(0)],10,renovacion_mismatch
217364,994000000363-1,1,[np.int64(0)],2,renovacion_mismatch
217368,14517700029150,2,[np.int64(0)],1,renovacion_mismatch
217375,14517700029060,1,[np.int64(0)],1,renovacion_mismatch
217376,14517700018150 NO RENOVADA 2022,1,SIN CARTERA,0,sin_cartera
217378,14517700029080,2,[np.int64(0)],1,renovacion_mismatch
217382,14517700029050,3,[np.int64(0)],1,renovacion_mismatch
217383,14517700029070,1,[np.int64(0)],1,renovacion_mismatch
217395,14517700029040,2,[np.int64(0)],1,renovacion_mismatch
217396,101005639-1,1,[np.int64(0)],9,renovacion_mismatch
217397,101002976,1,[np.int64(0)],4,renovacion_mismatch
217398,15574000000330,3,[np.int64(0)],1,renovacion_mismatch
217402,14517700028970,2,[np.int64(0)],1,renovacion_mismatch
217404,994000000366-1,1,[np.int64(0)],3,renovacion_mismatch
217405,14517700029000,1,[np.int64(0)],1,renovacion_mismatch
217410,14517700029010,2,[np.int64(0)],1,renovacion_mismatch
217411,1408004147126000,1,[np.int64(0)],1,renovacion_mismatch
217415,1901122000681,2,[np.int64(0)],1,renovacion_mismatch
217420,14517700028950,3,[np.int64(0)],1,renovacion_mismatch
217421,14517700028960,3,[np.int64(0)],1,renovacion_mismatch
217422,14517700028900,1,[np.int64(0)],1,renovacion_mismatch
217423,82568552,1,[np.int64(0)],1,renovacion_mismatch
217426,14517700028920,3,[np.int64(0)],1,renovacion_mismatch
217439,14517700028910,2,[np.int64(0)],1,renovacion_mismatch
217443,82568536,2,[np.int64(0)],1,renovacion_mismatch
217451,82568534,3,[np.int64(0)],1,renovacion_mismatch
217456,82568551,1,[np.int64(0)],1,renovacion_mismatch
217458,82568535,2,[np.int64(0)],1,renovacion_mismatch
217461,82568547,3,[np.int64(0)],1,renovacion_mismatch
217473,82568546,2,[np.int64(0)],1,renovacion_mismatch
217476,1408004146763000,3,[np.int64(0)],1,renovacion_mismatch
217480,14517700028850,3,[np.int64(0)],1,renovacion_mismatch
217481,14517700028770,2,[np.int64(0)],1,renovacion_mismatch
217483,14517700028790,2,[np.int64(0)],1,renovacion_mismatch
217484,AA005708/AA040070,1,[np.int64(0)],1,renovacion_mismatch
217486,14517700028810,2,[np.int64(0)],1,renovacion_mismatch
217488,14517700028820,3,[np.int64(0)],1,renovacion_mismatch
217489,14517700028830,3,[np.int64(0)],1,renovacion_mismatch
217499,101000656,1,[np.int64(0)],1,renovacion_mismatch
217502,82568528,1,[np.int64(0)],1,renovacion_mismatch
217503,82568529,1,[np.int64(0)],1,renovacion_mismatch
217504,82568459,1,[np.int64(0)],1,renovacion_mismatch
217505,82568463,1,[np.int64(0)],2,renovacion_mismatch
217510,82568533,2,[np.int64(0)],1,renovacion_mismatch
217520,82568526,3,[np.int64(0)],1,renovacion_mismatch
217523,14517700028730,3,[np.int64(0)],1,renovacion_mismatch
217525,15574000000290,3,[np.int64(0)],1,renovacion_mismatch
217526,82568458,2,[np.int64(0)],1,renovacion_mismatch
217528,82568462,3,[np.int64(0)],1,renovacion_mismatch
217529,1408004146583000,2,[np.int64(0)],1,renovacion_mismatch
217532,82568439,2,[np.int64(0)],1,renovacion_mismatch
217535,14517700028660,2,[np.int64(0)],1,renovacion_mismatch
217536,14517700028670,3,[np.int64(0)],1,renovacion_mismatch
217537,14517700028680,3,[np.int64(0)],1,renovacion_mismatch
217539,14517700028700,1,[np.int64(0)],1,renovacion_mismatch
217541,101005607-1,1,[np.int64(0)],1,renovacion_mismatch
217542,101005608-1,1,[np.int64(0)],3,renovacion_mismatch
217543,2050330534902,1,[np.int64(0)],1,renovacion_mismatch
217544,101000148-1,1,[np.int64(0)],1,renovacion_mismatch
217546,2050330532002,1,[np.int64(0)],1,renovacion_mismatch
217551,82568456,1,[np.int64(0)],1,renovacion_mismatch
217552,1408004146457000,1,[np.int64(0)],1,renovacion_mismatch
217553,14517700028630,1,[np.int64(0)],1,renovacion_mismatch
217554,14517700028640,2,[np.int64(0)],1,renovacion_mismatch
217555,994000000359,1,[np.int64(0)],3,renovacion_mismatch
217556,AA005678-2,1,[np.int64(0)],1,renovacion_mismatch
217557,101006476,1,[np.int64(0)],1,renovacion_mismatch
217560,82568434,2,[np.int64(0)],1,renovacion_mismatch
217561,82568435,2,[np.int64(0)],1,renovacion_mismatch
217562,14517700028600,2,[np.int64(0)],1,renovacion_mismatch
217563,14517700028610,1,[np.int64(0)],1,renovacion_mismatch
217564,14517700028620,1,[np.int64(0)],1,renovacion_mismatch
217570,101006466,1,[np.int64(0)],1,renovacion_mismatch
217574,82568449,2,[np.int64(0)],1,renovacion_mismatch
217576,82568451,2,[np.int64(0)],1,renovacion_mismatch
217577,82568452,1,[np.int64(0)],1,renovacion_mismatch
217580,82403048,2,[np.int64(0)],1,renovacion_mismatch
217582,14517700028540,2,[np.int64(0)],1,renovacion_mismatch
217584,AA005407-1,1,[np.int64(0)],3,renovacion_mismatch
217586,14517700028560,1,[np.int64(0)],1,renovacion_mismatch
217587,14517700028570,3,[np.int64(0)],1,renovacion_mismatch
217588,101005734-1,1,[np.int64(0)],1,renovacion_mismatch
217590,14517700028500,1,[np.int64(0)],1,renovacion_mismatch
217591,14517700028510,1,[np.int64(0)],1,renovacion_mismatch
217594,82568429,1,[np.int64(0)],1,renovacion_mismatch
217596,82568431,2,[np.int64(0)],1,renovacion_mismatch
217597,82568446,3,[np.int64(0)],1,renovacion_mismatch
217600,14517700028390,3,[np.int64(0)],1,renovacion_mismatch
217602,14517700028410,3,[np.int64(0)],1,renovacion_mismatch
217603,14517700028420,2,[np.int64(0)],1,renovacion_mismatch
217604,14517700028430,1,[np.int64(0)],1,renovacion_mismatch
217605,14517700028440,1,[np.int64(0)],1,renovacion_mismatch
217607,14517700028460,1,[np.int64(0)],1,renovacion_mismatch
217608,14517700028470,2,[np.int64(0)],1,renovacion_mismatch
217609,14517700028290,2,[np.int64(0)],1,renovacion_mismatch
217614,14517700028340,2,[np.int64(0)],1,renovacion_mismatch
217618,14517700028360,3,[np.int64(0)],1,renovacion_mismatch
217620,82568433,1,[np.int64(0)],1,renovacion_mismatch
217623,1408004146272000,3,[np.int64(0)],1,renovacion_mismatch
217625,14517700028240,1,[np.int64(0)],1,renovacion_mismatch
217627,14517700028260,2,[np.int64(0)],1,renovacion_mismatch
217629,82568424,3,[np.int64(0)],1,renovacion_mismatch
217632,14517700027850,1,[np.int64(0)],1,renovacion_mismatch
217633,15574000000220,1,[np.int64(0)],1,renovacion_mismatch
217634,15574000000250,1,[np.int64(0)],1,renovacion_mismatch
217638,82568444,2,[np.int64(0)],1,renovacion_mismatch
217639,82403044,1,[np.int64(0)],1,renovacion_mismatch
217640,82403049,2,[np.int64(0)],1,renovacion_mismatch
217644,82403053,2,[np.int64(0)],1,renovacion_mismatch
217646,82568441,2,[np.int64(0)],1,renovacion_mismatch
217651,15574000000230,2,[np.int64(0)],1,renovacion_mismatch
217654,82403033,2,[np.int64(0)],1,renovacion_mismatch
217658,82568423,2,[np.int64(0)],1,renovacion_mismatch
217664,82403041,2,[np.int64(0)],1,renovacion_mismatch
217669,101005623-1,1,[np.int64(0)],1,renovacion_mismatch
217675,14517700028270,1,[np.int64(0)],1,renovacion_mismatch
217686,82403032,2,[np.int64(0)],1,renovacion_mismatch
217687,82403037,1,[np.int64(0)],1,renovacion_mismatch
217691,82403034,2,[np.int64(0)],1,renovacion_mismatch
217695,1408004146083000,3,[np.int64(0)],1,renovacion_mismatch
217702,82403039,2,[np.int64(0)],1,renovacion_mismatch
217708,14517700028180,1,[np.int64(0)],1,renovacion_mismatch
217709,101000118-2,1,[np.int64(0)],1,renovacion_mismatch
217710,82403045,2,[np.int64(0)],1,renovacion_mismatch
217723,14517700028140,3,[np.int64(0)],1,renovacion_mismatch
217725,101000163-3,1,[np.int64(0)],3,renovacion_mismatch
217732,14517700028060,2,[np.int64(0)],1,renovacion_mismatch
217734,101000398-4,1,[np.int64(0)],1,renovacion_mismatch
217736,1408004146008000,1,[np.int64(0)],1,renovacion_mismatch
217739,82403038,1,[np.int64(0)],1,renovacion_mismatch
217740,AA005965/AA039941,1,[np.int64(0)],1,renovacion_mismatch
217741,15574000000180,1,[np.int64(0)],1,renovacion_mismatch
217742,14517700027960,2,[np.int64(0)],1,renovacion_mismatch
217748,14517700027900,1,[np.int64(0)],1,renovacion_mismatch
217750,14517700027920,2,[np.int64(0)],1,renovacion_mismatch
217758,14517700027830,2,[np.int64(0)],1,renovacion_mismatch
217762,15574000000170,2,[np.int64(0)],1,renovacion_mismatch
217763,14517700027860,1,[np.int64(0)],1,renovacion_mismatch
217764,14517700027870,1,[np.int64(0)],1,renovacion_mismatch
217771,14517700027790,3,[np.int64(0)],1,renovacion_mismatch
217772,14517700027800,2,[np.int64(0)],1,renovacion_mismatch
217783,14517700028040,2,[np.int64(0)],1,renovacion_mismatch
217794,994000000354,1,[np.int64(0)],20,renovacion_mismatch
217795,101005699-2,1,[np.int64(0)],3,renovacion_mismatch
217807,82403008,2,[np.int64(0)],1,renovacion_mismatch
217814,14517700027720,3,[np.int64(0)],1,renovacion_mismatch
217823,15574000000150,3,[np.int64(0)],1,renovacion_mismatch
217827,14517700027820,2,[np.int64(0)],1,renovacion_mismatch
217832,14517700027700,3,[np.int64(0)],1,renovacion_mismatch
217833,14517700027710,1,[np.int64(0)],1,renovacion_mismatch
217847,82403003,1,[np.int64(0)],1,renovacion_mismatch
217849,82403006,3,[np.int64(0)],1,renovacion_mismatch
217850,82403023,2,[np.int64(0)],1,renovacion_mismatch
217851,82403024,2,[np.int64(0)],1,renovacion_mismatch
217852,82403025,1,[np.int64(0)],1,renovacion_mismatch
217861,82403021,2,[np.int64(0)],1,renovacion_mismatch
217863,14517700027620,3,[np.int64(0)],1,renovacion_mismatch
217864,14517700027630,2,[np.int64(0)],1,renovacion_mismatch
217867,82403000,2,[np.int64(0)],1,renovacion_mismatch
217868,82403001,3,[np.int64(0)],1,renovacion_mismatch
217877,82403020,1,[np.int64(0)],1,renovacion_mismatch
217878,82256258,1,[np.int64(0)],1,renovacion_mismatch
217882,82402996,2,[np.int64(0)],1,renovacion_mismatch
217884,82402998,3,[np.int64(0)],1,renovacion_mismatch
217886,82403017,1,[np.int64(0)],1,renovacion_mismatch
217891,82256267,3,[np.int64(0)],1,renovacion_mismatch
217894,82403019,1,[np.int64(0)],1,renovacion_mismatch
217899,82256253,2,[np.int64(0)],1,renovacion_mismatch
217900,82256265,1,[np.int64(0)],1,renovacion_mismatch
217902,82256255,1,[np.int64(0)],1,renovacion_mismatch
217904,82256264,3,[np.int64(0)],1,renovacion_mismatch
217905,82256257,3,[np.int64(0)],1,renovacion_mismatch
217909,14517700027560,2,[np.int64(0)],1,renovacion_mismatch
217910,14517700027570,2,[np.int64(0)],1,renovacion_mismatch
217912,82256252,3,[np.int64(0)],1,renovacion_mismatch
217913,82256251,1,[np.int64(0)],1,renovacion_mismatch
217914,82256259,2,[np.int64(0)],1,renovacion_mismatch
217916,101005668-1,1,[np.int64(0)],1,renovacion_mismatch
217918,1000274,1,[np.int64(0)],1,renovacion_mismatch
217919,101000499-3,1,[np.int64(0)],1,renovacion_mismatch
217924,15574000000140,3,[np.int64(0)],1,renovacion_mismatch
217925,14517700027500,1,[np.int64(0)],1,renovacion_mismatch
217928,14517700027530,3,[np.int64(0)],1,renovacion_mismatch
217934,82256225,2,[np.int64(0)],1,renovacion_mismatch
217935,14517700027480,1,[np.int64(0)],1,renovacion_mismatch
217936,82256226,1,[np.int64(0)],1,renovacion_mismatch
217937,82256227,3,[np.int64(0)],1,renovacion_mismatch
217939,82256248,2,[np.int64(0)],1,renovacion_mismatch
217940,82256249,2,[np.int64(0)],1,renovacion_mismatch
217942,1408004145659000,1,[np.int64(0)],1,renovacion_mismatch
217943,14517700027490,2,[np.int64(0)],1,renovacion_mismatch
217949,82256246,2,[np.int64(0)],1,renovacion_mismatch
217953,14517700027470,2,[np.int64(0)],1,renovacion_mismatch
217954,82256224,1,[np.int64(0)],1,renovacion_mismatch
217956,14517700027430,2,[np.int64(0)],1,renovacion_mismatch
217957,14517700027440,1,[np.int64(0)],1,renovacion_mismatch
217958,14517700027450,2,[np.int64(0)],1,renovacion_mismatch
217960,14517700027460,3,[np.int64(0)],1,renovacion_mismatch
217962,82256221,1,[np.int64(0)],1,renovacion_mismatch
217965,14517700027400,1,[np.int64(0)],1,renovacion_mismatch
217966,1408004145559000,3,[np.int64(0)],1,renovacion_mismatch
217967,79862141 NO RENOVADO 2021,2,SIN CARTERA,0,sin_cartera
217968,79862144 NO RENOVADO 2021,2,SIN CARTERA,0,sin_cartera
217970,14517700016320 NO RENOVADA 2021,1,SIN CARTERA,0,sin_cartera
217978,14517700027360,3,[np.int64(0)],1,renovacion_mismatch
217980,14517700027380,3,[np.int64(0)],1,renovacion_mismatch
217981,82256217,2,[np.int64(0)],1,renovacion_mismatch
217982,82256218,1,[np.int64(0)],1,renovacion_mismatch
217985,14517700027310,2,[np.int64(0)],1,renovacion_mismatch
217987,14517700027320,1,[np.int64(0)],1,renovacion_mismatch
217993,15574000000130,3,[np.int64(0)],1,renovacion_mismatch
217997,14517700027280,2,[np.int64(0)],1,renovacion_mismatch
218006,14517700027210,3,[np.int64(0)],1,renovacion_mismatch
218007,14517700027220,1,[np.int64(0)],1,renovacion_mismatch
218009,14517700027240,2,[np.int64(0)],1,renovacion_mismatch
218015,14517700027120,2,[np.int64(0)],1,renovacion_mismatch
218016,14517700027130,2,[np.int64(0)],1,renovacion_mismatch
218017,14517700027140,1,[np.int64(0)],1,renovacion_mismatch
218020,14517700027160,2,[np.int64(0)],1,renovacion_mismatch
218025,82256237,2,[np.int64(0)],1,renovacion_mismatch
218026,15574000000110,1,[np.int64(0)],1,renovacion_mismatch
218030,82256239,1,[np.int64(0)],1,renovacion_mismatch
218031,1901121003831,2,[np.int64(0)],1,renovacion_mismatch
218032,82256240,3,[np.int64(0)],1,renovacion_mismatch
218034,82256233,3,[np.int64(0)],1,renovacion_mismatch
218039,82256235,1,[np.int64(0)],1,renovacion_mismatch
218040,82256236,2,[np.int64(0)],1,renovacion_mismatch
218041,82256214,2,[np.int64(0)],1,renovacion_mismatch
218045,1408004145396000,2,[np.int64(0)],1,renovacion_mismatch
218050,1408004145400000,2,[np.int64(0)],1,renovacion_mismatch
218052,82256231,1,[np.int64(0)],1,renovacion_mismatch
218053,82256232,3,[np.int64(0)],1,renovacion_mismatch
218056,14517700027030,2,[np.int64(0)],1,renovacion_mismatch
218057,14517700027040,2,[np.int64(0)],1,renovacion_mismatch
218058,14517700027050,2,[np.int64(0)],1,renovacion_mismatch
218062,82067356,2,[np.int64(0)],1,renovacion_mismatch
218063,82067352,3,[np.int64(0)],1,renovacion_mismatch
218068,14517700027000,2,[np.int64(0)],1,renovacion_mismatch
218070,14517700027010,1,[np.int64(0)],1,renovacion_mismatch
218072,82067353,3,[np.int64(0)],1,renovacion_mismatch
218073,82067354,1,[np.int64(0)],1,renovacion_mismatch
218081,101005635-1,1,[np.int64(0)],3,renovacion_mismatch
218089,14517700026960,1,[np.int64(0)],1,renovacion_mismatch
218090,79716994 NO RENOVADA 2021,1,SIN CARTERA,0,sin_cartera
218092,14517700015820 NO RENOVADO 2021,1,SIN CARTERA,0,sin_cartera
218095,82067337,3,[np.int64(0)],1,renovacion_mismatch
218096,1408004145301000,1,[np.int64(0)],1,renovacion_mismatch
218112,82067350,3,[np.int64(0)],1,renovacion_mismatch
218113,82067335,3,[np.int64(0)],1,renovacion_mismatch
218114,82067346,1,[np.int64(0)],1,renovacion_mismatch
218115,82067334,3,[np.int64(0)],1,renovacion_mismatch
218116,1408004145289000,1,[np.int64(0)],1,renovacion_mismatch
218118,14517700026900,2,[np.int64(0)],1,renovacion_mismatch
218122,14517700026910,3,[np.int64(0)],1,renovacion_mismatch
218131,82067344,1,[np.int64(0)],1,renovacion_mismatch
218135,15574000000040,1,[np.int64(0)],1,renovacion_mismatch
218136,1408004145280000,2,[np.int64(0)],1,renovacion_mismatch
218138,14517700026890,3,[np.int64(0)],1,renovacion_mismatch
218139,15574000000050,3,[np.int64(0)],1,renovacion_mismatch
218140,82067343,1,[np.int64(0)],1,renovacion_mismatch
218143,82067332,3,[np.int64(0)],1,renovacion_mismatch
218144,82067333,2,[np.int64(0)],1,renovacion_mismatch
218151,14517700026870,1,[np.int64(0)],1,renovacion_mismatch
218152,14517700026880,2,[np.int64(0)],1,renovacion_mismatch
218153,14517700026780,1,[np.int64(0)],1,renovacion_mismatch
218157,14517700026820,3,[np.int64(0)],1,renovacion_mismatch
218158,14517700026830,3,[np.int64(0)],1,renovacion_mismatch
218160,82067331,1,[np.int64(0)],1,renovacion_mismatch
218162,15574000000010,2,[np.int64(0)],2,renovacion_mismatch
218163,14517700026710,2,[np.int64(0)],1,renovacion_mismatch
218167,14517700026750,3,[np.int64(0)],1,renovacion_mismatch
218171,14517700026800,2,[np.int64(0)],1,renovacion_mismatch
218183,14517700026640,2,[np.int64(0)],1,renovacion_mismatch
218186,3000223,1,[np.int64(0)],1,renovacion_mismatch
218187,3011353-1,1,[np.int64(0)],1,renovacion_mismatch
218188,3000224,1,[np.int64(0)],1,renovacion_mismatch
218194,14517700026580,2,[np.int64(0)],1,renovacion_mismatch
218197,14517700026590,3,[np.int64(0)],1,renovacion_mismatch
218199,14517700026610,2,[np.int64(0)],1,renovacion_mismatch
218209,82067330,2,[np.int64(0)],1,renovacion_mismatch
218210,82067342,1,[np.int64(0)],1,renovacion_mismatch
218211,14517700026550,3,[np.int64(0)],1,renovacion_mismatch
218212,14517700026560,3,[np.int64(0)],1,renovacion_mismatch
218214,82067329,1,[np.int64(0)],1,renovacion_mismatch
218216,1408004145152000,1,[np.int64(0)],1,renovacion_mismatch
218217,14517700015420 NO RENOVADO 2021,1,SIN CARTERA,0,sin_cartera
218226,82067338,3,[np.int64(0)],1,renovacion_mismatch
218227,82067339,1,[np.int64(0)],1,renovacion_mismatch
218228,82067340,2,[np.int64(0)],1,renovacion_mismatch
218229,82067341,3,[np.int64(0)],1,renovacion_mismatch
218230,14517700015430 NO RENOVADO 2021,2,SIN CARTERA,0,sin_cartera
218236,82067326,1,[np.int64(0)],1,renovacion_mismatch
218237,82067315,1,[np.int64(0)],1,renovacion_mismatch
218238,82067327,2,[np.int64(0)],1,renovacion_mismatch
218239,82067316,1,[np.int64(0)],1,renovacion_mismatch
218240,1408004145090000,2,[np.int64(0)],1,renovacion_mismatch
218243,14517700026510,1,[np.int64(0)],1,renovacion_mismatch
218250,14517700026520,3,[np.int64(0)],1,renovacion_mismatch
218258,14517700026470,2,[np.int64(0)],1,renovacion_mismatch
218260,14517700026490,1,[np.int64(0)],1,renovacion_mismatch
218271,2050014496218,1,[np.int64(0)],1,renovacion_mismatch
218272,14517700026430,2,[np.int64(0)],2,renovacion_mismatch
218275,14517700026450,1,[np.int64(0)],1,renovacion_mismatch
218278,14517700026420,3,[np.int64(0)],1,renovacion_mismatch
218279,14517700026440,2,[np.int64(0)],1,renovacion_mismatch
218281,14517700026400,3,[np.int64(0)],1,renovacion_mismatch
218296,14517700026360,3,[np.int64(0)],1,renovacion_mismatch
218298,14517700026380,2,[np.int64(0)],1,renovacion_mismatch
218302,1408004145031000,1,[np.int64(0)],1,renovacion_mismatch
218304,82067320,2,[np.int64(0)],1,renovacion_mismatch
218310,14517700026300,1,[np.int64(0)],1,renovacion_mismatch
218315,82067319,2,[np.int64(0)],1,renovacion_mismatch
218316,1408004145019000,1,[np.int64(0)],1,renovacion_mismatch
218319,14517700026280,3,[np.int64(0)],1,renovacion_mismatch
218321,82067318,3,[np.int64(0)],1,renovacion_mismatch
218322,81886061,3,[np.int64(0)],1,renovacion_mismatch
218324,14517700026290,2,[np.int64(0)],1,renovacion_mismatch
218328,994000000316-1,1,[np.int64(0)],1,renovacion_mismatch
218333,AA005270,1,[np.int64(0)],83,renovacion_mismatch
218335,AA005903,1,[np.int64(0)],78,renovacion_mismatch
218338,81886062,1,[np.int64(0)],1,renovacion_mismatch
218342,14517700015040 NO RENOVADO 2021,1,SIN CARTERA,0,sin_cartera
218344,994000003083-2,1,[np.int64(0)],1,renovacion_mismatch
218346,14517700026260,3,[np.int64(0)],1,renovacion_mismatch
218371,14517700026220,3,[np.int64(0)],1,renovacion_mismatch
218374,82067306,1,[np.int64(0)],1,renovacion_mismatch
218376,101005522-1,1,[np.int64(0)],3,renovacion_mismatch
218377,82067305,3,[np.int64(0)],1,renovacion_mismatch
218384,994000000306-1,1,[np.int64(0)],1,renovacion_mismatch
218386,82067308,1,[np.int64(0)],1,renovacion_mismatch
218388,82067303,3,[np.int64(0)],1,renovacion_mismatch
218389,82067304,1,[np.int64(0)],1,renovacion_mismatch
218392,14517700026160,2,[np.int64(0)],1,renovacion_mismatch
218393,14517700026170,3,[np.int64(0)],1,renovacion_mismatch
218398,2050330522801,1,[np.int64(0)],2,renovacion_mismatch
218401,14517700026130,2,[np.int64(0)],1,renovacion_mismatch
218402,14517700026140,1,[np.int64(0)],1,renovacion_mismatch
218405,82067302,1,[np.int64(0)],1,renovacion_mismatch
218406,1408004144933000,3,[np.int64(0)],1,renovacion_mismatch
218407,82067300,3,[np.int64(0)],1,renovacion_mismatch
218408,81886072,1,[np.int64(0)],1,renovacion_mismatch
218422,14517700026100,2,[np.int64(0)],1,renovacion_mismatch
218438,81886070,2,[np.int64(0)],1,renovacion_mismatch
218440,14517700026050,1,[np.int64(0)],1,renovacion_mismatch
218443,14517700026080,2,[np.int64(0)],1,renovacion_mismatch
218444,81886068,1,[np.int64(0)],1,renovacion_mismatch
218450,14517700026010,2,[np.int64(0)],1,renovacion_mismatch
218451,14517700026020,2,[np.int64(0)],1,renovacion_mismatch
218459,81886058,3,[np.int64(0)],1,renovacion_mismatch
218462,81886059,2,[np.int64(0)],1,renovacion_mismatch
218463,81886063,1,[np.int64(0)],1,renovacion_mismatch
218464,81886064,2,[np.int64(0)],1,renovacion_mismatch
218466,81886065,3,[np.int64(0)],1,renovacion_mismatch
218469,14517700025980,3,[np.int64(0)],1,renovacion_mismatch
218474,14517700026000,2,[np.int64(0)],1,renovacion_mismatch
218476,81886052,3,[np.int64(0)],1,renovacion_mismatch
218477,14517700014760 NO RENOVADA 2021,1,SIN CARTERA,0,sin_cartera
218480,14517700025960,1,[np.int64(0)],1,renovacion_mismatch
218489,14517700025950,1,[np.int64(0)],1,renovacion_mismatch
218490,81886049,1,[np.int64(0)],1,renovacion_mismatch
218491,994000000304-1,1,[np.int64(0)],2,renovacion_mismatch
218492,81886050,1,[np.int64(0)],1,renovacion_mismatch
218495,14517700014730 NO RENOVADO 2021,1,SIN CARTERA,0,sin_cartera
218496,14517700014740 NO RENOVADA 2021,1,SIN CARTERA,0,sin_cartera
218499,81886054,2,[np.int64(0)],1,renovacion_mismatch
218500,81886055,1,[np.int64(0)],1,renovacion_mismatch
218502,81886048,3,[np.int64(0)],1,renovacion_mismatch
218505,81886057,1,[np.int64(0)],1,renovacion_mismatch
218507,81886030,1,[np.int64(0)],1,renovacion_mismatch
218510,1408004144370000,1,[np.int64(0)],1,renovacion_mismatch
218513,81886047,3,[np.int64(0)],1,renovacion_mismatch
218514,81886053,3,[np.int64(0)],1,renovacion_mismatch
218522,14517700025850,3,[np.int64(0)],1,renovacion_mismatch
218531,14517700025840,2,[np.int64(0)],1,renovacion_mismatch
218533,14517700025870,1,[np.int64(0)],1,renovacion_mismatch
218539,14517700025800,1,[np.int64(0)],1,renovacion_mismatch
218540,14517700025810,3,[np.int64(0)],1,renovacion_mismatch
218545,81886028,3,[np.int64(0)],1,renovacion_mismatch
218548,14517700025790,1,[np.int64(0)],1,renovacion_mismatch
218550,14517700014520 NO RENOVADO 2021,2,SIN CARTERA,0,sin_cartera
218561,14517700025770,3,[np.int64(0)],1,renovacion_mismatch
218565,14517700014420  NO RENOVADA 2021,2,SIN CARTERA,0,sin_cartera
218566,14517700014440 NO RENOVADA 2021,1,SIN CARTERA,0,sin_cartera
218568,14517700025760,3,[np.int64(0)],1,renovacion_mismatch
218570,14517700025680,2,[np.int64(0)],1,renovacion_mismatch
218573,14517700025710,3,[np.int64(0)],1,renovacion_mismatch
218574,14517700025720,2,[np.int64(0)],1,renovacion_mismatch
218575,14517700025730,1,[np.int64(0)],1,renovacion_mismatch
218576,14517700025740,1,[np.int64(0)],1,renovacion_mismatch
218584,14517700025650,1,[np.int64(0)],1,renovacion_mismatch
218585,14517700025660,2,[np.int64(0)],1,renovacion_mismatch
218587,101000797,1,[np.int64(0)],4,renovacion_mismatch
218588,1451770001440 NO RENOVADA 2021,1,SIN CARTERA,0,sin_cartera
218595,AA005561,1,[np.int64(0)],2,renovacion_mismatch
218597,14517700025610,2,[np.int64(0)],1,renovacion_mismatch
218607,14517700025590,2,[np.int64(0)],1,renovacion_mismatch
218609,1000003577,1,[np.int64(0)],1,renovacion_mismatch
218612,3400002549-21,1,[np.int64(0)],1,renovacion_mismatch
218628,79430107 NO RENOVADA 2021,2,SIN CARTERA,0,sin_cartera
218634,101000808,1,[np.int64(0)],4,renovacion_mismatch
218636,14517700025460,1,[np.int64(0)],1,renovacion_mismatch
218639,14517700025490,2,[np.int64(0)],1,renovacion_mismatch
218642,81886042,2,[np.int64(0)],1,renovacion_mismatch
218646,101006296,1,[np.int64(0)],10,renovacion_mismatch
218648,994000000287-1,1,[np.int64(0)],3,renovacion_mismatch
218652,14517700025400,2,[np.int64(0)],1,renovacion_mismatch
218654,14517700025420,1,[np.int64(0)],1,renovacion_mismatch
218657,81886039,1,[np.int64(0)],1,renovacion_mismatch
218658,1408004143810000,1,[np.int64(0)],1,renovacion_mismatch
218659,1000000144-7,1,[np.int64(0)],2,renovacion_mismatch
218660,994000000292-1,1,[np.int64(0)],1,renovacion_mismatch
218661,14517700025360,2,[np.int64(0)],1,renovacion_mismatch
218666,14517700025380,2,[np.int64(0)],1,renovacion_mismatch
218669,3012587,1,[np.int64(0)],1,renovacion_mismatch
218675,14517700025300,2,[np.int64(0)],1,renovacion_mismatch
218678,14517700025330,2,[np.int64(0)],1,renovacion_mismatch
218679,14517700025340,1,[np.int64(0)],1,renovacion_mismatch
218680,14517700025350,2,[np.int64(0)],1,renovacion_mismatch
218683,14517700025240,3,[np.int64(0)],1,renovacion_mismatch
218685,14517700025250,2,[np.int64(0)],2,renovacion_mismatch
218686,14517700025260,1,[np.int64(0)],1,renovacion_mismatch
218687,14517700025270,1,[np.int64(0)],1,renovacion_mismatch
218689,14517700025290,2,[np.int64(0)],1,renovacion_mismatch
218691,14517700025180,1,[np.int64(0)],1,renovacion_mismatch
218694,14517700025210,1,[np.int64(0)],1,renovacion_mismatch
218704,14517700025110,3,[np.int64(0)],1,renovacion_mismatch
218705,14517700025120,1,[np.int64(0)],1,renovacion_mismatch
218715,14517700025080,1,[np.int64(0)],1,renovacion_mismatch
218720,101005443-2,1,[np.int64(0)],3,renovacion_mismatch
218721,101006274,1,[np.int64(0)],1,renovacion_mismatch
218722,994000000279,1,[np.int64(0)],7,renovacion_mismatch
218723,101006278,2,[np.int64(0)],1,renovacion_mismatch
218724,101000683,1,[np.int64(0)],3,renovacion_mismatch
218728,14517700025050,2,[np.int64(0)],1,renovacion_mismatch
218729,14517700025060,1,[np.int64(0)],1,renovacion_mismatch
218732,81886023,1,[np.int64(0)],1,renovacion_mismatch
218734,994000000280,1,[np.int64(0)],8,renovacion_mismatch
218743,81886038,2,[np.int64(0)],1,renovacion_mismatch
218746,14517700025040,2,[np.int64(0)],1,renovacion_mismatch
218747,81886022,2,[np.int64(0)],1,renovacion_mismatch
218748,81886034,1,[np.int64(0)],1,renovacion_mismatch
218749,81886035,1,[np.int64(0)],1,renovacion_mismatch
218750,1408004143332000,3,[np.int64(0)],1,renovacion_mismatch
218751,1408004143335000,2,[np.int64(0)],1,renovacion_mismatch
218756,81886036,3,[np.int64(0)],1,renovacion_mismatch
218757,14517700025000,1,[np.int64(0)],1,renovacion_mismatch
218760,14517700025030,2,[np.int64(0)],1,renovacion_mismatch
218761,81886020,1,[np.int64(0)],1,renovacion_mismatch
218769,81886033,2,[np.int64(0)],1,renovacion_mismatch
218795,81886017,1,[np.int64(0)],1,renovacion_mismatch
218796,81886018,2,[np.int64(0)],1,renovacion_mismatch
218804,14517700024900,2,[np.int64(0)],1,renovacion_mismatch
218805,14517700024920,1,[np.int64(0)],1,renovacion_mismatch
218806,14517700024940,1,[np.int64(0)],1,renovacion_mismatch
218827,14517700024710,3,[np.int64(0)],1,renovacion_mismatch
218828,14517700024720,1,[np.int64(0)],1,renovacion_mismatch
218832,14517700024780,3,[np.int64(0)],1,renovacion_mismatch
218834,14517700024770,1,[np.int64(0)],1,renovacion_mismatch
218836,14517700024810,1,[np.int64(0)],1,renovacion_mismatch
218838,14517700024680,3,[np.int64(0)],1,renovacion_mismatch
218840,14517700024660,3,[np.int64(0)],1,renovacion_mismatch
218842,14517700024690,1,[np.int64(0)],1,renovacion_mismatch
218843,14517700024700,3,[np.int64(0)],1,renovacion_mismatch
218845,14517700024760,2,[np.int64(0)],2,renovacion_mismatch
218865,14517700013710 NO RENOVADO 2021,1,SIN CARTERA,0,sin_cartera
218885,14517700024640,1,[np.int64(0)],1,renovacion_mismatch
218887,14517700024510,2,[np.int64(0)],1,renovacion_mismatch
218889,14517700024530,3,[np.int64(0)],1,renovacion_mismatch
218890,994000000819-1,1,[np.int64(0)],1,renovacion_mismatch
218896,14517700024570,2,[np.int64(0)],1,renovacion_mismatch
218902,14517700024460,1,[np.int64(0)],1,renovacion_mismatch
218904,14517700024480,1,[np.int64(0)],2,renovacion_mismatch
218906,14517700024500,2,[np.int64(0)],2,renovacion_mismatch
218910,14517700024400,1,[np.int64(0)],1,renovacion_mismatch
218912,14517700024420,1,[np.int64(0)],1,renovacion_mismatch
218914,14517700024440,3,[np.int64(0)],1,renovacion_mismatch
218918,14517700024350,3,[np.int64(0)],1,renovacion_mismatch
218928,14517700024320,2,[np.int64(0)],1,renovacion_mismatch
218930,14517700024340,1,[np.int64(0)],1,renovacion_mismatch
218932,81886016,1,[np.int64(0)],1,renovacion_mismatch
218936,81886015,2,[np.int64(0)],1,renovacion_mismatch
218938,14517700024230,1,[np.int64(0)],1,renovacion_mismatch
218944,81702309,3,[np.int64(0)],1,renovacion_mismatch
218948,14517700024250,3,[np.int64(0)],1,renovacion_mismatch
218949,14517700024260,1,[np.int64(0)],1,renovacion_mismatch
218950,14517700024270,1,[np.int64(0)],1,renovacion_mismatch
218951,14517700024280,3,[np.int64(0)],1,renovacion_mismatch
218953,81886014,1,[np.int64(0)],1,renovacion_mismatch
218954,14517700024300,2,[np.int64(0)],1,renovacion_mismatch
218960,14517700024240,2,[np.int64(0)],1,renovacion_mismatch
218961,81702292,3,[np.int64(0)],1,renovacion_mismatch
218962,81702306,1,[np.int64(0)],1,renovacion_mismatch
218975,2050330517002,1,[np.int64(0)],1,renovacion_mismatch
218981,14517700024200,1,[np.int64(0)],1,renovacion_mismatch
218986,81702289,1,[np.int64(0)],1,renovacion_mismatch
218990,81702290,3,[np.int64(0)],1,renovacion_mismatch
218991,1408004142290000,2,[np.int64(0)],1,renovacion_mismatch
218995,81702288,1,[np.int64(0)],1,renovacion_mismatch
218996,81702303,1,[np.int64(0)],1,renovacion_mismatch
218998,14517700024130,2,[np.int64(0)],1,renovacion_mismatch
218999,14517700024140,1,[np.int64(0)],1,renovacion_mismatch
219000,14517700024150,1,[np.int64(0)],1,renovacion_mismatch
219004,14517700024170,2,[np.int64(0)],1,renovacion_mismatch
219013,81702286,1,[np.int64(0)],1,renovacion_mismatch
219014,81702287,3,[np.int64(0)],1,renovacion_mismatch
219015,81702299,2,[np.int64(0)],1,renovacion_mismatch
219017,81702300,2,[np.int64(0)],1,renovacion_mismatch
219019,81702301,1,[np.int64(0)],1,renovacion_mismatch
219021,1408004142166000,2,[np.int64(0)],1,renovacion_mismatch
219022,1408004142183000,1,[np.int64(0)],1,renovacion_mismatch
219025,81702281,1,[np.int64(0)],1,renovacion_mismatch
219026,81702282,2,[np.int64(0)],1,renovacion_mismatch
219027,81702283,1,[np.int64(0)],1,renovacion_mismatch
219029,81702284,2,[np.int64(0)],1,renovacion_mismatch
219032,81702298,1,[np.int64(0)],1,renovacion_mismatch
219050,81702295,1,[np.int64(0)],1,renovacion_mismatch
219051,81702296,1,[np.int64(0)],1,renovacion_mismatch
219066,81702276,1,[np.int64(0)],1,renovacion_mismatch
219067,1408004142077000,1,[np.int64(0)],1,renovacion_mismatch
219069,81702278,3,[np.int64(0)],1,renovacion_mismatch
219077,1000003571,1,[np.int64(0)],130,renovacion_mismatch
219081,2050500071902,1,[np.int64(0)],1,renovacion_mismatch
219084,101000245,1,[np.int64(0)],3,renovacion_mismatch
219087,2050014558703,1,[np.int64(0)],1,renovacion_mismatch
219093,994000000262,1,[np.int64(0)],2,renovacion_mismatch
219098,0000,1,SIN CARTERA,0,sin_cartera
219111,1408004141987000,1,[np.int64(0)],4,renovacion_mismatch
219115,14517700024060,3,[np.int64(0)],1,renovacion_mismatch
219118,14517700024100,3,[np.int64(0)],1,renovacion_mismatch
219119,14517700024080,3,[np.int64(0)],1,renovacion_mismatch
219124,101004265-3,1,[np.int64(0)],1,renovacion_mismatch
219128,14517700024030,2,[np.int64(0)],1,renovacion_mismatch
219129,14517700024040,1,[np.int64(0)],1,renovacion_mismatch
219130,14517700024050,1,[np.int64(0)],1,renovacion_mismatch
219133,994000000269-1,1,[np.int64(0)],3,renovacion_mismatch
219135,81458282,1,[np.int64(0)],1,renovacion_mismatch
219148,81702265,1,[np.int64(0)],1,renovacion_mismatch
219149,81702266,2,[np.int64(0)],1,renovacion_mismatch
219150,81702267,1,[np.int64(0)],1,renovacion_mismatch
219152,81702269,2,[np.int64(0)],1,renovacion_mismatch
219154,81458281,1,[np.int64(0)],1,renovacion_mismatch
219161,14517700023990,1,[np.int64(0)],1,renovacion_mismatch
219162,81458280,2,[np.int64(0)],2,renovacion_mismatch
219163,81702264,1,[np.int64(0)],1,renovacion_mismatch
219164,14517700023900,2,[np.int64(0)],1,renovacion_mismatch
219165,14517700023930,2,[np.int64(0)],1,renovacion_mismatch
219166,14517700023940,2,[np.int64(0)],1,renovacion_mismatch
219170,14517700023980,1,[np.int64(0)],1,renovacion_mismatch
219172,14517700023970,2,[np.int64(0)],1,renovacion_mismatch
219178,14517700023910,1,[np.int64(0)],1,renovacion_mismatch
219189,81702263,2,[np.int64(0)],1,renovacion_mismatch
219191,81458278,1,[np.int64(0)],1,renovacion_mismatch
219192,14517700023870,1,[np.int64(0)],1,renovacion_mismatch
219193,14517700023840,2,[np.int64(0)],1,renovacion_mismatch
219195,81458277,2,[np.int64(0)],2,renovacion_mismatch
219197,1408004141625000,1,[np.int64(0)],1,renovacion_mismatch
219202,81702262,2,[np.int64(0)],1,renovacion_mismatch
219208,994000000264-1,1,[np.int64(0)],10,renovacion_mismatch
219220,14517700012530 NO RENOVADA 2021,1,SIN CARTERA,0,sin_cartera
219223,81702260,1,[np.int64(0)],1,renovacion_mismatch
219224,81458276,2,[np.int64(0)],1,renovacion_mismatch
219227,14517700023830,2,[np.int64(0)],1,renovacion_mismatch
219241,14517700023760,1,[np.int64(0)],1,renovacion_mismatch
219242,79121976  NO RENOVADA 2021,1,SIN CARTERA,0,sin_cartera
219243,79121957 NO RENOVADO 2021,1,SIN CARTERA,0,sin_cartera
219244,14517700023780,2,[np.int64(0)],1,renovacion_mismatch
219251,14517700023710,2,[np.int64(0)],1,renovacion_mismatch
219252,1408004141498000,2,[np.int64(0)],1,renovacion_mismatch
219254,1408004141505000,1,[np.int64(0)],1,renovacion_mismatch
219255,14517700023730,1,[np.int64(0)],1,renovacion_mismatch
219256,14517700023740,1,[np.int64(0)],1,renovacion_mismatch
219259,14517700023770,1,[np.int64(0)],1,renovacion_mismatch
219269,1408004141491000,2,[np.int64(0)],1,renovacion_mismatch
219275,14517700023690,2,[np.int64(0)],1,renovacion_mismatch
219276,14517700023700,1,[np.int64(0)],1,renovacion_mismatch
219283,3012322,1,[np.int64(0)],10,renovacion_mismatch
219286,101005374-3,1,[np.int64(0)],10,renovacion_mismatch
219288,3012325,1,[np.int64(0)],10,renovacion_mismatch
219299,81702259,2,[np.int64(0)],1,renovacion_mismatch
219313,81702253,2,[np.int64(0)],1,renovacion_mismatch
219315,81702254,2,[np.int64(0)],1,renovacion_mismatch
219316,1408004141369000,2,[np.int64(0)],1,renovacion_mismatch
219317,14517700023650,2,[np.int64(0)],1,renovacion_mismatch
219349,1408004141313000,1,[np.int64(0)],1,renovacion_mismatch
219352,14517700023590,1,[np.int64(0)],1,renovacion_mismatch
219358,14517700023640,1,[np.int64(0)],1,renovacion_mismatch
219363,14517700023520,2,[np.int64(0)],1,renovacion_mismatch
219365,14517700023540,1,[np.int64(0)],1,renovacion_mismatch
219367,14517700023560,2,[np.int64(0)],1,renovacion_mismatch
219368,14517700023570,2,[np.int64(0)],1,renovacion_mismatch
219369,14517700023510,2,[np.int64(0)],1,renovacion_mismatch
219381,14517700023460,2,[np.int64(0)],1,renovacion_mismatch
219383,14517700023470,1,[np.int64(0)],1,renovacion_mismatch
219384,14517700023480,1,[np.int64(0)],1,renovacion_mismatch
219387,14517700023490,2,[np.int64(0)],1,renovacion_mismatch
219409,1408004141147000,2,[np.int64(0)],1,renovacion_mismatch
219419,14517700023380,2,[np.int64(0)],1,renovacion_mismatch
219420,14517700023330,1,[np.int64(0)],1,renovacion_mismatch
219421,14517700023340,2,[np.int64(0)],1,renovacion_mismatch
219422,14517700023350,2,[np.int64(0)],1,renovacion_mismatch
219423,14517700023360,1,[np.int64(0)],2,renovacion_mismatch
219424,14517700023370,2,[np.int64(0)],1,renovacion_mismatch
219428,14517700023300,2,[np.int64(0)],1,renovacion_mismatch
219430,14517700023320,2,[np.int64(0)],1,renovacion_mismatch
219431,14517700023310,2,[np.int64(0)],1,renovacion_mismatch
219432,81458289,2,[np.int64(0)],1,renovacion_mismatch
219433,81458288,2,[np.int64(0)],1,renovacion_mismatch
219434,81458286,2,[np.int64(0)],1,renovacion_mismatch
219435,81458287,2,[np.int64(0)],1,renovacion_mismatch
219441,14517700023280,1,[np.int64(0)],1,renovacion_mismatch
219443,81458284,2,[np.int64(0)],1,renovacion_mismatch
219446,994000000259-1,1,[np.int64(0)],1,renovacion_mismatch
219451,14517700023250,2,[np.int64(0)],1,renovacion_mismatch
219455,81458275,1,[np.int64(0)],1,renovacion_mismatch
219456,1408004141046000,2,[np.int64(0)],1,renovacion_mismatch
219457,81458273,1,[np.int64(0)],1,renovacion_mismatch
219460,81458249,2,[np.int64(0)],1,renovacion_mismatch
219463,81458272,1,[np.int64(0)],1,renovacion_mismatch
219464,81458268,2,[np.int64(0)],1,renovacion_mismatch
219467,81458271,1,[np.int64(0)],1,renovacion_mismatch
219471,1408004141023000,2,[np.int64(0)],1,renovacion_mismatch
219476,AA005885,1,[np.int64(0)],2,renovacion_mismatch
219478,81458267,2,[np.int64(0)],1,renovacion_mismatch
219480,81458246,1,[np.int64(0)],1,renovacion_mismatch
219483,14517700023240,2,[np.int64(0)],1,renovacion_mismatch
219486,81458266,1,[np.int64(0)],1,renovacion_mismatch
219489,14517700023180,2,[np.int64(0)],1,renovacion_mismatch
219490,81458263,2,[np.int64(0)],1,renovacion_mismatch
219492,81458264,1,[np.int64(0)],1,renovacion_mismatch
219493,14517700023200,1,[np.int64(0)],1,renovacion_mismatch
219496,14517700023220,1,[np.int64(0)],1,renovacion_mismatch
219498,81458262,1,[np.int64(0)],1,renovacion_mismatch
219500,81458245,2,[np.int64(0)],1,renovacion_mismatch
219510,994000000251-1,1,[np.int64(0)],1,renovacion_mismatch
219511,14517700023140,2,[np.int64(0)],1,renovacion_mismatch
219512,14517700023150,2,[np.int64(0)],1,renovacion_mismatch
219513,81458260,2,[np.int64(0)],1,renovacion_mismatch
219514,81458261,1,[np.int64(0)],1,renovacion_mismatch
219521,14517700023110,1,[np.int64(0)],1,renovacion_mismatch
219522,81458259,1,[np.int64(0)],1,renovacion_mismatch
219523,1408004140978000,2,[np.int64(0)],1,renovacion_mismatch
219534,14517700023100,2,[np.int64(0)],1,renovacion_mismatch
219538,1408004140929000,2,[np.int64(0)],1,renovacion_mismatch
219539,81458255,2,[np.int64(0)],1,renovacion_mismatch
219541,81458239,1,[np.int64(0)],1,renovacion_mismatch
219542,81458256,1,[np.int64(0)],1,renovacion_mismatch
219543,1408004140939000,2,[np.int64(0)],1,renovacion_mismatch
219548,101005350-1,1,[np.int64(0)],3,renovacion_mismatch
219552,994000000250-1,1,[np.int64(0)],1,renovacion_mismatch
219554,101000781,1,[np.int64(0)],2,renovacion_mismatch
219555,1408004140928000,2,[np.int64(0)],1,renovacion_mismatch
219556,81458254,2,[np.int64(0)],1,renovacion_mismatch
219558,81458234,1,[np.int64(0)],1,renovacion_mismatch
219559,81458235,2,[np.int64(0)],1,renovacion_mismatch
219561,101000112-3,1,[np.int64(0)],1,renovacion_mismatch
219562,14517700023070,1,[np.int64(0)],1,renovacion_mismatch
219564,81458236,2,[np.int64(0)],1,renovacion_mismatch
219571,14517700023060,2,[np.int64(0)],1,renovacion_mismatch
219577,1408004140904000,2,[np.int64(0)],1,renovacion_mismatch
219578,81306346,2,[np.int64(0)],1,renovacion_mismatch
219581,994000000428,1,[np.int64(0)],3,renovacion_mismatch
219587,994000000249-1,1,[np.int64(0)],3,renovacion_mismatch
219591,1408004140885000,2,[np.int64(0)],1,renovacion_mismatch
219594,81306337,2,[np.int64(0)],1,renovacion_mismatch
219596,1408004140902000,1,[np.int64(0)],1,renovacion_mismatch
219599,81306335,1,[np.int64(0)],1,renovacion_mismatch
219601,81306342,2,[np.int64(0)],1,renovacion_mismatch
219606,81306343,2,[np.int64(0)],1,renovacion_mismatch
219607,81306332,2,[np.int64(0)],1,renovacion_mismatch
219615,14517700023040,2,[np.int64(0)],1,renovacion_mismatch
219616,81306341,2,[np.int64(0)],1,renovacion_mismatch
219617,81306328,2,[np.int64(0)],1,renovacion_mismatch
219619,81306330,1,[np.int64(0)],1,renovacion_mismatch
219621,81306338,2,[np.int64(0)],1,renovacion_mismatch
219622,81306340,2,[np.int64(0)],1,renovacion_mismatch
219623,81306331,2,[np.int64(0)],1,renovacion_mismatch
219624,81306339,2,[np.int64(0)],1,renovacion_mismatch
219625,1408004140839000,1,[np.int64(0)],1,renovacion_mismatch
219626,14517700023020,1,[np.int64(0)],1,renovacion_mismatch
219629,81306306,1,[np.int64(0)],1,renovacion_mismatch
219634,81306327,2,[np.int64(0)],1,renovacion_mismatch
219635,81306325,2,[np.int64(0)],1,renovacion_mismatch
219641,14517700023000,1,[np.int64(0)],1,renovacion_mismatch
219645,81306305,2,[np.int64(0)],1,renovacion_mismatch
219651,14517700022980,2,[np.int64(0)],1,renovacion_mismatch
219653,81306322,2,[np.int64(0)],1,renovacion_mismatch
219656,81306304,2,[np.int64(0)],1,renovacion_mismatch
219665,14517700022930,1,[np.int64(0)],1,renovacion_mismatch
219667,81306319,1,[np.int64(0)],1,renovacion_mismatch
219671,81306320,2,[np.int64(0)],1,renovacion_mismatch
219672,14517700022920,1,[np.int64(0)],1,renovacion_mismatch
219675,81306321,1,[np.int64(0)],1,renovacion_mismatch
219678,14517700022840,1,[np.int64(0)],1,renovacion_mismatch
219679,81306318,2,[np.int64(0)],1,renovacion_mismatch
219682,14517700022860,1,[np.int64(0)],1,renovacion_mismatch
219684,14517700022890,1,[np.int64(0)],1,renovacion_mismatch
219685,14517700022900,2,[np.int64(0)],1,renovacion_mismatch
219688,14517700022770,2,[np.int64(0)],1,renovacion_mismatch
219689,14517700022780,2,[np.int64(0)],1,renovacion_mismatch
219690,14517700022790,1,[np.int64(0)],1,renovacion_mismatch
219691,14517700022800,2,[np.int64(0)],1,renovacion_mismatch
219696,14517700022820,1,[np.int64(0)],1,renovacion_mismatch
219699,101004791-2,1,[np.int64(0)],1,renovacion_mismatch
219700,1000490991203,1,[np.int64(0)],1,renovacion_mismatch
219709,14517700022750,2,[np.int64(0)],1,renovacion_mismatch
219711,81306298,2,[np.int64(0)],1,renovacion_mismatch
219712,14517700022760,1,[np.int64(0)],1,renovacion_mismatch
219715,14517700022730,2,[np.int64(0)],1,renovacion_mismatch
219719,14517700022700,1,[np.int64(0)],1,renovacion_mismatch
219720,14517700022710,2,[np.int64(0)],1,renovacion_mismatch
219721,81306295,1,[np.int64(0)],1,renovacion_mismatch
219722,81306294,1,[np.int64(0)],1,renovacion_mismatch
219730,14517700022680,2,[np.int64(0)],1,renovacion_mismatch
219731,14517700022690,2,[np.int64(0)],1,renovacion_mismatch
219734,81306291,2,[np.int64(0)],1,renovacion_mismatch
219739,81306317,1,[np.int64(0)],1,renovacion_mismatch
219749,14517700022600,2,[np.int64(0)],1,renovacion_mismatch
219752,14517700022610,1,[np.int64(0)],1,renovacion_mismatch
219753,14517700022630,2,[np.int64(0)],1,renovacion_mismatch
219754,14517700022640,2,[np.int64(0)],1,renovacion_mismatch
219755,14517700022650,1,[np.int64(0)],1,renovacion_mismatch
219757,14517700010720 NO RENOVADO 2021,2,SIN CARTERA,0,sin_cartera
219763,81306316,2,[np.int64(0)],1,renovacion_mismatch
219767,81306315,1,[np.int64(0)],1,renovacion_mismatch
219770,78736420 NO RENOVADA 2021,1,SIN CARTERA,0,sin_cartera
219771,14517700022590,1,[np.int64(0)],1,renovacion_mismatch
219776,14517700022530,1,[np.int64(0)],1,renovacion_mismatch
219777,81306312,1,[np.int64(0)],1,renovacion_mismatch
219778,81061331,2,[np.int64(0)],1,renovacion_mismatch
219783,14517700022540,1,[np.int64(0)],1,renovacion_mismatch
219784,14517700022550,2,[np.int64(0)],1,renovacion_mismatch
219786,14517700022490,1,[np.int64(0)],1,renovacion_mismatch
219787,14517700022500,2,[np.int64(0)],1,renovacion_mismatch
219788,14517700022510,1,[np.int64(0)],1,renovacion_mismatch
219789,14517700022520,2,[np.int64(0)],1,renovacion_mismatch
219792,14517700010430 NO RENOVADO 2021,1,SIN CARTERA,0,sin_cartera
219796,14517700022420,1,[np.int64(0)],1,renovacion_mismatch
219797,14517700022440,2,[np.int64(0)],1,renovacion_mismatch
219805,14517700022400,2,[np.int64(0)],1,renovacion_mismatch
219812,14517700022370,2,[np.int64(0)],1,renovacion_mismatch
219814,14517700022390,2,[np.int64(0)],1,renovacion_mismatch
219815,14517700022410,2,[np.int64(0)],1,renovacion_mismatch
219818,81061330,1,[np.int64(0)],1,renovacion_mismatch
219820,81306308,1,[np.int64(0)],1,renovacion_mismatch
219824,81306309,2,[np.int64(0)],1,renovacion_mismatch
219826,14517700022250,2,[np.int64(0)],1,renovacion_mismatch
219830,14517700022280,2,[np.int64(0)],1,renovacion_mismatch
219831,14517700022290,2,[np.int64(0)],1,renovacion_mismatch
219832,81061327,2,[np.int64(0)],2,renovacion_mismatch
219833,14517700022300,2,[np.int64(0)],1,renovacion_mismatch
219837,3010866-1,1,[np.int64(0)],1,renovacion_mismatch
219842,14517700022230,2,[np.int64(0)],1,renovacion_mismatch
219845,14517700022240,1,[np.int64(0)],1,renovacion_mismatch
219846,14517700022090,2,[np.int64(0)],1,renovacion_mismatch
219847,14517700022100,2,[np.int64(0)],1,renovacion_mismatch
219848,14517700022110,2,[np.int64(0)],1,renovacion_mismatch
219849,14517700022120,2,[np.int64(0)],1,renovacion_mismatch
219850,14517700022130,2,[np.int64(0)],1,renovacion_mismatch
219851,14517700022140,2,[np.int64(0)],1,renovacion_mismatch
219852,14517700022150,2,[np.int64(0)],1,renovacion_mismatch
219853,14517700022160,2,[np.int64(0)],1,renovacion_mismatch
219854,14517700022170,2,[np.int64(0)],1,renovacion_mismatch
219855,14517700022180,2,[np.int64(0)],1,renovacion_mismatch
219856,14517700022010,2,[np.int64(0)],1,renovacion_mismatch
219857,14517700022220,2,[np.int64(0)],1,renovacion_mismatch
219858,14517700022030,2,[np.int64(0)],1,renovacion_mismatch
219859,14517700022020,2,[np.int64(0)],1,renovacion_mismatch
219860,14517700022040,2,[np.int64(0)],1,renovacion_mismatch
219861,14517700022050,2,[np.int64(0)],1,renovacion_mismatch
219862,14517700022060,2,[np.int64(0)],1,renovacion_mismatch
219863,14517700022070,2,[np.int64(0)],1,renovacion_mismatch
219864,101005318-2,1,[np.int64(0)],10,renovacion_mismatch
219865,14517700022080,2,[np.int64(0)],1,renovacion_mismatch
219866,14517700021900,2,[np.int64(0)],1,renovacion_mismatch
219867,14517700021910,2,[np.int64(0)],1,renovacion_mismatch
219868,14517700021920,2,[np.int64(0)],1,renovacion_mismatch
219869,14517700021930,2,[np.int64(0)],1,renovacion_mismatch
219870,14517700021940,2,[np.int64(0)],1,renovacion_mismatch
219871,14517700021950,2,[np.int64(0)],1,renovacion_mismatch
219872,14517700021960,2,[np.int64(0)],1,renovacion_mismatch
219873,14517700021980,2,[np.int64(0)],1,renovacion_mismatch
219874,14517700022000,2,[np.int64(0)],1,renovacion_mismatch
219875,14517700021990,2,[np.int64(0)],1,renovacion_mismatch
219876,14517700021800,2,[np.int64(0)],1,renovacion_mismatch
219877,14517700021810,2,[np.int64(0)],1,renovacion_mismatch
219878,14517700021820,2,[np.int64(0)],1,renovacion_mismatch
219879,14517700021830,2,[np.int64(0)],1,renovacion_mismatch
219880,14517700021840,2,[np.int64(0)],1,renovacion_mismatch
219881,14517700021850,2,[np.int64(0)],1,renovacion_mismatch
219882,14517700021860,2,[np.int64(0)],1,renovacion_mismatch
219883,14517700021870,2,[np.int64(0)],1,renovacion_mismatch
219884,14517700021880,2,[np.int64(0)],1,renovacion_mismatch
219885,14517700021890,2,[np.int64(0)],1,renovacion_mismatch
219886,14517700021700,2,[np.int64(0)],1,renovacion_mismatch
219887,14517700021710,2,[np.int64(0)],1,renovacion_mismatch
219888,14517700021720,2,[np.int64(0)],1,renovacion_mismatch
219889,14517700021730,2,[np.int64(0)],1,renovacion_mismatch
219890,14517700021740,2,[np.int64(0)],1,renovacion_mismatch
219891,14517700021750,2,[np.int64(0)],1,renovacion_mismatch
219892,14517700021760,2,[np.int64(0)],1,renovacion_mismatch
219893,14517700021770,2,[np.int64(0)],1,renovacion_mismatch
219894,14517700021780,2,[np.int64(0)],1,renovacion_mismatch
219895,14517700021790,2,[np.int64(0)],1,renovacion_mismatch
219896,14517700021620,2,[np.int64(0)],1,renovacion_mismatch
219897,14517700021630,2,[np.int64(0)],1,renovacion_mismatch
219898,14517700021640,2,[np.int64(0)],1,renovacion_mismatch
219899,14517700022200,1,[np.int64(0)],1,renovacion_mismatch
219900,14517700021650,2,[np.int64(0)],1,renovacion_mismatch
219901,14517700021660,2,[np.int64(0)],1,renovacion_mismatch
219902,14517700021670,2,[np.int64(0)],1,renovacion_mismatch
219904,14517700021680,2,[np.int64(0)],1,renovacion_mismatch
219905,14517700021690,2,[np.int64(0)],1,renovacion_mismatch
219913,14517700021970,1,[np.int64(0)],1,renovacion_mismatch
219914,14517700022190,2,[np.int64(0)],1,renovacion_mismatch
219915,14517700021610,2,[np.int64(0)],1,renovacion_mismatch
219918,14517700021580,2,[np.int64(0)],1,renovacion_mismatch
219919,14517700021590,1,[np.int64(0)],1,renovacion_mismatch
219920,14517700021600,2,[np.int64(0)],1,renovacion_mismatch
219921,81061323,2,[np.int64(0)],1,renovacion_mismatch
219922,81061324,2,[np.int64(0)],1,renovacion_mismatch
219924,81061325,1,[np.int64(0)],1,renovacion_mismatch
219925,81061326,2,[np.int64(0)],1,renovacion_mismatch
219926,14517700021540,2,[np.int64(0)],1,renovacion_mismatch
219928,81061321,2,[np.int64(0)],1,renovacion_mismatch
219929,14517700009390 NO RENOVADA 2021,1,SIN CARTERA,0,sin_cartera
219930,78736378 NO RENOVADA 2021,2,SIN CARTERA,0,sin_cartera
219933,14517700021550,1,[np.int64(0)],1,renovacion_mismatch
219935,81061318,1,[np.int64(0)],1,renovacion_mismatch
219942,81061319,1,[np.int64(0)],1,renovacion_mismatch
219943,81061320,2,[np.int64(0)],1,renovacion_mismatch
219944,14517700021490,1,[np.int64(0)],1,renovacion_mismatch
219945,14517700021500,2,[np.int64(0)],1,renovacion_mismatch
219946,14517700021510,1,[np.int64(0)],1,renovacion_mismatch
219947,81061328,1,[np.int64(0)],1,renovacion_mismatch
219952,81061329,2,[np.int64(0)],1,renovacion_mismatch
219953,7873676 NO RENOVADA 2021,1,SIN CARTERA,0,sin_cartera
219954,81061309,1,[np.int64(0)],1,renovacion_mismatch
219955,81061310,1,[np.int64(0)],1,renovacion_mismatch
219956,81061311,1,[np.int64(0)],1,renovacion_mismatch
219957,81061315,2,[np.int64(0)],1,renovacion_mismatch
219959,14517700021460,1,[np.int64(0)],1,renovacion_mismatch
219963,14517700021480,2,[np.int64(0)],1,renovacion_mismatch
219965,14517700021420,2,[np.int64(0)],1,renovacion_mismatch
219971,14517700021440,2,[np.int64(0)],1,renovacion_mismatch
219973,101006097,1,[np.int64(0)],6,renovacion_mismatch
219977,14517700021400,1,[np.int64(0)],1,renovacion_mismatch
219981,81061308,1,[np.int64(0)],1,renovacion_mismatch
219982,81061307,2,[np.int64(0)],1,renovacion_mismatch
219984,994000000421,1,[np.int64(0)],3,renovacion_mismatch
219988,14517700021360,2,[np.int64(0)],1,renovacion_mismatch
219990,14517700021380,1,[np.int64(0)],1,renovacion_mismatch
219992,81061306,2,[np.int64(0)],1,renovacion_mismatch
219997,81061314,2,[np.int64(0)],1,renovacion_mismatch
219998,14517700021350,1,[np.int64(0)],1,renovacion_mismatch
220000,81061305,2,[np.int64(0)],1,renovacion_mismatch
220005,1000003552,1,[np.int64(0)],2,renovacion_mismatch
220006,14517700021330,1,[np.int64(0)],1,renovacion_mismatch
220015,101004142-3,1,[np.int64(0)],3,renovacion_mismatch
220016,14517700021280,2,[np.int64(0)],1,renovacion_mismatch
220017,14517700021290,2,[np.int64(0)],1,renovacion_mismatch
220018,14517700021300,2,[np.int64(0)],1,renovacion_mismatch
220019,14517700021310,2,[np.int64(0)],1,renovacion_mismatch
220020,80866317,2,[np.int64(0)],1,renovacion_mismatch
220021,1000003551,1,[np.int64(0)],4,renovacion_mismatch
220027,14517700021260,1,[np.int64(0)],1,renovacion_mismatch
220032,81061302,1,[np.int64(0)],1,renovacion_mismatch
220034,80866316,1,[np.int64(0)],1,renovacion_mismatch
220035,14517700021250,1,[np.int64(0)],1,renovacion_mismatch
220036,14517700008960 NO RENOVADA 2021,1,SIN CARTERA,0,sin_cartera
220037,14517700009000 NO RENOVADA 2021,1,SIN CARTERA,0,sin_cartera
220038,14517700009060 NO RENOVADO 2021,2,SIN CARTERA,0,sin_cartera
220039,81061303,1,[np.int64(0)],1,renovacion_mismatch
220040,14517700009090 NO RENOVADO 2021,1,SIN CARTERA,0,sin_cartera
220041,14517700021210,2,[np.int64(0)],1,renovacion_mismatch
220044,81061299,2,[np.int64(0)],1,renovacion_mismatch
220047,14517700009050 NO RENOVADA 2021,1,SIN CARTERA,0,sin_cartera
220050,14517700021240,1,[np.int64(0)],1,renovacion_mismatch
220054,14517700021200,1,[np.int64(0)],1,renovacion_mismatch
220059,80866314,2,[np.int64(0)],3,renovacion_mismatch
220061,1000003503,1,[np.int64(0)],3,renovacion_mismatch
220062,14517700021130,2,[np.int64(0)],1,renovacion_mismatch
220065,14517700021140,2,[np.int64(0)],1,renovacion_mismatch
220067,14517700021150,1,[np.int64(0)],1,renovacion_mismatch
220068,14517700021160,1,[np.int64(0)],1,renovacion_mismatch
220069,81061298,2,[np.int64(0)],1,renovacion_mismatch
220070,101005294-2,1,[np.int64(0)],3,renovacion_mismatch
220073,80866312,1,[np.int64(0)],1,renovacion_mismatch
220074,80866310,2,[np.int64(0)],1,renovacion_mismatch
220075,80866311,1,[np.int64(0)],1,renovacion_mismatch
220076,80866313,1,[np.int64(0)],1,renovacion_mismatch
220081,14517700021090,2,[np.int64(0)],1,renovacion_mismatch
220082,14517700021100,1,[np.int64(0)],3,renovacion_mismatch
220083,81061294,1,[np.int64(0)],2,renovacion_mismatch
220084,81061296,2,[np.int64(0)],1,renovacion_mismatch
220085,81061297,1,[np.int64(0)],1,renovacion_mismatch
220089,14517700021110,2,[np.int64(0)],1,renovacion_mismatch
220091,78372196 NO RENOVADA 2021,1,SIN CARTERA,0,sin_cartera
220093,14517700021080,1,[np.int64(0)],1,renovacion_mismatch
220094,81061293,1,[np.int64(0)],1,renovacion_mismatch
220095,81061278,1,[np.int64(0)],1,renovacion_mismatch
220096,81061295,1,[np.int64(0)],1,renovacion_mismatch
220105,14517700021070,2,[np.int64(0)],1,renovacion_mismatch
220106,14517700021050,2,[np.int64(0)],1,renovacion_mismatch
220108,81061291,1,[np.int64(0)],1,renovacion_mismatch
220109,81061292,2,[np.int64(0)],1,renovacion_mismatch
220110,14517700020990,2,[np.int64(0)],1,renovacion_mismatch
220111,14517700021000,2,[np.int64(0)],1,renovacion_mismatch
220112,14517700021010,2,[np.int64(0)],1,renovacion_mismatch
220113,14517700021020,1,[np.int64(0)],1,renovacion_mismatch
220115,81061288,1,[np.int64(0)],1,renovacion_mismatch
220116,81061289,2,[np.int64(0)],1,renovacion_mismatch
220122,81061285,1,[np.int64(0)],1,renovacion_mismatch
220124,81061287,2,[np.int64(0)],1,renovacion_mismatch
220130,81061282,1,[np.int64(0)],1,renovacion_mismatch
220131,3108932000,1,[np.int64(0)],1,renovacion_mismatch
220132,81061283,2,[np.int64(0)],1,renovacion_mismatch
220136,81061284,2,[np.int64(0)],1,renovacion_mismatch
220139,2050330570901,1,[np.int64(0)],1,renovacion_mismatch
220140,14517700020820,1,[np.int64(0)],1,renovacion_mismatch
220141,14517700020880,2,[np.int64(0)],1,renovacion_mismatch
220142,14517700020890,2,[np.int64(0)],1,renovacion_mismatch
220143,14517700020900,2,[np.int64(0)],1,renovacion_mismatch
220144,81061279,2,[np.int64(0)],1,renovacion_mismatch
220145,81061280,1,[np.int64(0)],1,renovacion_mismatch
220147,14517700020920,2,[np.int64(0)],1,renovacion_mismatch
220148,14517700020930,1,[np.int64(0)],1,renovacion_mismatch
220153,1408004140282000,2,[np.int64(0)],1,renovacion_mismatch
220154,81061276,1,[np.int64(0)],1,renovacion_mismatch
220157,14517700020870,1,[np.int64(0)],1,renovacion_mismatch
220158,81061277,1,[np.int64(0)],1,renovacion_mismatch
220159,101002756,1,[np.int64(0)],10,renovacion_mismatch
220165,81061274,2,[np.int64(0)],1,renovacion_mismatch
220171,14517700020840,2,[np.int64(0)],1,renovacion_mismatch
220172,14517700020850,2,[np.int64(0)],1,renovacion_mismatch
220185,81061273,1,[np.int64(0)],1,renovacion_mismatch
220188,1000003549,1,[np.int64(0)],2,renovacion_mismatch
220190,14517700020810,2,[np.int64(0)],1,renovacion_mismatch
220191,80866308,2,[np.int64(0)],1,renovacion_mismatch
220199,80866304,1,[np.int64(0)],1,renovacion_mismatch
220201,80866305,2,[np.int64(0)],1,renovacion_mismatch
220208,80866302,1,[np.int64(0)],1,renovacion_mismatch
220209,14517700020790,2,[np.int64(0)],1,renovacion_mismatch
220210,14517700020800,2,[np.int64(0)],1,renovacion_mismatch
220211,80866297,2,[np.int64(0)],1,renovacion_mismatch
220220,14517700020780,2,[np.int64(0)],1,renovacion_mismatch
220230,14517700020760,1,[np.int64(0)],1,renovacion_mismatch
220231,80866293,2,[np.int64(0)],1,renovacion_mismatch
220233,80866300,2,[np.int64(0)],1,renovacion_mismatch
220234,14517700020770,2,[np.int64(0)],1,renovacion_mismatch
220236,80866296,1,[np.int64(0)],1,renovacion_mismatch
220244,80866298,2,[np.int64(0)],3,renovacion_mismatch
220246,80866299,2,[np.int64(0)],1,renovacion_mismatch
220249,80866288,2,[np.int64(0)],1,renovacion_mismatch
220250,1408004140220000,1,[np.int64(0)],1,renovacion_mismatch
220254,80866290,1,[np.int64(0)],1,renovacion_mismatch
220255,80866291,2,[np.int64(0)],1,renovacion_mismatch
220256,80866292,2,[np.int64(0)],1,renovacion_mismatch
220263,14517700020720,2,[np.int64(0)],1,renovacion_mismatch
220264,14517700020730,1,[np.int64(0)],1,renovacion_mismatch
220265,14517700020750,2,[np.int64(0)],1,renovacion_mismatch
220267,78184536 NO RENOVADO 2021,1,SIN CARTERA,0,sin_cartera
220268,78184537 NO RENOVADO 2021,1,SIN CARTERA,0,sin_cartera
220269,14517700007710 NO RENOVADO 2021,1,SIN CARTERA,0,sin_cartera
220275,14517700020700,2,[np.int64(0)],1,renovacion_mismatch
220279,1408004140209000,1,[np.int64(0)],1,renovacion_mismatch
220283,14517700020680,2,[np.int64(0)],1,renovacion_mismatch
220285,14517700020690,2,[np.int64(0)],1,renovacion_mismatch
220286,80866275,1,[np.int64(0)],1,renovacion_mismatch
220287,12096000006240 NO RENOVADA 2021,2,SIN CARTERA,0,sin_cartera
220288,12096000006360 NO RENOVADA 2021,2,SIN CARTERA,0,sin_cartera
220289,14517700020650,2,[np.int64(0)],1,renovacion_mismatch
220294,80866274,2,[np.int64(0)],1,renovacion_mismatch
220300,14517700020640,1,[np.int64(0)],1,renovacion_mismatch
220302,80866273,1,[np.int64(0)],1,renovacion_mismatch
220303,1000003526,1,[np.int64(0)],20,renovacion_mismatch
220309,80866282,1,[np.int64(0)],1,renovacion_mismatch
220310,80866272,1,[np.int64(0)],1,renovacion_mismatch
220311,80866283,1,[np.int64(0)],1,renovacion_mismatch
220313,14517700007500  NO RENOVADA 2021,1,SIN CARTERA,0,sin_cartera
220314,14517700007650 NO RENOVADO 2021,1,SIN CARTERA,0,sin_cartera
220319,14517700020580,2,[np.int64(0)],1,renovacion_mismatch
220320,14517700020590,2,[np.int64(0)],1,renovacion_mismatch
220323,3011893,2,[np.int64(0)],1,renovacion_mismatch
220325,14517700020600,2,[np.int64(0)],1,renovacion_mismatch
220327,80866270,2,[np.int64(0)],1,renovacion_mismatch
220338,994000006109-1,1,[np.int64(0)],1,renovacion_mismatch
220341,80866279,1,[np.int64(0)],1,renovacion_mismatch
220342,80866280,1,[np.int64(0)],1,renovacion_mismatch
220343,1000003480,2,[np.int64(0)],2,renovacion_mismatch
220344,80866269,1,[np.int64(0)],1,renovacion_mismatch
220350,2050330326205,1,[np.int64(0)],1,renovacion_mismatch
220351,78184522 NO RENOVADA 2021,1,SIN CARTERA,0,sin_cartera
220352,14517700007320 NO RENOVADA 2021,2,SIN CARTERA,0,sin_cartera
220353,78184524 NO RENOVADA 2021,1,SIN CARTERA,0,sin_cartera
220354,994000004909-3,1,[np.int64(0)],1,renovacion_mismatch
220367,14517700020500,2,[np.int64(0)],1,renovacion_mismatch
220371,14517700020520,1,[np.int64(0)],1,renovacion_mismatch
220372,14517700020530,2,[np.int64(0)],1,renovacion_mismatch
220378,994000005476-2,1,[np.int64(0)],1,renovacion_mismatch
220381,14517700020510,2,[np.int64(0)],1,renovacion_mismatch
220383,80866278,1,[np.int64(0)],1,renovacion_mismatch
220391,994000005479-2,1,[np.int64(0)],1,renovacion_mismatch
220392,78184525 NO RENOVADO 2021,1,SIN CARTERA,0,sin_cartera
220394,14517700020460,1,[np.int64(0)],1,renovacion_mismatch
220401,14517700020480,1,[np.int64(0)],1,renovacion_mismatch
220402,78184520 NO RENOVADA 2021,1,SIN CARTERA,0,sin_cartera
220404,14517700020450,2,[np.int64(0)],1,renovacion_mismatch
220408,14517700007040 NO RENOVADA 2021,2,SIN CARTERA,0,sin_cartera
220410,14517700007090 NO RENOVADA 2021,1,SIN CARTERA,0,sin_cartera
220412,14517700007130  NO RENOVADA 2021,1,SIN CARTERA,0,sin_cartera
220419,14517700020430,1,[np.int64(0)],3,renovacion_mismatch
220420,14517700020420,2,[np.int64(0)],1,renovacion_mismatch
220422,14517700020440,2,[np.int64(0)],1,renovacion_mismatch
220456,14517700020370,1,[np.int64(0)],1,renovacion_mismatch
220457,14517700020380,1,[np.int64(0)],1,renovacion_mismatch
220459,80643962,1,[np.int64(0)],1,renovacion_mismatch
220460,14517700020400,2,[np.int64(0)],1,renovacion_mismatch
220463,14517700020360,2,[np.int64(0)],1,renovacion_mismatch
220467,14517700007030 NO RENOVADA 2021,2,SIN CARTERA,0,sin_cartera
220473,80643959,1,[np.int64(0)],1,renovacion_mismatch
220478,78184518 NO RENOVADA 2021,2,SIN CARTERA,0,sin_cartera
220486,3001437-2,1,[np.int64(0)],1,renovacion_mismatch
220490,14517700020340,2,[np.int64(0)],1,renovacion_mismatch
220491,14517700020350,2,[np.int64(0)],1,renovacion_mismatch
220494,80643958,2,[np.int64(0)],1,renovacion_mismatch
220496,14517700020330,2,[np.int64(0)],1,renovacion_mismatch
220506,14517700020290,1,[np.int64(0)],1,renovacion_mismatch
220507,80643957,1,[np.int64(0)],1,renovacion_mismatch
220508,78184509 NO RENOVADA 2021,1,SIN CARTERA,0,sin_cartera
220511,14517700020300,2,[np.int64(0)],1,renovacion_mismatch
220513,80643955,1,[np.int64(0)],1,renovacion_mismatch
220517,80643956,1,[np.int64(0)],2,renovacion_mismatch
220519,80866265,1,[np.int64(0)],1,renovacion_mismatch
220520,1408004140053000,1,[np.int64(0)],1,renovacion_mismatch
220524,1209600007120 NO RENOVADA 2020,1,SIN CARTERA,0,sin_cartera
220525,1209600007320 NO RENOVADO 2020,1,SIN CARTERA,0,sin_cartera
220526,1408004119351000 NO RENOVADO 2020,1,SIN CARTERA,0,sin_cartera
220528,80866264,2,[np.int64(0)],1,renovacion_mismatch
220530,14517700006840 NO RENOVADA 2021,1,SIN CARTERA,0,sin_cartera
220533,1408004139988000,2,[np.int64(0)],1,renovacion_mismatch
220536,14517700006740 NO RENOVADA 2021,1,SIN CARTERA,0,sin_cartera
220537,14517700006790 NO RENOVADA 2021,1,SIN CARTERA,0,sin_cartera
220538,14517700006820 NO RENOVADO 2021,1,SIN CARTERA,0,sin_cartera
220541,14517700006750 NO RENOVADA 2021,1,SIN CARTERA,0,sin_cartera
220542,14517700020260,2,[np.int64(0)],1,renovacion_mismatch
220544,14517700020250,1,[np.int64(0)],1,renovacion_mismatch
220546,80866261,2,[np.int64(0)],1,renovacion_mismatch
220547,80866262,1,[np.int64(0)],1,renovacion_mismatch
220549,1408004139997000,1,[np.int64(0)],1,renovacion_mismatch
220551,80643954,2,[np.int64(0)],1,renovacion_mismatch
220553,2050330325505,1,[np.int64(0)],1,renovacion_mismatch
220554,14517700020220,2,[np.int64(0)],1,renovacion_mismatch
220556,14517700006730 NO RENOVADA 2021,1,SIN CARTERA,0,sin_cartera
220573,14517700020190,1,[np.int64(0)],1,renovacion_mismatch
220579,14517700020210,1,[np.int64(0)],1,renovacion_mismatch
220586,101003105-3,3,[np.int64(0)],1,renovacion_mismatch
220588,14517700020160,1,[np.int64(0)],1,renovacion_mismatch
220589,14517700020170,1,[np.int64(0)],1,renovacion_mismatch
220599,14517700020100,1,[np.int64(0)],1,renovacion_mismatch
220600,14517700006690 NO RENOVADA 2021,2,SIN CARTERA,0,sin_cartera
220613,14517700020090,1,[np.int64(0)],1,renovacion_mismatch
220622,14517700020060,1,[np.int64(0)],1,renovacion_mismatch
220628,12096000006280 NO RENOVADA 2020,1,SIN CARTERA,0,sin_cartera
220630,12096000006120 NO RENOVADA 2020,1,SIN CARTERA,0,sin_cartera
220631,12096000006130 NO RENOVADA 2020,1,SIN CARTERA,0,sin_cartera
220636,80866259,1,[np.int64(0)],1,renovacion_mismatch
220637,80643953,2,[np.int64(0)],1,renovacion_mismatch
220639,80643952,2,[np.int64(0)],1,renovacion_mismatch
220640,80866258,1,[np.int64(0)],1,renovacion_mismatch
220641,78184452 NO RENOVADA 2021,2,SIN CARTERA,0,sin_cartera
220645,76057569 NO RENOVADA 2020,1,SIN CARTERA,0,sin_cartera
220647,12096000006270 NO RENOVADA 2020,1,SIN CARTERA,0,sin_cartera
220655,1408004118514000 NO RENOVADA 2020,1,SIN CARTERA,0,sin_cartera
220657,12096000006240 NO RENOVADA 2020,1,SIN CARTERA,0,sin_cartera
220661,12096000006260 NO RENOVADA 2020,1,SIN CARTERA,0,sin_cartera
220669,12096000006320 NO RENOVADA 2020,1,SIN CARTERA,0,sin_cartera
220670,12096000006330 NO RENOVADA 2020,1,SIN CARTERA,0,sin_cartera
220671,12096000006340 NO RENOVADA 2020,1,SIN CARTERA,0,sin_cartera
220672,12096000006360 NO RENOVADA 2020,1,SIN CARTERA,0,sin_cartera
220673,12096000006370 RENOVADA 2020,1,SIN CARTERA,0,sin_cartera
220675,AA005793,1,[np.int64(0)],2,renovacion_mismatch
220683,80643951,2,[np.int64(0)],1,renovacion_mismatch
220687,1408004139908000,1,[np.int64(0)],1,renovacion_mismatch
220692,14517700020010,2,[np.int64(0)],1,renovacion_mismatch
220694,80643970,2,[np.int64(0)],1,renovacion_mismatch
220695,1408004139898000,1,[np.int64(0)],1,renovacion_mismatch
220699,14517700006570 NO RENOVADA 2021,1,SIN CARTERA,0,sin_cartera
220700,78184498 NO RENOVADA 2021,2,SIN CARTERA,0,sin_cartera
220701,78184493 NO RENOVADA 2021,2,SIN CARTERA,0,sin_cartera
220705,14517700006580 NO RENOVADA 2021,2,SIN CARTERA,0,sin_cartera
220706,AA005799,1,[np.int64(0)],19,renovacion_mismatch
220708,1000000617,1,[np.int64(0)],13,renovacion_mismatch
220712,12096000006070 NO RENOVADA 2019,1,SIN CARTERA,0,sin_cartera
220719,14517700019990,1,[np.int64(0)],1,renovacion_mismatch
220724,14517700019970,1,[np.int64(0)],1,renovacion_mismatch
220729,14517700019980,1,[np.int64(0)],1,renovacion_mismatch
220730,12096000006050 NO RENOVADA 2019,1,SIN CARTERA,0,sin_cartera
220732,14517700019930,1,[np.int64(0)],1,renovacion_mismatch
220741,12096000005900 NO RENOVADA 2020,1,SIN CARTERA,0,sin_cartera
220742,76057554 NO RENOVADO 2020,1,SIN CARTERA,0,sin_cartera
220744,80643950,1,[np.int64(0)],1,renovacion_mismatch
220746,14517700019900,2,[np.int64(0)],1,renovacion_mismatch
220748,14517700019920,1,[np.int64(0)],1,renovacion_mismatch
220754,2050330486401,1,[np.int64(0)],4,renovacion_mismatch
220756,78184500 NO RENOVADO 2021,1,SIN CARTERA,0,sin_cartera
220757,1408004118307000  NO RENOVADA 2019,1,SIN CARTERA,0,sin_cartera
220764,1000000615,1,[np.int64(0)],2,renovacion_mismatch
220765,1000709,1,[np.int64(0)],2,renovacion_mismatch
220766,1000710,1,[np.int64(0)],2,renovacion_mismatch
220768,78184467 NO RENOVADA 2021,1,SIN CARTERA,0,sin_cartera
220773,14517700006080 NO RENOVADO 2021,2,SIN CARTERA,0,sin_cartera
220777,78184497 NO RENOVADO 2021,2,SIN CARTERA,0,sin_cartera
220778,14517700006490 NO RENOVADA 2021,2,SIN CARTERA,0,sin_cartera
220779,14517700006410 NO RENOVADA 2021,1,SIN CARTERA,0,sin_cartera
220781,78184482 NO RENOVADA 2021,1,SIN CARTERA,0,sin_cartera
220782,14517700006230 NO RENOVADA 2021,1,SIN CARTERA,0,sin_cartera
220783,14517700006340 NO RENOVADA 2021,2,SIN CARTERA,0,sin_cartera
220784,14517700006270 NO RENOVADA 2021,1,SIN CARTERA,0,sin_cartera
220785,14517700006280 NO RENOVADA 2021,2,SIN CARTERA,0,sin_cartera
220786,14517700006160 NO RENOVADA 2021,1,SIN CARTERA,0,sin_cartera
220787,12096000006440 NO RENOVADA 2020,1,SIN CARTERA,0,sin_cartera
220790,14517700020130,1,[np.int64(0)],1,renovacion_mismatch
220791,1408004118560000 NO RENOVADA 2020,1,SIN CARTERA,0,sin_cartera
220792,12096000006290 NO RENOVADO 2020,1,SIN CARTERA,0,sin_cartera
220793,12096000006300 NO RENOVADA 2020,1,SIN CARTERA,0,sin_cartera
220794,14517700006510 NO RENOVADA 2021,1,SIN CARTERA,0,sin_cartera
220795,14517700006540 NO RENOVADA 2021,1,SIN CARTERA,0,sin_cartera
220796,78184489 NO RENOVADA 2021,1,SIN CARTERA,0,sin_cartera
220797,80643967,2,[np.int64(0)],1,renovacion_mismatch
220801,1209600006380 NO RENOVADA 2020,1,SIN CARTERA,0,sin_cartera
220802,AA005774,1,[np.int64(0)],2,renovacion_mismatch
220803,12096000006390 NO RENOVADA 2020,1,SIN CARTERA,0,sin_cartera
220804,12096000006420 NO RENOVADA 2020,1,SIN CARTERA,0,sin_cartera
220826,14517700019820,2,[np.int64(0)],1,renovacion_mismatch
220837,14517700019800,1,[np.int64(0)],1,renovacion_mismatch
220845,14517700019780,2,[np.int64(0)],1,renovacion_mismatch
220847,1408004139708000,1,[np.int64(0)],1,renovacion_mismatch
220848,1408004139709000,1,[np.int64(0)],1,renovacion_mismatch
220849,80643966,2,[np.int64(0)],1,renovacion_mismatch
220850,14517700019790,1,[np.int64(0)],1,renovacion_mismatch
220853,1408004139717000,2,[np.int64(0)],1,renovacion_mismatch
220857,14517700019770,2,[np.int64(0)],2,renovacion_mismatch
220860,14517700019750,1,[np.int64(0)],1,renovacion_mismatch
220861,80643964,1,[np.int64(0)],1,renovacion_mismatch
220864,80643941,1,[np.int64(0)],1,renovacion_mismatch
220867,80643946,2,[np.int64(0)],1,renovacion_mismatch
220871,80643947,2,[np.int64(0)],1,renovacion_mismatch
220880,14517700019730,1,[np.int64(0)],2,renovacion_mismatch
220882,80643940,1,[np.int64(0)],2,renovacion_mismatch
220883,80643943,2,[np.int64(0)],1,renovacion_mismatch
220884,14517700019660,2,[np.int64(0)],1,renovacion_mismatch
220890,14517700019680,2,[np.int64(0)],1,renovacion_mismatch
220891,80643944,1,[np.int64(0)],1,renovacion_mismatch
220892,14517700019690,2,[np.int64(0)],1,renovacion_mismatch
220893,14517700019620,2,[np.int64(0)],1,renovacion_mismatch
220895,14517700019640,2,[np.int64(0)],1,renovacion_mismatch
220896,80643938,2,[np.int64(0)],1,renovacion_mismatch
220897,14517700019650,1,[np.int64(0)],1,renovacion_mismatch
220898,80643939,2,[np.int64(0)],1,renovacion_mismatch
220899,1408004139646000,2,[np.int64(0)],1,renovacion_mismatch
220905,14517700019600,1,[np.int64(0)],1,renovacion_mismatch
220906,80643935,1,[np.int64(0)],1,renovacion_mismatch
220907,80643936,2,[np.int64(0)],1,renovacion_mismatch
220910,80643937,2,[np.int64(0)],2,renovacion_mismatch
220914,80643933,1,[np.int64(0)],1,renovacion_mismatch
220916,80643934,1,[np.int64(0)],1,renovacion_mismatch
220918,80507152,2,[np.int64(0)],1,renovacion_mismatch
220920,14517700019560,2,[np.int64(0)],1,renovacion_mismatch
220921,14517700019570,2,[np.int64(0)],1,renovacion_mismatch
220928,14517700019520,2,[np.int64(0)],1,renovacion_mismatch
220930,14517700019530,1,[np.int64(0)],2,renovacion_mismatch
220934,14517700019490,1,[np.int64(0)],1,renovacion_mismatch
220951,14517700019460,1,[np.int64(0)],1,renovacion_mismatch
220956,14517700019470,1,[np.int64(0)],1,renovacion_mismatch
220957,14517700019480,1,[np.int64(0)],1,renovacion_mismatch
220961,80643932,2,[np.int64(0)],1,renovacion_mismatch
220962,14517700019420,1,[np.int64(0)],1,renovacion_mismatch
220963,14517700019410,1,[np.int64(0)],1,renovacion_mismatch
220965,80507150,2,[np.int64(0)],1,renovacion_mismatch
220969,14517700019440,2,[np.int64(0)],1,renovacion_mismatch
220973,14517700019390,2,[np.int64(0)],1,renovacion_mismatch
220974,80507148,1,[np.int64(0)],1,renovacion_mismatch
220976,80507149,1,[np.int64(0)],1,renovacion_mismatch
220977,80643930,2,[np.int64(0)],1,renovacion_mismatch
220978,14517700019400,2,[np.int64(0)],1,renovacion_mismatch
220979,80643931,2,[np.int64(0)],1,renovacion_mismatch
220980,3105477100,1,[np.int64(0)],1,renovacion_mismatch
220981,80507147,1,[np.int64(0)],1,renovacion_mismatch
220983,80643927,1,[np.int64(0)],1,renovacion_mismatch
220986,1408004139525000,2,[np.int64(0)],1,renovacion_mismatch
220989,80643928,1,[np.int64(0)],1,renovacion_mismatch
220998,14517700019360,1,[np.int64(0)],1,renovacion_mismatch
220999,80507146,2,[np.int64(0)],1,renovacion_mismatch
221010,1451770005960,1,[np.int64(0)],1,renovacion_mismatch
221012,14517700019340,1,[np.int64(0)],1,renovacion_mismatch
221014,80643925,1,[np.int64(0)],1,renovacion_mismatch
221020,14517700019300,2,[np.int64(0)],1,renovacion_mismatch
221025,14517700019310,2,[np.int64(0)],1,renovacion_mismatch
221027,80643923,1,[np.int64(0)],1,renovacion_mismatch
221030,1408004139475000,2,[np.int64(0)],1,renovacion_mismatch
221031,80507132,2,[np.int64(0)],1,renovacion_mismatch
221033,80507144,2,[np.int64(0)],1,renovacion_mismatch
221035,80507145,2,[np.int64(0)],1,renovacion_mismatch
221041,14517700019280,2,[np.int64(0)],1,renovacion_mismatch
221042,1408004139470000,1,[np.int64(0)],1,renovacion_mismatch
221045,80507143,1,[np.int64(0)],1,renovacion_mismatch
221053,1408004139460000,1,[np.int64(0)],1,renovacion_mismatch
221060,14517700019250,1,[np.int64(0)],1,renovacion_mismatch
221070,80507141,2,[np.int64(0)],1,renovacion_mismatch
221071,3104928400,2,[np.int64(0)],1,renovacion_mismatch
221078,14517700019230,1,[np.int64(0)],1,renovacion_mismatch
221079,14517700019240,2,[np.int64(0)],1,renovacion_mismatch
221084,80507138,2,[np.int64(0)],1,renovacion_mismatch
221088,80507139,1,[np.int64(0)],1,renovacion_mismatch
221089,80507140,2,[np.int64(0)],1,renovacion_mismatch
221090,1408004139346000,1,[np.int64(0)],1,renovacion_mismatch
221096,80507137,2,[np.int64(0)],1,renovacion_mismatch
221100,14517700019150,2,[np.int64(0)],1,renovacion_mismatch
221101,14517700019160,1,[np.int64(0)],1,renovacion_mismatch
221103,AA005741,1,[np.int64(0)],21,renovacion_mismatch
221105,80507133,2,[np.int64(0)],1,renovacion_mismatch
221106,80507134,1,[np.int64(0)],1,renovacion_mismatch
221107,80507135,2,[np.int64(0)],1,renovacion_mismatch
221108,80507136,1,[np.int64(0)],1,renovacion_mismatch
221120,1408004139288000,2,[np.int64(0)],1,renovacion_mismatch
221121,80507129,1,[np.int64(0)],1,renovacion_mismatch
221125,80507112,1,[np.int64(0)],1,renovacion_mismatch
221131,80507109,2,[np.int64(0)],2,renovacion_mismatch
221152,14517700019100,2,[np.int64(0)],1,renovacion_mismatch
221157,80507110,2,[np.int64(0)],1,renovacion_mismatch
221164,14517700019070,1,[np.int64(0)],1,renovacion_mismatch
221174,1408004139266000,1,[np.int64(0)],1,renovacion_mismatch
221183,80507123,2,[np.int64(0)],1,renovacion_mismatch
221185,14517700019060,2,[np.int64(0)],1,renovacion_mismatch
221187,80507108,1,[np.int64(0)],1,renovacion_mismatch
221189,1408004139218000,1,[np.int64(0)],1,renovacion_mismatch
221191,80507122,2,[np.int64(0)],1,renovacion_mismatch
221194,14517700019040,1,[np.int64(0)],1,renovacion_mismatch
221197,80507106,1,[np.int64(0)],1,renovacion_mismatch
221198,80507107,1,[np.int64(0)],1,renovacion_mismatch
221203,14517700019010,2,[np.int64(0)],1,renovacion_mismatch
221206,80507119,1,[np.int64(0)],1,renovacion_mismatch
221207,80507105,1,[np.int64(0)],1,renovacion_mismatch
221208,80507121,1,[np.int64(0)],1,renovacion_mismatch
221217,14517700018990,1,[np.int64(0)],1,renovacion_mismatch
221218,80507118,1,[np.int64(0)],1,renovacion_mismatch
221219,14517700018960,1,[np.int64(0)],1,renovacion_mismatch
221228,80507104,1,[np.int64(0)],2,renovacion_mismatch
221238,80507102,1,[np.int64(0)],1,renovacion_mismatch
221244,14517700018940,1,[np.int64(0)],1,renovacion_mismatch
221246,14517700018950,2,[np.int64(0)],1,renovacion_mismatch
221249,80507099,2,[np.int64(0)],1,renovacion_mismatch
221252,80507117,1,[np.int64(0)],1,renovacion_mismatch
221255,14517700018930,1,[np.int64(0)],1,renovacion_mismatch
221265,14517700018900,2,[np.int64(0)],1,renovacion_mismatch
221266,1408004139125000,2,[np.int64(0)],1,renovacion_mismatch
221268,14517700018870,1,[np.int64(0)],1,renovacion_mismatch
221270,80507116,2,[np.int64(0)],1,renovacion_mismatch
221271,80507098,2,[np.int64(0)],1,renovacion_mismatch
221276,80507096,2,[np.int64(0)],1,renovacion_mismatch
221281,80507097,1,[np.int64(0)],1,renovacion_mismatch
221283,80507115,2,[np.int64(0)],1,renovacion_mismatch
221293,80507114,1,[np.int64(0)],1,renovacion_mismatch
221324,80507113,2,[np.int64(0)],1,renovacion_mismatch
221336,14517700018850,1,[np.int64(0)],1,renovacion_mismatch
221338,3103958700,1,[np.int64(0)],1,renovacion_mismatch
221339,80374681,2,[np.int64(0)],1,renovacion_mismatch
221354,14517700018800,1,[np.int64(0)],1,renovacion_mismatch
221356,14517700018820,1,[np.int64(0)],1,renovacion_mismatch
221357,14517700018830,1,[np.int64(0)],1,renovacion_mismatch
221359,80374680,1,[np.int64(0)],1,renovacion_mismatch
221362,3103875200,1,[np.int64(0)],1,renovacion_mismatch
221363,14517700018840,2,[np.int64(0)],1,renovacion_mismatch
221370,14517700018770,2,[np.int64(0)],1,renovacion_mismatch
221372,14517700018780,2,[np.int64(0)],1,renovacion_mismatch
221374,14517700018720,2,[np.int64(0)],1,renovacion_mismatch
221375,80374678,2,[np.int64(0)],1,renovacion_mismatch
221379,14517700018750,1,[np.int64(0)],1,renovacion_mismatch
221381,80374669,2,[np.int64(0)],1,renovacion_mismatch
221385,3103783800,1,[np.int64(0)],2,renovacion_mismatch
221395,14517700018710,1,[np.int64(0)],1,renovacion_mismatch
221408,14517700018690,2,[np.int64(0)],1,renovacion_mismatch
221409,80374674,1,[np.int64(0)],1,renovacion_mismatch
221415,14517700018650,1,[np.int64(0)],1,renovacion_mismatch
221416,14517700018660,1,[np.int64(0)],1,renovacion_mismatch
221417,14517700018670,1,[np.int64(0)],1,renovacion_mismatch
221420,3103669600,1,[np.int64(0)],1,renovacion_mismatch
221450,14517700018600,2,[np.int64(0)],1,renovacion_mismatch
221451,14517700018610,1,[np.int64(0)],1,renovacion_mismatch
221452,14517700018620,1,[np.int64(0)],1,renovacion_mismatch
221455,3103600800,1,[np.int64(0)],1,renovacion_mismatch
221466,3103583400,1,[np.int64(0)],2,renovacion_mismatch
221468,80374670,1,[np.int64(0)],1,renovacion_mismatch
221470,3103550600,1,[np.int64(0)],1,renovacion_mismatch
221476,80374673,1,[np.int64(0)],1,renovacion_mismatch
221477,14517700018570,2,[np.int64(0)],1,renovacion_mismatch
221485,80374666,1,[np.int64(0)],1,renovacion_mismatch
221486,80374667,2,[np.int64(0)],1,renovacion_mismatch
221487,80374668,1,[np.int64(0)],1,renovacion_mismatch
221488,3103332200,1,[np.int64(0)],1,renovacion_mismatch
221489,3103345200,2,[np.int64(0)],1,renovacion_mismatch
221490,3103368200,1,[np.int64(0)],1,renovacion_mismatch
221492,80374642,1,[np.int64(0)],1,renovacion_mismatch
221498,14517700018490,2,[np.int64(0)],1,renovacion_mismatch
221499,14517700018500,2,[np.int64(0)],1,renovacion_mismatch
221519,14517700018460,2,[np.int64(0)],1,renovacion_mismatch
221544,80374638,1,[np.int64(0)],1,renovacion_mismatch
221551,80374640,1,[np.int64(0)],1,renovacion_mismatch
221568,80374637,1,[np.int64(0)],1,renovacion_mismatch
221570,14517700018430,1,[np.int64(0)],1,renovacion_mismatch
221573,80374634,2,[np.int64(0)],1,renovacion_mismatch
221575,80374636,1,[np.int64(0)],1,renovacion_mismatch
221577,80374659,2,[np.int64(0)],1,renovacion_mismatch
221578,80374660,2,[np.int64(0)],1,renovacion_mismatch
221579,80374661,1,[np.int64(0)],1,renovacion_mismatch
221580,3103097100,1,[np.int64(0)],1,renovacion_mismatch
221593,80374657,2,[np.int64(0)],1,renovacion_mismatch
221594,80374632,1,[np.int64(0)],1,renovacion_mismatch
221595,80374633,1,[np.int64(0)],1,renovacion_mismatch
221596,80374635,2,[np.int64(0)],1,renovacion_mismatch
221612,14517700018350,1,[np.int64(0)],1,renovacion_mismatch
221622,14517700018320,1,[np.int64(0)],1,renovacion_mismatch
221623,80374654,1,[np.int64(0)],1,renovacion_mismatch
221624,80374655,2,[np.int64(0)],1,renovacion_mismatch
221625,3102906700,1,[np.int64(0)],1,renovacion_mismatch
221628,14517700018330,2,[np.int64(0)],1,renovacion_mismatch
221633,80374653,2,[np.int64(0)],1,renovacion_mismatch
221634,3102876100,2,[np.int64(0)],1,renovacion_mismatch
221642,80374631,1,[np.int64(0)],1,renovacion_mismatch
221660,14517700018310,2,[np.int64(0)],1,renovacion_mismatch
221661,80374630,1,[np.int64(0)],1,renovacion_mismatch
221663,80374651,2,[np.int64(0)],1,renovacion_mismatch
221666,14517700018270,2,[np.int64(0)],1,renovacion_mismatch
221667,14517700018280,1,[np.int64(0)],1,renovacion_mismatch
221669,80374652,1,[np.int64(0)],1,renovacion_mismatch
221671,14517700018180,2,[np.int64(0)],1,renovacion_mismatch
221672,14517700018190,2,[np.int64(0)],1,renovacion_mismatch
221673,14517700018200,2,[np.int64(0)],1,renovacion_mismatch
221678,14517700018260,1,[np.int64(0)],1,renovacion_mismatch
221679,80374628,2,[np.int64(0)],1,renovacion_mismatch
221681,14517700018240,1,[np.int64(0)],1,renovacion_mismatch
221688,14517700018170,2,[np.int64(0)],1,renovacion_mismatch
221692,14517700018160,2,[np.int64(0)],1,renovacion_mismatch
221694,14517700018210,1,[np.int64(0)],1,renovacion_mismatch
221700,80374626,2,[np.int64(0)],1,renovacion_mismatch
221701,80374627,2,[np.int64(0)],1,renovacion_mismatch
221708,14517700018140,2,[np.int64(0)],1,renovacion_mismatch
221723,14517700018100,2,[np.int64(0)],1,renovacion_mismatch
221729,14517700018070,2,[np.int64(0)],1,renovacion_mismatch
221730,80374644,1,[np.int64(0)],1,renovacion_mismatch
221732,80374646,2,[np.int64(0)],1,renovacion_mismatch
221733,80374624,2,[np.int64(0)],1,renovacion_mismatch
221734,3102512300,2,[np.int64(0)],1,renovacion_mismatch
221736,14517700018080,1,[np.int64(0)],1,renovacion_mismatch
221738,80374647,1,[np.int64(0)],1,renovacion_mismatch
221746,14517700018060,1,[np.int64(0)],1,renovacion_mismatch
221748,14517700018050,1,[np.int64(0)],1,renovacion_mismatch
221751,14517700018030,1,[np.int64(0)],1,renovacion_mismatch
221759,80015488,1,[np.int64(0)],1,renovacion_mismatch
221768,80374623,2,[np.int64(0)],1,renovacion_mismatch
221776,14517700018010,1,[np.int64(0)],1,renovacion_mismatch
221782,80015513,1,[np.int64(0)],1,renovacion_mismatch
221783,14517700017990,2,[np.int64(0)],1,renovacion_mismatch
221789,14517700017940,1,[np.int64(0)],1,renovacion_mismatch
221791,14517700017960,2,[np.int64(0)],1,renovacion_mismatch
221796,80015512,1,[np.int64(0)],1,renovacion_mismatch
221797,14517700017980,1,[np.int64(0)],1,renovacion_mismatch
221818,14517700017900,1,[np.int64(0)],1,renovacion_mismatch
221819,14517700017910,2,[np.int64(0)],1,renovacion_mismatch
221820,80015508,1,[np.int64(0)],1,renovacion_mismatch
221826,80015511,2,[np.int64(0)],1,renovacion_mismatch
221828,80015505,2,[np.int64(0)],1,renovacion_mismatch
221829,80015484,2,[np.int64(0)],1,renovacion_mismatch
221830,80015483,1,[np.int64(0)],1,renovacion_mismatch
221831,14517700017890,1,[np.int64(0)],1,renovacion_mismatch
221834,80015507,1,[np.int64(0)],1,renovacion_mismatch
221835,80015503,1,[np.int64(0)],1,renovacion_mismatch
221844,80015504,1,[np.int64(0)],1,renovacion_mismatch
221847,14517700017820,1,[np.int64(0)],1,renovacion_mismatch
221848,14517700017830,1,[np.int64(0)],1,renovacion_mismatch
221849,14517700017840,2,[np.int64(0)],1,renovacion_mismatch
221850,14517700017850,1,[np.int64(0)],1,renovacion_mismatch
221852,14517700017870,1,[np.int64(0)],1,renovacion_mismatch
221855,14517700017770,2,[np.int64(0)],1,renovacion_mismatch
221858,14517700017800,1,[np.int64(0)],7,renovacion_mismatch
221860,14517700017810,2,[np.int64(0)],1,renovacion_mismatch
221865,14517700017730,2,[np.int64(0)],1,renovacion_mismatch
221866,14517700017740,1,[np.int64(0)],1,renovacion_mismatch
221867,14517700017750,1,[np.int64(0)],1,renovacion_mismatch
221868,14517700017760,1,[np.int64(0)],1,renovacion_mismatch
221869,80015502,1,[np.int64(0)],1,renovacion_mismatch
221870,80015500,1,[np.int64(0)],1,renovacion_mismatch
221872,80015479,2,[np.int64(0)],1,renovacion_mismatch
221873,80015480,1,[np.int64(0)],1,renovacion_mismatch
221877,80015497,1,[np.int64(0)],1,renovacion_mismatch
221878,80015498,1,[np.int64(0)],1,renovacion_mismatch
221879,80015478,1,[np.int64(0)],1,renovacion_mismatch
221888,14517700017660,1,[np.int64(0)],1,renovacion_mismatch
221890,14517700017680,1,[np.int64(0)],1,renovacion_mismatch
221891,14517700017600,1,[np.int64(0)],1,renovacion_mismatch
221892,14517700017610,2,[np.int64(0)],1,renovacion_mismatch
221897,14517700017620,2,[np.int64(0)],1,renovacion_mismatch
221898,14517700017630,2,[np.int64(0)],1,renovacion_mismatch
221902,14517700017560,2,[np.int64(0)],1,renovacion_mismatch
221913,80015477,2,[np.int64(0)],1,renovacion_mismatch
221919,14517700017550,1,[np.int64(0)],1,renovacion_mismatch
221920,80015474,1,[np.int64(0)],1,renovacion_mismatch
221922,80015491,1,[np.int64(0)],1,renovacion_mismatch
221934,80015494,1,[np.int64(0)],1,renovacion_mismatch
221935,14517700017510,1,[np.int64(0)],1,renovacion_mismatch
221936,14517700017520,1,[np.int64(0)],1,renovacion_mismatch
221937,14517700017530,1,[np.int64(0)],1,renovacion_mismatch
221944,3101503000,1,[np.int64(0)],1,renovacion_mismatch
221945,80015460,1,[np.int64(0)],1,renovacion_mismatch
221946,80015472,1,[np.int64(0)],1,renovacion_mismatch
221947,14517700017470,2,[np.int64(0)],1,renovacion_mismatch
221949,3101440100,1,[np.int64(0)],1,renovacion_mismatch
221953,14517700017440,2,[np.int64(0)],1,renovacion_mismatch
221955,80015458,2,[np.int64(0)],1,renovacion_mismatch
221956,80015459,2,[np.int64(0)],1,renovacion_mismatch
221957,80015470,1,[np.int64(0)],1,renovacion_mismatch
221958,80015471,1,[np.int64(0)],1,renovacion_mismatch
221959,80015456,2,[np.int64(0)],1,renovacion_mismatch
221960,80015457,1,[np.int64(0)],1,renovacion_mismatch
221961,80015467,1,[np.int64(0)],1,renovacion_mismatch
221970,14517700017390,2,[np.int64(0)],1,renovacion_mismatch
221972,14517700017400,1,[np.int64(0)],1,renovacion_mismatch
221973,14517700017410,1,[np.int64(0)],1,renovacion_mismatch
221976,80015454,1,[np.int64(0)],1,renovacion_mismatch
221978,80015455,1,[np.int64(0)],1,renovacion_mismatch
221985,14517700017340,1,[np.int64(0)],1,renovacion_mismatch
221987,14517700017360,1,[np.int64(0)],1,renovacion_mismatch
221988,14517700017370,1,[np.int64(0)],1,renovacion_mismatch
221990,80015464,2,[np.int64(0)],1,renovacion_mismatch
221995,80015466,1,[np.int64(0)],1,renovacion_mismatch
222004,14517700017270,2,[np.int64(0)],1,renovacion_mismatch
222005,14517700017280,1,[np.int64(0)],1,renovacion_mismatch
222009,80015451,1,[np.int64(0)],1,renovacion_mismatch
222010,3101174900,1,[np.int64(0)],1,renovacion_mismatch
222013,80015452,1,[np.int64(0)],1,renovacion_mismatch
222014,80015450,1,[np.int64(0)],1,renovacion_mismatch
222025,14517700017220,1,[np.int64(0)],1,renovacion_mismatch
222027,14517700017230,1,[np.int64(0)],1,renovacion_mismatch
222028,80015449,1,[np.int64(0)],1,renovacion_mismatch
222030,80015446,1,[np.int64(0)],1,renovacion_mismatch
222037,80015447,1,[np.int64(0)],1,renovacion_mismatch
222038,80015448,2,[np.int64(0)],1,renovacion_mismatch
222044,14517700017110,1,[np.int64(0)],1,renovacion_mismatch
222047,80015462,1,[np.int64(0)],1,renovacion_mismatch
222048,80015445,2,[np.int64(0)],1,renovacion_mismatch
222049,14517700017080,1,[np.int64(0)],1,renovacion_mismatch
222051,80015442,1,[np.int64(0)],1,renovacion_mismatch
222061,79862179,1,[np.int64(0)],1,renovacion_mismatch
222062,80015443,1,[np.int64(0)],1,renovacion_mismatch
222063,80015444,1,[np.int64(0)],1,renovacion_mismatch
222064,14517700017070,1,[np.int64(0)],1,renovacion_mismatch
222067,80015461,1,[np.int64(0)],1,renovacion_mismatch
222068,14517700017050,1,[np.int64(0)],1,renovacion_mismatch
222069,14517700017060,1,[np.int64(0)],1,renovacion_mismatch
222071,80015440,1,[np.int64(0)],1,renovacion_mismatch
222080,79862177,1,[np.int64(0)],1,renovacion_mismatch
222082,3100882300,1,[np.int64(0)],1,renovacion_mismatch
222096,80015437,2,[np.int64(0)],1,renovacion_mismatch
222100,14517700016930,1,[np.int64(0)],1,renovacion_mismatch
222104,14517700016960,2,[np.int64(0)],1,renovacion_mismatch
222105,14517700016970,1,[np.int64(0)],1,renovacion_mismatch
222110,14517700016920,2,[np.int64(0)],1,renovacion_mismatch
222118,14517700016890,2,[np.int64(0)],1,renovacion_mismatch
222119,14517700016900,1,[np.int64(0)],1,renovacion_mismatch
222120,14517700016910,1,[np.int64(0)],1,renovacion_mismatch
222121,80015432,1,[np.int64(0)],1,renovacion_mismatch
222125,79862173,1,[np.int64(0)],1,renovacion_mismatch
222127,79862175,1,[np.int64(0)],1,renovacion_mismatch
222128,3100614700,1,[np.int64(0)],1,renovacion_mismatch
222131,14517700016830,1,[np.int64(0)],1,renovacion_mismatch
222132,14517700016840,1,[np.int64(0)],1,renovacion_mismatch
222133,14517700016850,1,[np.int64(0)],1,renovacion_mismatch
222138,14517700016780,1,[np.int64(0)],1,renovacion_mismatch
222139,14517700016790,1,[np.int64(0)],1,renovacion_mismatch
222141,14517700016870,1,[np.int64(0)],1,renovacion_mismatch
222142,80015436,1,[np.int64(0)],1,renovacion_mismatch
222144,14517700016810,1,[np.int64(0)],1,renovacion_mismatch
222145,14517700016820,1,[np.int64(0)],1,renovacion_mismatch
222146,80015431,2,[np.int64(0)],1,renovacion_mismatch
222147,79862172,2,[np.int64(0)],1,renovacion_mismatch
222157,14517700016770,1,[np.int64(0)],1,renovacion_mismatch
222162,14517700016700,1,[np.int64(0)],1,renovacion_mismatch
222163,14517700016720,1,[np.int64(0)],1,renovacion_mismatch
222165,3100583600,1,[np.int64(0)],1,renovacion_mismatch
222166,79862168,1,[np.int64(0)],1,renovacion_mismatch
222167,79862169,1,[np.int64(0)],1,renovacion_mismatch
222171,3100523700,1,[np.int64(0)],1,renovacion_mismatch
222173,14517700016690,2,[np.int64(0)],1,renovacion_mismatch
222175,79862166,2,[np.int64(0)],1,renovacion_mismatch
222186,14517700016650,2,[np.int64(0)],1,renovacion_mismatch
222187,14517700016670,1,[np.int64(0)],1,renovacion_mismatch
222190,79862161,2,[np.int64(0)],1,renovacion_mismatch
222191,79862162,1,[np.int64(0)],1,renovacion_mismatch
222195,79862163,1,[np.int64(0)],1,renovacion_mismatch
222198,3100361400,2,[np.int64(0)],1,renovacion_mismatch
222201,14517700016580,1,[np.int64(0)],1,renovacion_mismatch
222202,14517700016590,1,[np.int64(0)],1,renovacion_mismatch
222203,79862158,2,[np.int64(0)],1,renovacion_mismatch
222204,79862159,2,[np.int64(0)],1,renovacion_mismatch
222206,79862160,1,[np.int64(0)],1,renovacion_mismatch
222208,79862137,1,[np.int64(0)],1,renovacion_mismatch
222209,79862138,1,[np.int64(0)],1,renovacion_mismatch
222221,79862128,1,[np.int64(0)],1,renovacion_mismatch
222222,79862129,2,[np.int64(0)],1,renovacion_mismatch
222224,79862132,2,[np.int64(0)],1,renovacion_mismatch
222225,79862133,2,[np.int64(0)],1,renovacion_mismatch
222226,79862134,1,[np.int64(0)],1,renovacion_mismatch
222227,79862135,2,[np.int64(0)],1,renovacion_mismatch
222233,14517700016530,1,[np.int64(0)],1,renovacion_mismatch
222236,14517700016550,2,[np.int64(0)],1,renovacion_mismatch
222237,14517700016510,1,[np.int64(0)],1,renovacion_mismatch
222239,79862125,2,[np.int64(0)],1,renovacion_mismatch
222255,14517700016490,2,[np.int64(0)],1,renovacion_mismatch
222256,14517700016520,2,[np.int64(0)],1,renovacion_mismatch
222257,79862153,1,[np.int64(0)],1,renovacion_mismatch
222259,14517700016440,1,[np.int64(0)],1,renovacion_mismatch
222260,14517700016460,1,[np.int64(0)],1,renovacion_mismatch
222264,79862124,2,[np.int64(0)],1,renovacion_mismatch
222265,79862123,2,[np.int64(0)],1,renovacion_mismatch
222267,3100063000,2,[np.int64(0)],1,renovacion_mismatch
222276,79862154,1,[np.int64(0)],1,renovacion_mismatch
222278,14517700016410,1,[np.int64(0)],1,renovacion_mismatch
222282,14517700016420,1,[np.int64(0)],1,renovacion_mismatch
222286,14517700016430,2,[np.int64(0)],1,renovacion_mismatch
222293,14517700016370,1,[np.int64(0)],1,renovacion_mismatch
222294,79862152,1,[np.int64(0)],1,renovacion_mismatch
222295,14517700016380,1,[np.int64(0)],1,renovacion_mismatch
222302,14517700016360,1,[np.int64(0)],1,renovacion_mismatch
222303,79862150,1,[np.int64(0)],1,renovacion_mismatch
222305,79862151,2,[np.int64(0)],1,renovacion_mismatch
222311,79862120,1,[np.int64(0)],1,renovacion_mismatch
222312,3099431100,2,[np.int64(0)],1,renovacion_mismatch
222317,14517700016280,2,[np.int64(0)],1,renovacion_mismatch
222326,79862142,2,[np.int64(0)],1,renovacion_mismatch
222327,79862143,1,[np.int64(0)],1,renovacion_mismatch
222329,79862144,1,[np.int64(0)],1,renovacion_mismatch
222330,79862145,2,[np.int64(0)],1,renovacion_mismatch
222331,79862146,2,[np.int64(0)],1,renovacion_mismatch
222333,79717022,1,[np.int64(0)],1,renovacion_mismatch
222334,79862147,2,[np.int64(0)],1,renovacion_mismatch
222341,79862140,2,[np.int64(0)],1,renovacion_mismatch
222342,79862141,1,[np.int64(0)],1,renovacion_mismatch
222344,14517700016250,1,[np.int64(0)],1,renovacion_mismatch
222345,14517700016260,2,[np.int64(0)],1,renovacion_mismatch
222350,14517700016210,1,[np.int64(0)],1,renovacion_mismatch
222353,14517700016230,2,[np.int64(0)],1,renovacion_mismatch
222354,14517700016220,1,[np.int64(0)],1,renovacion_mismatch
222355,79717021,1,[np.int64(0)],1,renovacion_mismatch
222356,14517700016170,2,[np.int64(0)],1,renovacion_mismatch
222358,14517700016190,1,[np.int64(0)],1,renovacion_mismatch
222359,14517700016200,1,[np.int64(0)],1,renovacion_mismatch
222360,79717016,2,[np.int64(0)],1,renovacion_mismatch
222361,79717017,1,[np.int64(0)],1,renovacion_mismatch
222367,14517700016130,1,[np.int64(0)],1,renovacion_mismatch
222375,79717015,1,[np.int64(0)],1,renovacion_mismatch
222377,3099437600,1,[np.int64(0)],1,renovacion_mismatch
222378,3099453600,2,[np.int64(0)],1,renovacion_mismatch
222384,14517700016110,2,[np.int64(0)],1,renovacion_mismatch
222386,14517700016030,2,[np.int64(0)],1,renovacion_mismatch
222387,14517700016040,1,[np.int64(0)],1,renovacion_mismatch
222388,14517700016050,2,[np.int64(0)],1,renovacion_mismatch
222391,14517700016080,2,[np.int64(0)],1,renovacion_mismatch
222394,79717014,2,[np.int64(0)],1,renovacion_mismatch
222403,14517700015990,1,[np.int64(0)],1,renovacion_mismatch
222404,14517700016000,1,[np.int64(0)],1,renovacion_mismatch
222405,3099427600,1,[np.int64(0)],1,renovacion_mismatch
222415,79717009,2,[np.int64(0)],1,renovacion_mismatch
222416,79717010,2,[np.int64(0)],1,renovacion_mismatch
222419,14517700015960,2,[np.int64(0)],1,renovacion_mismatch
222421,79717012,1,[np.int64(0)],1,renovacion_mismatch
222427,14517700015940,1,[np.int64(0)],1,renovacion_mismatch
222428,14517700015910,1,[np.int64(0)],1,renovacion_mismatch
222431,14517700015930,2,[np.int64(0)],1,renovacion_mismatch
222432,14517700015950,1,[np.int64(0)],1,renovacion_mismatch
222433,79717007,1,[np.int64(0)],1,renovacion_mismatch
222434,79717008,2,[np.int64(0)],1,renovacion_mismatch
222435,AA005678,1,[np.int64(0)],1,renovacion_mismatch
222436,14517700015850,1,[np.int64(0)],1,renovacion_mismatch
222438,14517700015900,1,[np.int64(0)],1,renovacion_mismatch
222439,14517700015890,1,[np.int64(0)],1,renovacion_mismatch
222440,79717005,2,[np.int64(0)],1,renovacion_mismatch
222441,79717006,1,[np.int64(0)],1,renovacion_mismatch
222448,79717003,2,[np.int64(0)],1,renovacion_mismatch
222464,79717002,2,[np.int64(0)],1,renovacion_mismatch
222469,79717000,1,[np.int64(0)],1,renovacion_mismatch
222470,79717001,1,[np.int64(0)],1,renovacion_mismatch
222473,14517700015810,1,[np.int64(0)],1,renovacion_mismatch
222475,14517700015790,1,[np.int64(0)],1,renovacion_mismatch
222477,79716999,2,[np.int64(0)],1,renovacion_mismatch
222478,79716963,1,[np.int64(0)],1,renovacion_mismatch
222489,79716997,1,[np.int64(0)],1,renovacion_mismatch
222492,79716998,1,[np.int64(0)],1,renovacion_mismatch
222493,14517700015780,1,[np.int64(0)],1,renovacion_mismatch
222495,3099042300,1,[np.int64(0)],1,renovacion_mismatch
222498,3099063800,1,[np.int64(0)],1,renovacion_mismatch
222500,3099091500,1,[np.int64(0)],1,renovacion_mismatch
222502,14517700015700,2,[np.int64(0)],1,renovacion_mismatch
222506,79716993,2,[np.int64(0)],1,renovacion_mismatch
222508,14517700015760,1,[np.int64(0)],1,renovacion_mismatch
222510,79716995,2,[np.int64(0)],1,renovacion_mismatch
222511,79716996,2,[np.int64(0)],1,renovacion_mismatch
222514,14517700015680,1,[np.int64(0)],1,renovacion_mismatch
222517,14517700015720,1,[np.int64(0)],1,renovacion_mismatch
222519,14517700015740,1,[np.int64(0)],1,renovacion_mismatch
222520,14517700015750,1,[np.int64(0)],1,renovacion_mismatch
222524,79716988,2,[np.int64(0)],1,renovacion_mismatch
222526,79716990,2,[np.int64(0)],1,renovacion_mismatch
222530,1000003165,1,[np.int64(0)],1,renovacion_mismatch
222546,79716958,2,[np.int64(0)],1,renovacion_mismatch
222549,14517700015650,1,[np.int64(0)],1,renovacion_mismatch
222552,79716955,2,[np.int64(0)],1,renovacion_mismatch
222553,79716956,2,[np.int64(0)],1,renovacion_mismatch
222554,79716957,1,[np.int64(0)],1,renovacion_mismatch
222559,1000261,1,[np.int64(0)],1,renovacion_mismatch
222566,14517700015630,2,[np.int64(0)],1,renovacion_mismatch
222568,79716954,1,[np.int64(0)],1,renovacion_mismatch
222571,79716984,1,[np.int64(0)],1,renovacion_mismatch
222578,14517700015550,1,[np.int64(0)],1,renovacion_mismatch
222579,14517700015560,1,[np.int64(0)],1,renovacion_mismatch
222580,14517700015570,1,[np.int64(0)],1,renovacion_mismatch
222581,14517700015580,2,[np.int64(0)],1,renovacion_mismatch
222582,14517700015590,1,[np.int64(0)],1,renovacion_mismatch
222583,79716983,1,[np.int64(0)],1,renovacion_mismatch
222584,3098697200,1,[np.int64(0)],1,renovacion_mismatch
222587,79716953,2,[np.int64(0)],1,renovacion_mismatch
222588,14517700015520,2,[np.int64(0)],1,renovacion_mismatch
222592,3098692800,2,[np.int64(0)],1,renovacion_mismatch
222593,79716982,1,[np.int64(0)],1,renovacion_mismatch
222610,14517700015490,1,[np.int64(0)],1,renovacion_mismatch
222611,79716977,2,[np.int64(0)],1,renovacion_mismatch
222619,79716975,2,[np.int64(0)],1,renovacion_mismatch
222622,79716976,2,[np.int64(0)],1,renovacion_mismatch
222625,12096000017810,2,[np.int64(0)],1,renovacion_mismatch
222628,14517700015440,1,[np.int64(0)],1,renovacion_mismatch
222630,14517700015460,2,[np.int64(0)],1,renovacion_mismatch
222631,79716952,2,[np.int64(0)],1,renovacion_mismatch
222633,79716972,1,[np.int64(0)],1,renovacion_mismatch
222637,14517700015400,2,[np.int64(0)],1,renovacion_mismatch
222642,3098399400,1,[np.int64(0)],1,renovacion_mismatch
222646,14517700015430,1,[np.int64(0)],1,renovacion_mismatch
222665,3098327800,1,[np.int64(0)],1,renovacion_mismatch
222668,79716971,2,[np.int64(0)],1,renovacion_mismatch
222685,14517700015380,2,[np.int64(0)],1,renovacion_mismatch
222687,14517700015360,1,[np.int64(0)],1,renovacion_mismatch
222688,14517700015370,1,[np.int64(0)],1,renovacion_mismatch
222689,79716968,2,[np.int64(0)],1,renovacion_mismatch
222690,79716969,1,[np.int64(0)],1,renovacion_mismatch
222691,79716970,1,[np.int64(0)],1,renovacion_mismatch
222700,14517700015330,2,[np.int64(0)],1,renovacion_mismatch
222709,14517700015290,2,[np.int64(0)],1,renovacion_mismatch
222712,79716948,1,[np.int64(0)],1,renovacion_mismatch
222713,79716950,1,[np.int64(0)],1,renovacion_mismatch
222729,14517700015250,2,[np.int64(0)],1,renovacion_mismatch
222730,79716947,1,[np.int64(0)],1,renovacion_mismatch
222749,79716965,1,[np.int64(0)],1,renovacion_mismatch
222750,79716944,1,[np.int64(0)],1,renovacion_mismatch
222751,79716945,1,[np.int64(0)],1,renovacion_mismatch
222752,14517700015180,2,[np.int64(0)],1,renovacion_mismatch
222754,14517700015190,2,[np.int64(0)],1,renovacion_mismatch
222755,14517700015200,1,[np.int64(0)],1,renovacion_mismatch
222758,79716946,1,[np.int64(0)],4,renovacion_mismatch
222768,14517700015110,1,[np.int64(0)],1,renovacion_mismatch
222770,79716964,1,[np.int64(0)],1,renovacion_mismatch
222772,14517700015130,2,[np.int64(0)],1,renovacion_mismatch
222781,79430160,1,[np.int64(0)],1,renovacion_mismatch
222791,3097701800,2,[np.int64(0)],1,renovacion_mismatch
222792,14517700015070,1,[np.int64(0)],1,renovacion_mismatch
222796,14517700015010,2,[np.int64(0)],1,renovacion_mismatch
222798,14517700015030,2,[np.int64(0)],1,renovacion_mismatch
222801,14517700015050,2,[np.int64(0)],1,renovacion_mismatch
222802,79430139,2,[np.int64(0)],1,renovacion_mismatch
222803,79430159,1,[np.int64(0)],1,renovacion_mismatch
222805,14517700014990,2,[np.int64(0)],1,renovacion_mismatch
222807,3097610600,1,[np.int64(0)],1,renovacion_mismatch
222808,3097626400,2,[np.int64(0)],1,renovacion_mismatch
222810,14517700015000,1,[np.int64(0)],1,renovacion_mismatch
222814,79430157,1,[np.int64(0)],1,renovacion_mismatch
222815,79430158,1,[np.int64(0)],1,renovacion_mismatch
222822,14517700014970,1,[np.int64(0)],1,renovacion_mismatch
222828,14517700014950,1,[np.int64(0)],2,renovacion_mismatch
222834,79430155,2,[np.int64(0)],1,renovacion_mismatch
222835,3097449100,2,[np.int64(0)],1,renovacion_mismatch
222844,79430153,2,[np.int64(0)],1,renovacion_mismatch
222850,14517700014910,2,[np.int64(0)],1,renovacion_mismatch
222864,14517700014850,1,[np.int64(0)],1,renovacion_mismatch
222866,14517700014870,1,[np.int64(0)],1,renovacion_mismatch
222867,14517700014880,1,[np.int64(0)],1,renovacion_mismatch
222868,79430150,1,[np.int64(0)],1,renovacion_mismatch
222869,79430151,2,[np.int64(0)],1,renovacion_mismatch
222879,14517700014840,2,[np.int64(0)],1,renovacion_mismatch
222882,79430149,1,[np.int64(0)],1,renovacion_mismatch
222892,14517700014790,2,[np.int64(0)],1,renovacion_mismatch
222897,14517700014830,1,[np.int64(0)],1,renovacion_mismatch
222898,79430133,2,[np.int64(0)],1,renovacion_mismatch
222899,79430134,1,[np.int64(0)],1,renovacion_mismatch
222901,79430135,1,[np.int64(0)],1,renovacion_mismatch
222911,14517700014780,2,[np.int64(0)],1,renovacion_mismatch
222913,79430146,2,[np.int64(0)],1,renovacion_mismatch
222914,79430147,2,[np.int64(0)],1,renovacion_mismatch
222915,79430131,2,[np.int64(0)],1,renovacion_mismatch
222917,3097147300,1,[np.int64(0)],1,renovacion_mismatch
222923,14517700014700,1,[np.int64(0)],1,renovacion_mismatch
222926,79430143,1,[np.int64(0)],1,renovacion_mismatch
222928,79430145,1,[np.int64(0)],1,renovacion_mismatch
222932,14517700014670,2,[np.int64(0)],1,renovacion_mismatch
222937,79430128,2,[np.int64(0)],1,renovacion_mismatch
222941,3096988900,1,[np.int64(0)],1,renovacion_mismatch
222942,79430127,1,[np.int64(0)],1,renovacion_mismatch
222950,14517700014650,1,[np.int64(0)],1,renovacion_mismatch
222953,14517700014590,1,[np.int64(0)],1,renovacion_mismatch
222955,14517700014610,1,[np.int64(0)],1,renovacion_mismatch
222956,14517700014620,2,[np.int64(0)],1,renovacion_mismatch
222958,14517700014640,1,[np.int64(0)],1,renovacion_mismatch
222961,79430126,1,[np.int64(0)],1,renovacion_mismatch
222965,14517700014530,1,[np.int64(0)],1,renovacion_mismatch
222967,14517700014540,1,[np.int64(0)],1,renovacion_mismatch
222970,14517700014570,1,[np.int64(0)],1,renovacion_mismatch
222974,14517700014510,1,[np.int64(0)],1,renovacion_mismatch
222977,14517700014520,1,[np.int64(0)],1,renovacion_mismatch
222984,14517700014460,2,[np.int64(0)],1,renovacion_mismatch
222985,14517700014470,2,[np.int64(0)],1,renovacion_mismatch
222986,14517700014480,2,[np.int64(0)],1,renovacion_mismatch
222994,79430117,2,[np.int64(0)],1,renovacion_mismatch
222995,79430118,1,[np.int64(0)],1,renovacion_mismatch
222996,79430119,1,[np.int64(0)],1,renovacion_mismatch
222998,14517700014420,1,[np.int64(0)],1,renovacion_mismatch
223001,14517700014430,2,[np.int64(0)],1,renovacion_mismatch
223003,14517700014340,2,[np.int64(0)],1,renovacion_mismatch
223005,14517700014360,1,[np.int64(0)],1,renovacion_mismatch
223006,14517700014370,1,[np.int64(0)],1,renovacion_mismatch
223008,14517700014390,1,[np.int64(0)],1,renovacion_mismatch
223010,79430115,1,[np.int64(0)],1,renovacion_mismatch
223012,79430114,1,[np.int64(0)],1,renovacion_mismatch
223031,79430112,2,[np.int64(0)],1,renovacion_mismatch
223037,79430124,2,[np.int64(0)],1,renovacion_mismatch
223042,14517700014270,1,[np.int64(0)],1,renovacion_mismatch
223044,79430109,2,[np.int64(0)],1,renovacion_mismatch
223045,79430110,2,[np.int64(0)],1,renovacion_mismatch
223063,14517700014220,1,[np.int64(0)],1,renovacion_mismatch
223065,14517700014240,1,[np.int64(0)],1,renovacion_mismatch
223066,79430108,1,[np.int64(0)],1,renovacion_mismatch
223068,3096484900,2,[np.int64(0)],1,renovacion_mismatch
223069,3096477900,1,[np.int64(0)],1,renovacion_mismatch
223072,79430106,1,[np.int64(0)],1,renovacion_mismatch
223073,79430107,1,[np.int64(0)],1,renovacion_mismatch
223077,14517700014170,1,[np.int64(0)],1,renovacion_mismatch
223085,14517700014130,1,[np.int64(0)],1,renovacion_mismatch
223087,14517700014140,1,[np.int64(0)],1,renovacion_mismatch
223088,14517700014150,1,[np.int64(0)],1,renovacion_mismatch
223089,14517700014080,2,[np.int64(0)],1,renovacion_mismatch
223092,14517700014110,1,[np.int64(0)],1,renovacion_mismatch
223094,79430104,1,[np.int64(0)],1,renovacion_mismatch
223097,79430122,1,[np.int64(0)],1,renovacion_mismatch
223098,AA005271,1,[np.int64(0)],1,renovacion_mismatch
223104,14517700014030,1,[np.int64(0)],1,renovacion_mismatch
223106,14517700014050,2,[np.int64(0)],1,renovacion_mismatch
223108,14517700014070,1,[np.int64(0)],1,renovacion_mismatch
223109,79331364,2,[np.int64(0)],1,renovacion_mismatch
223113,14517700013970,1,[np.int64(0)],1,renovacion_mismatch
223115,14517700013990,1,[np.int64(0)],1,renovacion_mismatch
223118,79430102,1,[np.int64(0)],1,renovacion_mismatch
223126,79331392,2,[np.int64(0)],1,renovacion_mismatch
223127,79331394,1,[np.int64(0)],1,renovacion_mismatch
223130,14517700013930,1,[np.int64(0)],1,renovacion_mismatch
223132,79331393,1,[np.int64(0)],1,renovacion_mismatch
223146,14517700013910,1,[np.int64(0)],1,renovacion_mismatch
223148,14517700013880,1,[np.int64(0)],2,renovacion_mismatch
223152,14517700013890,2,[np.int64(0)],1,renovacion_mismatch
223156,79331390,2,[np.int64(0)],1,renovacion_mismatch
223157,14517700013840,2,[np.int64(0)],1,renovacion_mismatch
223159,14517700013860,2,[np.int64(0)],1,renovacion_mismatch
223160,14517700013870,1,[np.int64(0)],1,renovacion_mismatch
223168,79331360,1,[np.int64(0)],1,renovacion_mismatch
223172,79331389,2,[np.int64(0)],1,renovacion_mismatch
223173,79331361,1,[np.int64(0)],1,renovacion_mismatch
223176,79331388,1,[np.int64(0)],1,renovacion_mismatch
223178,79331358,1,[np.int64(0)],1,renovacion_mismatch
223193,79331387,1,[np.int64(0)],1,renovacion_mismatch
223196,14517700013730,1,[np.int64(0)],1,renovacion_mismatch
223198,79331385,2,[np.int64(0)],1,renovacion_mismatch
223207,79331379,2,[np.int64(0)],1,renovacion_mismatch
223208,79331380,1,[np.int64(0)],1,renovacion_mismatch
223209,79331382,2,[np.int64(0)],1,renovacion_mismatch
223210,79331383,2,[np.int64(0)],1,renovacion_mismatch
223213,79331357,2,[np.int64(0)],1,renovacion_mismatch
223215,14517700013720,1,[np.int64(0)],1,renovacion_mismatch
223217,14517700013650,1,[np.int64(0)],1,renovacion_mismatch
223221,14517700013670,2,[np.int64(0)],1,renovacion_mismatch
223222,14517700013690,1,[np.int64(0)],1,renovacion_mismatch
223231,14517700013600,1,[np.int64(0)],1,renovacion_mismatch
223232,14517700013610,1,[np.int64(0)],1,renovacion_mismatch
223233,14517700013620,1,[np.int64(0)],1,renovacion_mismatch
223240,79331376,1,[np.int64(0)],1,renovacion_mismatch
223242,79331377,2,[np.int64(0)],1,renovacion_mismatch
223258,76863921,1,[np.int64(0)],1,renovacion_mismatch
223272,79331372,1,[np.int64(0)],1,renovacion_mismatch
223273,79331373,1,[np.int64(0)],1,renovacion_mismatch
223274,14517700013580,1,[np.int64(0)],1,renovacion_mismatch
223275,79331356,2,[np.int64(0)],1,renovacion_mismatch
223277,14517700013550,1,[np.int64(0)],1,renovacion_mismatch
223283,79331371,1,[np.int64(0)],1,renovacion_mismatch
223284,14517700013570,2,[np.int64(0)],1,renovacion_mismatch
223292,79331353,2,[np.int64(0)],2,renovacion_mismatch
223302,14517700013480,1,[np.int64(0)],1,renovacion_mismatch
223303,14517700013490,2,[np.int64(0)],1,renovacion_mismatch
223311,14517700013450,2,[np.int64(0)],1,renovacion_mismatch
223312,14517700013460,2,[np.int64(0)],1,renovacion_mismatch
223315,14517700013420,1,[np.int64(0)],1,renovacion_mismatch
223316,14517700013430,1,[np.int64(0)],1,renovacion_mismatch
223317,14517700013440,1,[np.int64(0)],1,renovacion_mismatch
223318,79331349,1,[np.int64(0)],1,renovacion_mismatch
223319,79331350,1,[np.int64(0)],1,renovacion_mismatch
223320,79331370,1,[np.int64(0)],1,renovacion_mismatch
223325,79331345,2,[np.int64(0)],1,renovacion_mismatch
223326,79331346,1,[np.int64(0)],1,renovacion_mismatch
223328,79331348,1,[np.int64(0)],1,renovacion_mismatch
223330,79331367,2,[np.int64(0)],1,renovacion_mismatch
223336,14517700013370,1,[np.int64(0)],1,renovacion_mismatch
223339,14517700013390,2,[np.int64(0)],1,renovacion_mismatch
223340,14517700013400,1,[np.int64(0)],1,renovacion_mismatch
223344,14517700013310,1,[np.int64(0)],1,renovacion_mismatch
223345,79122003,2,[np.int64(0)],1,renovacion_mismatch
223346,79122004,1,[np.int64(0)],1,renovacion_mismatch
223347,79122005,1,[np.int64(0)],1,renovacion_mismatch
223348,14517700013320,1,[np.int64(0)],1,renovacion_mismatch
223349,14517700013330,2,[np.int64(0)],1,renovacion_mismatch
223363,79122000,1,[np.int64(0)],1,renovacion_mismatch
223371,79122002,2,[np.int64(0)],1,renovacion_mismatch
223373,14517700013210,1,[np.int64(0)],1,renovacion_mismatch
223374,14517700013280,1,[np.int64(0)],1,renovacion_mismatch
223376,14517700013230,1,[np.int64(0)],1,renovacion_mismatch
223378,14517700013250,1,[np.int64(0)],1,renovacion_mismatch
223380,14517700013270,1,[np.int64(0)],1,renovacion_mismatch
223382,79121999,1,[np.int64(0)],1,renovacion_mismatch
223391,14517700013190,1,[np.int64(0)],1,renovacion_mismatch
223392,14517700013200,1,[np.int64(0)],1,renovacion_mismatch
223393,79122014,1,[np.int64(0)],1,renovacion_mismatch
223398,14517700013220,1,[np.int64(0)],1,renovacion_mismatch
223409,14517700013150,1,[np.int64(0)],1,renovacion_mismatch
223410,79122012,1,[np.int64(0)],1,renovacion_mismatch
223411,79122013,1,[np.int64(0)],1,renovacion_mismatch
223412,12096000017760,1,[np.int64(0)],1,renovacion_mismatch
223413,12096000017780,1,[np.int64(0)],1,renovacion_mismatch
223415,79122011,1,[np.int64(0)],1,renovacion_mismatch
223416,79121997,1,[np.int64(0)],1,renovacion_mismatch
223422,14517700013080,1,[np.int64(0)],1,renovacion_mismatch
223423,14517700013090,1,[np.int64(0)],1,renovacion_mismatch
223426,14517700013120,1,[np.int64(0)],1,renovacion_mismatch
223429,14517700013140,1,[np.int64(0)],1,renovacion_mismatch
223431,12096000017750,1,[np.int64(0)],1,renovacion_mismatch
223436,14517700013020,2,[np.int64(0)],1,renovacion_mismatch
223439,14517700013050,1,[np.int64(0)],1,renovacion_mismatch
223441,14517700013070,1,[np.int64(0)],1,renovacion_mismatch
223452,14517700012910,2,[np.int64(0)],1,renovacion_mismatch
223456,14517700012940,1,[np.int64(0)],1,renovacion_mismatch
223462,79121986,1,[np.int64(0)],1,renovacion_mismatch
223463,79121987,2,[np.int64(0)],1,renovacion_mismatch
223466,79121990,1,[np.int64(0)],1,renovacion_mismatch
223467,79121991,1,[np.int64(0)],1,renovacion_mismatch
223468,79121992,1,[np.int64(0)],1,renovacion_mismatch
223469,79121993,1,[np.int64(0)],1,renovacion_mismatch
223472,79121983,1,[np.int64(0)],1,renovacion_mismatch
223475,14517700012850,1,[np.int64(0)],1,renovacion_mismatch
223480,14517700012900,1,[np.int64(0)],1,renovacion_mismatch
223481,79121978,1,[np.int64(0)],1,renovacion_mismatch
223484,79121981,1,[np.int64(0)],1,renovacion_mismatch
223490,14517700012840,2,[np.int64(0)],1,renovacion_mismatch
223492,14517700012780,1,[np.int64(0)],1,renovacion_mismatch
223501,14517700012740,1,[np.int64(0)],1,renovacion_mismatch
223502,14517700012760,1,[np.int64(0)],1,renovacion_mismatch
223515,79121965,1,[np.int64(0)],1,renovacion_mismatch
223528,14517700012690,1,[np.int64(0)],1,renovacion_mismatch
223529,14517700012700,1,[np.int64(0)],1,renovacion_mismatch
223530,79121962,1,[np.int64(0)],1,renovacion_mismatch
223532,79121961,1,[np.int64(0)],1,renovacion_mismatch
223534,14517700012660,1,[np.int64(0)],1,renovacion_mismatch
223535,14517700012670,1,[np.int64(0)],1,renovacion_mismatch
223539,14517700012680,1,[np.int64(0)],1,renovacion_mismatch
223545,14517700012580,1,[np.int64(0)],1,renovacion_mismatch
223546,14517700012590,1,[np.int64(0)],1,renovacion_mismatch
223552,14517700012550,1,[np.int64(0)],1,renovacion_mismatch
223564,14517700012510,1,[np.int64(0)],1,renovacion_mismatch
223565,12096000017710,1,[np.int64(0)],1,renovacion_mismatch
223568,79121960,1,[np.int64(0)],1,renovacion_mismatch
223578,79121959,1,[np.int64(0)],1,renovacion_mismatch
223581,14517700012440,1,[np.int64(0)],1,renovacion_mismatch
223582,79121954,1,[np.int64(0)],1,renovacion_mismatch
223589,14517700012430,1,[np.int64(0)],1,renovacion_mismatch
223601,14517700012420,1,[np.int64(0)],1,renovacion_mismatch
223603,79121974,1,[np.int64(0)],1,renovacion_mismatch
223609,14517700012400,1,[np.int64(0)],1,renovacion_mismatch
223610,79121969,1,[np.int64(0)],1,renovacion_mismatch
223612,79121971,1,[np.int64(0)],1,renovacion_mismatch
223614,79121952,1,[np.int64(0)],1,renovacion_mismatch
223621,14517700012350,1,[np.int64(0)],1,renovacion_mismatch
223623,14517700012370,1,[np.int64(0)],1,renovacion_mismatch
223624,14517700012320,1,[np.int64(0)],1,renovacion_mismatch
223625,79121949,1,[np.int64(0)],1,renovacion_mismatch
223628,79121951,1,[np.int64(0)],1,renovacion_mismatch
223645,14517700012330,1,[np.int64(0)],1,renovacion_mismatch
223646,79121950,1,[np.int64(0)],1,renovacion_mismatch
223654,79121948,1,[np.int64(0)],1,renovacion_mismatch
223660,14517700012310,1,[np.int64(0)],1,renovacion_mismatch
223668,14517700012250,1,[np.int64(0)],1,renovacion_mismatch
223671,14517700012280,1,[np.int64(0)],1,renovacion_mismatch
223673,14517700012160,1,[np.int64(0)],1,renovacion_mismatch
223680,14517700012230,1,[np.int64(0)],1,renovacion_mismatch
223687,78861033,1,[np.int64(0)],1,renovacion_mismatch
223692,14517700012180,1,[np.int64(0)],1,renovacion_mismatch
223694,14517700012100,1,[np.int64(0)],1,renovacion_mismatch
223696,14517700012120,1,[np.int64(0)],1,renovacion_mismatch
223697,14517700012140,1,[np.int64(0)],1,renovacion_mismatch
223706,14517700012030,1,[np.int64(0)],1,renovacion_mismatch
223708,14517700012050,1,[np.int64(0)],1,renovacion_mismatch
223713,14517700011990,1,[np.int64(0)],1,renovacion_mismatch
223716,14517700012020,1,[np.int64(0)],1,renovacion_mismatch
223718,78861039,1,[np.int64(0)],1,renovacion_mismatch
223719,78861041,1,[np.int64(0)],1,renovacion_mismatch
223723,78861015,1,[np.int64(0)],1,renovacion_mismatch
223724,78861016,1,[np.int64(0)],1,renovacion_mismatch
223725,14517700011960,1,[np.int64(0)],1,renovacion_mismatch
223730,14517700011970,1,[np.int64(0)],1,renovacion_mismatch
223741,14517700011950,1,[np.int64(0)],1,renovacion_mismatch
223742,78861014,1,[np.int64(0)],1,renovacion_mismatch
223744,78861030,1,[np.int64(0)],1,renovacion_mismatch
223745,78861031,1,[np.int64(0)],1,renovacion_mismatch
223753,14517700011830,1,[np.int64(0)],1,renovacion_mismatch
223754,14517700011840,1,[np.int64(0)],1,renovacion_mismatch
223760,14517700011900,1,[np.int64(0)],1,renovacion_mismatch
223773,78861028,1,[np.int64(0)],1,renovacion_mismatch
223787,14517700011810,1,[np.int64(0)],1,renovacion_mismatch
223790,78861025,1,[np.int64(0)],1,renovacion_mismatch
223791,78861026,1,[np.int64(0)],1,renovacion_mismatch
223816,78861020,1,[np.int64(0)],1,renovacion_mismatch
223818,78861022,1,[np.int64(0)],1,renovacion_mismatch
223822,14517700011670,1,[np.int64(0)],1,renovacion_mismatch
223823,14517700011680,1,[np.int64(0)],1,renovacion_mismatch
223824,14517700011690,1,[np.int64(0)],2,renovacion_mismatch
223826,14517700011700,1,[np.int64(0)],1,renovacion_mismatch
223830,14517700011720,1,[np.int64(0)],1,renovacion_mismatch
223831,14517700011730,1,[np.int64(0)],1,renovacion_mismatch
223838,14517700011620,1,[np.int64(0)],1,renovacion_mismatch
223839,14517700011630,1,[np.int64(0)],1,renovacion_mismatch
223840,14517700011640,1,[np.int64(0)],1,renovacion_mismatch
223841,14517700011650,1,[np.int64(0)],1,renovacion_mismatch
223852,78860989,1,[np.int64(0)],1,renovacion_mismatch
223854,78860991,1,[np.int64(0)],1,renovacion_mismatch
223857,78861019,1,[np.int64(0)],1,renovacion_mismatch
223866,14517700011560,1,[np.int64(0)],1,renovacion_mismatch
223867,14517700011570,1,[np.int64(0)],1,renovacion_mismatch
223869,12096000017680,1,[np.int64(0)],1,renovacion_mismatch
223870,12096000017690,1,[np.int64(0)],1,renovacion_mismatch
223871,14517700011590,1,[np.int64(0)],1,renovacion_mismatch
223893,78860987,1,[np.int64(0)],1,renovacion_mismatch
223902,78860977,1,[np.int64(0)],1,renovacion_mismatch
223910,14517700011530,1,[np.int64(0)],1,renovacion_mismatch
223911,14517700011540,1,[np.int64(0)],1,renovacion_mismatch
223913,14517700011440,1,[np.int64(0)],1,renovacion_mismatch
223923,14517700011480,1,[np.int64(0)],1,renovacion_mismatch
223927,14517700011490,1,[np.int64(0)],1,renovacion_mismatch
223931,78860985,1,[np.int64(0)],1,renovacion_mismatch
223936,14517700011351,1,[np.int64(0)],1,renovacion_mismatch
223944,78860978,1,[np.int64(0)],1,renovacion_mismatch
223946,78860981,1,[np.int64(0)],1,renovacion_mismatch
223953,78860980,1,[np.int64(0)],1,renovacion_mismatch
223958,78861012,1,[np.int64(0)],1,renovacion_mismatch
223961,14517700011410,1,[np.int64(0)],1,renovacion_mismatch
223965,14517700011340,1,[np.int64(0)],1,renovacion_mismatch
223980,14517700011320,1,[np.int64(0)],1,renovacion_mismatch
223981,14517700011330,1,[np.int64(0)],1,renovacion_mismatch
223985,78861008,1,[np.int64(0)],1,renovacion_mismatch
223998,14517700011260,1,[np.int64(0)],1,renovacion_mismatch
224000,78860975,1,[np.int64(0)],1,renovacion_mismatch
224005,78860973,1,[np.int64(0)],1,renovacion_mismatch
224009,12096000017660,1,[np.int64(0)],1,renovacion_mismatch
224014,14517700011190,1,[np.int64(0)],1,renovacion_mismatch
224015,78861002,1,[np.int64(0)],1,renovacion_mismatch
224017,78861004,1,[np.int64(0)],1,renovacion_mismatch
224019,14517700011200,1,[np.int64(0)],1,renovacion_mismatch
224022,78861000,1,[np.int64(0)],1,renovacion_mismatch
224023,78860972,1,[np.int64(0)],2,renovacion_mismatch
224024,78861001,1,[np.int64(0)],2,renovacion_mismatch
224028,14517700011160,1,[np.int64(0)],1,renovacion_mismatch
224029,14517700011170,1,[np.int64(0)],1,renovacion_mismatch
224030,145177800011180,1,[np.int64(0)],1,renovacion_mismatch
224039,14517700011140,1,[np.int64(0)],1,renovacion_mismatch
224040,14517700011150,1,[np.int64(0)],1,renovacion_mismatch
224042,14517700011130,1,[np.int64(0)],1,renovacion_mismatch
224050,78860998,1,[np.int64(0)],1,renovacion_mismatch
224064,14517700011070,1,[np.int64(0)],1,renovacion_mismatch
224065,14517700011080,1,[np.int64(0)],1,renovacion_mismatch
224066,14517700011090,1,[np.int64(0)],1,renovacion_mismatch
224071,14517700010240,1,[np.int64(0)],1,renovacion_mismatch
224073,14517700010250,1,[np.int64(0)],1,renovacion_mismatch
224074,14517700010260,1,[np.int64(0)],1,renovacion_mismatch
224081,14517700010130,1,[np.int64(0)],1,renovacion_mismatch
224082,14517700010140,1,[np.int64(0)],1,renovacion_mismatch
224083,14517700010150,1,[np.int64(0)],1,renovacion_mismatch
224084,14517700010160,1,[np.int64(0)],1,renovacion_mismatch
224085,14517700010170,1,[np.int64(0)],1,renovacion_mismatch
224086,14517700010180,1,[np.int64(0)],1,renovacion_mismatch
224087,14517700010190,1,[np.int64(0)],1,renovacion_mismatch
224088,14517700010210,1,[np.int64(0)],1,renovacion_mismatch
224089,14517700010220,1,[np.int64(0)],1,renovacion_mismatch
224090,14517700010230,1,[np.int64(0)],1,renovacion_mismatch
224091,14517700010030,1,[np.int64(0)],1,renovacion_mismatch
224092,14017700010040,1,[np.int64(0)],1,renovacion_mismatch
224093,14517700010050,1,[np.int64(0)],1,renovacion_mismatch
224094,14517700010060,1,[np.int64(0)],1,renovacion_mismatch
224095,14517700010070,1,[np.int64(0)],1,renovacion_mismatch
224096,14517700010080,1,[np.int64(0)],1,renovacion_mismatch
224097,14517700010090,1,[np.int64(0)],1,renovacion_mismatch
224098,14517700010100,1,[np.int64(0)],1,renovacion_mismatch
224099,14517700010110,1,[np.int64(0)],1,renovacion_mismatch
224100,14517700010120,1,[np.int64(0)],1,renovacion_mismatch
224101,14017700009920,1,[np.int64(0)],1,renovacion_mismatch
224102,14017700009930,1,[np.int64(0)],1,renovacion_mismatch
224103,14517700009940,1,[np.int64(0)],1,renovacion_mismatch
224104,14517700009950,1,[np.int64(0)],1,renovacion_mismatch
224105,14517700009970,1,[np.int64(0)],1,renovacion_mismatch
224106,14517700009980,1,[np.int64(0)],1,renovacion_mismatch
224107,14517700009990,1,[np.int64(0)],1,renovacion_mismatch
224108,14517700010000,1,[np.int64(0)],1,renovacion_mismatch
224109,14517700010010,1,[np.int64(0)],1,renovacion_mismatch
224110,14517700010020,1,[np.int64(0)],1,renovacion_mismatch
224111,14517700009820,1,[np.int64(0)],1,renovacion_mismatch
224112,14517700009830,1,[np.int64(0)],1,renovacion_mismatch
224113,14517700009840,1,[np.int64(0)],1,renovacion_mismatch
224114,14517700009850,1,[np.int64(0)],1,renovacion_mismatch
224115,14517700009860,1,[np.int64(0)],1,renovacion_mismatch
224116,14517700009870,1,[np.int64(0)],1,renovacion_mismatch
224117,14517700009880,1,[np.int64(0)],1,renovacion_mismatch
224118,14517700009890,1,[np.int64(0)],1,renovacion_mismatch
224119,14517700009900,1,[np.int64(0)],1,renovacion_mismatch
224120,14517700009910,1,[np.int64(0)],1,renovacion_mismatch
224121,14517700009720,1,[np.int64(0)],1,renovacion_mismatch
224122,14517700009730,1,[np.int64(0)],1,renovacion_mismatch
224123,14517700009740,1,[np.int64(0)],1,renovacion_mismatch
224124,14517700009750,1,[np.int64(0)],1,renovacion_mismatch
224125,14517700009760,1,[np.int64(0)],1,renovacion_mismatch
224126,14517700009770,1,[np.int64(0)],1,renovacion_mismatch
224127,14017700009780,1,[np.int64(0)],1,renovacion_mismatch
224128,14517700009790,1,[np.int64(0)],1,renovacion_mismatch
224129,14017700009800,1,[np.int64(0)],1,renovacion_mismatch
224130,14517700009810,1,[np.int64(0)],1,renovacion_mismatch
224131,14517700009620,1,[np.int64(0)],1,renovacion_mismatch
224132,14517700009630,1,[np.int64(0)],1,renovacion_mismatch
224133,14517700009640,1,[np.int64(0)],1,renovacion_mismatch
224134,14517700009650,1,[np.int64(0)],1,renovacion_mismatch
224135,14517700009660,1,[np.int64(0)],1,renovacion_mismatch
224136,14517700009670,1,[np.int64(0)],1,renovacion_mismatch
224137,14517700009680,1,[np.int64(0)],1,renovacion_mismatch
224138,14517700009690,1,[np.int64(0)],1,renovacion_mismatch
224139,14517700009700,1,[np.int64(0)],1,renovacion_mismatch
224140,14517700009710,1,[np.int64(0)],1,renovacion_mismatch
224142,101004758,1,[np.int64(0)],1,renovacion_mismatch
224144,14517700009550,1,[np.int64(0)],1,renovacion_mismatch
224145,14517700009560,1,[np.int64(0)],1,renovacion_mismatch
224146,14517700009570,1,[np.int64(0)],1,renovacion_mismatch
224147,14517700009580,1,[np.int64(0)],1,renovacion_mismatch
224148,14517700009590,1,[np.int64(0)],1,renovacion_mismatch
224149,14517700009600,1,[np.int64(0)],1,renovacion_mismatch
224150,14517700009610,1,[np.int64(0)],1,renovacion_mismatch
224155,14517700011000,1,[np.int64(0)],1,renovacion_mismatch
224158,14517700011030,1,[np.int64(0)],1,renovacion_mismatch
224161,78860969,1,[np.int64(0)],1,renovacion_mismatch
224171,7860970,1,[np.int64(0)],1,renovacion_mismatch
224172,7860971,1,[np.int64(0)],1,renovacion_mismatch
224173,14517700010880,1,[np.int64(0)],1,renovacion_mismatch
224188,14517700010940,1,[np.int64(0)],1,renovacion_mismatch
224189,14517700010950,1,[np.int64(0)],1,renovacion_mismatch
224195,78860966,1,[np.int64(0)],1,renovacion_mismatch
224205,14517700010810,1,[np.int64(0)],1,renovacion_mismatch
224208,14517700010830,1,[np.int64(0)],1,renovacion_mismatch
224209,14517700010840,1,[np.int64(0)],1,renovacion_mismatch
224213,14517700010780,1,[np.int64(0)],1,renovacion_mismatch
224214,14517700010790,1,[np.int64(0)],1,renovacion_mismatch
224218,78736410,1,[np.int64(0)],1,renovacion_mismatch
224219,78860965,1,[np.int64(0)],1,renovacion_mismatch
224220,78736412,1,[np.int64(0)],1,renovacion_mismatch
224221,78736413,1,[np.int64(0)],1,renovacion_mismatch
224225,78736417,1,[np.int64(0)],1,renovacion_mismatch
224228,14517700010770,1,[np.int64(0)],1,renovacion_mismatch
224229,14517700010730,1,[np.int64(0)],1,renovacion_mismatch
224230,14517700010450,1,[np.int64(0)],1,renovacion_mismatch
224240,14517700010720,1,[np.int64(0)],1,renovacion_mismatch
224241,78736421,1,[np.int64(0)],1,renovacion_mismatch
224242,78736422,1,[np.int64(0)],1,renovacion_mismatch
224243,78860963,1,[np.int64(0)],1,renovacion_mismatch
224245,14517700010420,1,[np.int64(0)],1,renovacion_mismatch
224251,14517700010630,1,[np.int64(0)],1,renovacion_mismatch
224252,14517700010640,1,[np.int64(0)],1,renovacion_mismatch
224253,14517700010650,1,[np.int64(0)],1,renovacion_mismatch
224256,14517700010680,1,[np.int64(0)],1,renovacion_mismatch
224262,78736419,1,[np.int64(0)],1,renovacion_mismatch
224272,14517700010540,1,[np.int64(0)],1,renovacion_mismatch
224274,14517700010560,1,[np.int64(0)],1,renovacion_mismatch
224279,14517700010600,1,[np.int64(0)],1,renovacion_mismatch
224288,14517700010500,1,[np.int64(0)],1,renovacion_mismatch
224289,14517700010510,1,[np.int64(0)],1,renovacion_mismatch
224290,78736407,1,[np.int64(0)],1,renovacion_mismatch
224302,14517700010370,1,[np.int64(0)],1,renovacion_mismatch
224305,14517700010400,1,[np.int64(0)],1,renovacion_mismatch
224318,14517700009960,1,[np.int64(0)],1,renovacion_mismatch
224319,78736397,1,[np.int64(0)],1,renovacion_mismatch
224322,78736381,1,[np.int64(0)],1,renovacion_mismatch
224329,78736405,1,[np.int64(0)],1,renovacion_mismatch
224330,14517700010200,1,[np.int64(0)],1,renovacion_mismatch
224331,14517700010270,1,[np.int64(0)],1,renovacion_mismatch
224334,14517700010310,1,[np.int64(0)],1,renovacion_mismatch
224336,78736400,1,[np.int64(0)],1,renovacion_mismatch
224343,14517700010330,1,[np.int64(0)],1,renovacion_mismatch
224359,78736380,1,[np.int64(0)],1,renovacion_mismatch
224364,14517700009530,1,[np.int64(0)],1,renovacion_mismatch
224371,14517700009490,1,[np.int64(0)],1,renovacion_mismatch
224372,14517700009500,1,[np.int64(0)],1,renovacion_mismatch
224373,14517700009510,1,[np.int64(0)],1,renovacion_mismatch
224374,14517700009520,1,[np.int64(0)],1,renovacion_mismatch
224383,14517700009410,1,[np.int64(0)],1,renovacion_mismatch
224385,14517700009430,1,[np.int64(0)],1,renovacion_mismatch
224386,14517700009440,1,[np.int64(0)],1,renovacion_mismatch
224387,14517700009450,1,[np.int64(0)],1,renovacion_mismatch
224393,78736377,1,[np.int64(0)],1,renovacion_mismatch
224394,78736378,1,[np.int64(0)],1,renovacion_mismatch
224395,78736379,1,[np.int64(0)],1,renovacion_mismatch
224399,14517700009350,1,[np.int64(0)],1,renovacion_mismatch
224400,14517700009360,1,[np.int64(0)],1,renovacion_mismatch
224402,78736374,1,[np.int64(0)],1,renovacion_mismatch
224403,78736375,1,[np.int64(0)],1,renovacion_mismatch
224408,14517700009250,1,[np.int64(0)],1,renovacion_mismatch
224409,14517700009260,1,[np.int64(0)],1,renovacion_mismatch
224410,14517700009270,1,[np.int64(0)],1,renovacion_mismatch
224420,78736392,1,[np.int64(0)],1,renovacion_mismatch
224421,14517700009190,1,[np.int64(0)],1,renovacion_mismatch
224422,14517700009200,1,[np.int64(0)],1,renovacion_mismatch
224425,14517700009220,1,[np.int64(0)],1,renovacion_mismatch
224426,14517700009230,1,[np.int64(0)],1,renovacion_mismatch
224427,14517700009240,1,[np.int64(0)],1,renovacion_mismatch
224435,145817700009320,1,[np.int64(0)],1,renovacion_mismatch
224440,14517700009180,1,[np.int64(0)],1,renovacion_mismatch
224442,78736366,1,[np.int64(0)],1,renovacion_mismatch
224450,12096000017630,1,[np.int64(0)],1,renovacion_mismatch
224452,78736365,1,[np.int64(0)],1,renovacion_mismatch
224457,1000002619,1,[np.int64(0)],5,renovacion_mismatch
224458,78736363,1,[np.int64(0)],1,renovacion_mismatch
224460,14517700009060,1,[np.int64(0)],1,renovacion_mismatch
224472,14517700009030,1,[np.int64(0)],1,renovacion_mismatch
224475,14517700009040,1,[np.int64(0)],1,renovacion_mismatch
224477,78736390,1,[np.int64(0)],1,renovacion_mismatch
224478,14517700008970,1,[np.int64(0)],1,renovacion_mismatch
224482,78736388,1,[np.int64(0)],1,renovacion_mismatch
224488,78736360,1,[np.int64(0)],1,renovacion_mismatch
224489,78736361,1,[np.int64(0)],1,renovacion_mismatch
224490,78736386,1,[np.int64(0)],1,renovacion_mismatch
224492,78736359,1,[np.int64(0)],1,renovacion_mismatch
224495,14517700008940,1,[np.int64(0)],1,renovacion_mismatch
224496,14517700008950,1,[np.int64(0)],1,renovacion_mismatch
224498,78736356,1,[np.int64(0)],1,renovacion_mismatch
224499,78736357,1,[np.int64(0)],1,renovacion_mismatch
224500,14517700008880,1,[np.int64(0)],1,renovacion_mismatch
224510,14517700008860,1,[np.int64(0)],1,renovacion_mismatch
224513,78736385,1,[np.int64(0)],1,renovacion_mismatch
224515,78736358,1,[np.int64(0)],3,renovacion_mismatch
224516,78736354,1,[np.int64(0)],1,renovacion_mismatch
224518,78372194,1,[np.int64(0)],1,renovacion_mismatch
224529,14517700008790,1,[np.int64(0)],1,renovacion_mismatch
224535,14517700008820,1,[np.int64(0)],1,renovacion_mismatch
224537,14517700008840,1,[np.int64(0)],1,renovacion_mismatch
224541,14517700008730,1,[np.int64(0)],1,renovacion_mismatch
224545,14517700008770,1,[np.int64(0)],1,renovacion_mismatch
224549,78372189,1,[np.int64(0)],1,renovacion_mismatch
224550,14517700008700,1,[np.int64(0)],1,renovacion_mismatch
224552,14517700008710,1,[np.int64(0)],1,renovacion_mismatch
224556,78372191,1,[np.int64(0)],1,renovacion_mismatch
224559,14517700008650,1,[np.int64(0)],1,renovacion_mismatch
224560,78372195,1,[np.int64(0)],1,renovacion_mismatch
224562,1000003152,1,[np.int64(0)],6,renovacion_mismatch
224564,14517700008670,1,[np.int64(0)],1,renovacion_mismatch
224565,14517700008680,1,[np.int64(0)],1,renovacion_mismatch
224569,14517700008610,1,[np.int64(0)],1,renovacion_mismatch
224572,78372185,1,[np.int64(0)],1,renovacion_mismatch
224581,14517700008560,1,[np.int64(0)],1,renovacion_mismatch
224582,78372184,1,[np.int64(0)],1,renovacion_mismatch
224583,78372183,1,[np.int64(0)],1,renovacion_mismatch
224587,78372179,1,[np.int64(0)],1,renovacion_mismatch
224590,14517700008520,1,[np.int64(0)],1,renovacion_mismatch
224591,14517700008530,1,[np.int64(0)],1,renovacion_mismatch
224596,78372181,1,[np.int64(0)],1,renovacion_mismatch
224601,14517700008470,1,[np.int64(0)],1,renovacion_mismatch
224602,14517700008480,1,[np.int64(0)],1,renovacion_mismatch
224604,78372174,1,[np.int64(0)],2,renovacion_mismatch
224605,78372175,1,[np.int64(0)],1,renovacion_mismatch
224606,78372177,1,[np.int64(0)],1,renovacion_mismatch
224613,78372176,1,[np.int64(0)],1,renovacion_mismatch
224623,78372148,1,[np.int64(0)],1,renovacion_mismatch
224627,1000003045,2,[np.int64(0)],8,renovacion_mismatch
224631,78372145,1,[np.int64(0)],1,renovacion_mismatch
224642,1000002975,1,[np.int64(0)],1,renovacion_mismatch
224644,1000003242,2,[np.int64(0)],1,renovacion_mismatch
224645,1000002527,1,[np.int64(0)],13,renovacion_mismatch
224646,AA005509,1,[np.int64(0)],1,renovacion_mismatch
224653,14517700008340,1,[np.int64(0)],1,renovacion_mismatch
224657,78372170,1,[np.int64(0)],1,renovacion_mismatch
224659,78372172,1,[np.int64(0)],1,renovacion_mismatch
224667,14517700008160,1,[np.int64(0)],1,renovacion_mismatch
224669,14517700008180,1,[np.int64(0)],1,renovacion_mismatch
224670,14517700008190,1,[np.int64(0)],1,renovacion_mismatch
224673,14517700008230,1,[np.int64(0)],1,renovacion_mismatch
224676,78372169,1,[np.int64(0)],1,renovacion_mismatch
224677,78372167,1,[np.int64(0)],1,renovacion_mismatch
224691,14517700008110,1,[np.int64(0)],1,renovacion_mismatch
224692,14517700008120,1,[np.int64(0)],1,renovacion_mismatch
224695,14517700008150,1,[np.int64(0)],1,renovacion_mismatch
224696,78372166,1,[np.int64(0)],1,renovacion_mismatch
224697,78372163,1,[np.int64(0)],1,renovacion_mismatch
224698,78372164,1,[np.int64(0)],2,renovacion_mismatch
224702,994000000228,1,[np.int64(0)],1,renovacion_mismatch
224704,1000003280,1,[np.int64(0)],2,renovacion_mismatch
224707,14517700008050,1,[np.int64(0)],1,renovacion_mismatch
224708,78372141,1,[np.int64(0)],1,renovacion_mismatch
224709,78372142,1,[np.int64(0)],1,renovacion_mismatch
224710,78372143,1,[np.int64(0)],1,renovacion_mismatch
224716,78372162,1,[np.int64(0)],1,renovacion_mismatch
224724,14517700008020,1,[np.int64(0)],1,renovacion_mismatch
224726,14517700008040,1,[np.int64(0)],1,renovacion_mismatch
224728,14517700007990,1,[np.int64(0)],1,renovacion_mismatch
224730,78372158,1,[np.int64(0)],1,renovacion_mismatch
224743,78372161,1,[np.int64(0)],1,renovacion_mismatch
224746,14517700007970,1,[np.int64(0)],1,renovacion_mismatch
224750,14517700007920,1,[np.int64(0)],1,renovacion_mismatch
224753,14517700007950,1,[np.int64(0)],1,renovacion_mismatch
224754,78372154,1,[np.int64(0)],1,renovacion_mismatch
224756,101004758-1,1,[np.int64(0)],1,renovacion_mismatch
224760,14517700007850,1,[np.int64(0)],1,renovacion_mismatch
224762,14517700007870,1,[np.int64(0)],1,renovacion_mismatch
224765,78372151,1,[np.int64(0)],1,renovacion_mismatch
224766,78372152,1,[np.int64(0)],1,renovacion_mismatch
224774,78372155,1,[np.int64(0)],1,renovacion_mismatch
224785,14517700007740,1,[np.int64(0)],1,renovacion_mismatch
224787,14517700007760,1,[np.int64(0)],1,renovacion_mismatch
224788,101002350,1,[np.int64(0)],7,renovacion_mismatch
224791,14517700007780,1,[np.int64(0)],1,renovacion_mismatch
224798,14517700007720,1,[np.int64(0)],1,renovacion_mismatch
224800,78372140,1,[np.int64(0)],1,renovacion_mismatch
224806,14517700007680,1,[np.int64(0)],1,renovacion_mismatch
224808,78184535,1,[np.int64(0)],1,renovacion_mismatch
224812,78184538,1,[np.int64(0)],1,renovacion_mismatch
224817,78184533,1,[np.int64(0)],1,renovacion_mismatch
224821,78184534,1,[np.int64(0)],1,renovacion_mismatch
224831,14517700007600,1,[np.int64(0)],1,renovacion_mismatch
224838,14517700007540,1,[np.int64(0)],1,renovacion_mismatch
224839,14517700007550,1,[np.int64(0)],1,renovacion_mismatch
224840,14517700007560,1,[np.int64(0)],1,renovacion_mismatch
224844,14517700007570,1,[np.int64(0)],1,renovacion_mismatch
224845,14517700007480,1,[np.int64(0)],1,renovacion_mismatch
224846,78184527,1,[np.int64(0)],1,renovacion_mismatch
224853,14517700007490,1,[np.int64(0)],1,renovacion_mismatch
224863,145177700007460,1,[np.int64(0)],1,renovacion_mismatch
224869,78184526,1,[np.int64(0)],1,renovacion_mismatch
224876,14517700007380,1,[np.int64(0)],1,renovacion_mismatch
224877,14517700007390,1,[np.int64(0)],1,renovacion_mismatch
224894,AA005818-1,2,[np.int64(0)],1,renovacion_mismatch
224899,14517700007320,1,[np.int64(0)],1,renovacion_mismatch
224901,14517700007340,1,[np.int64(0)],1,renovacion_mismatch
224902,14517700007360,1,[np.int64(0)],1,renovacion_mismatch
224903,14517700007370,1,[np.int64(0)],1,renovacion_mismatch
224907,14517700007290,1,[np.int64(0)],1,renovacion_mismatch
224913,78184521,1,[np.int64(0)],1,renovacion_mismatch
224915,14517700007230,1,[np.int64(0)],1,renovacion_mismatch
224916,14517700007240,1,[np.int64(0)],1,renovacion_mismatch
224918,14517700007260,1,[np.int64(0)],1,renovacion_mismatch
224920,78184455,1,[np.int64(0)],1,renovacion_mismatch
224921,78184456,1,[np.int64(0)],1,renovacion_mismatch
224923,78184458,1,[np.int64(0)],1,renovacion_mismatch
224930,14517700007180,1,[np.int64(0)],1,renovacion_mismatch
224931,14517700007190,1,[np.int64(0)],1,renovacion_mismatch
224935,14517700007110,1,[np.int64(0)],1,renovacion_mismatch
224936,14517700007120,1,[np.int64(0)],1,renovacion_mismatch
224937,78184506,1,[np.int64(0)],2,renovacion_mismatch
224940,14517700007150,1,[np.int64(0)],1,renovacion_mismatch
224944,14517700007050,1,[np.int64(0)],1,renovacion_mismatch
224945,14517700007030,1,[np.int64(0)],1,renovacion_mismatch
224946,14517700007040,1,[np.int64(0)],1,renovacion_mismatch
224948,14517700007070,1,[np.int64(0)],1,renovacion_mismatch
224952,3009644,1,[np.int64(0)],2,renovacion_mismatch
224959,14517700006980,1,[np.int64(0)],1,renovacion_mismatch
224960,14517700006990,1,[np.int64(0)],1,renovacion_mismatch
224961,14517700007000,1,[np.int64(0)],1,renovacion_mismatch
224962,14517700007020,1,[np.int64(0)],1,renovacion_mismatch
224963,78184518,1,[np.int64(0)],1,renovacion_mismatch
224968,78184513,1,[np.int64(0)],1,renovacion_mismatch
224975,14517700006930,1,[np.int64(0)],1,renovacion_mismatch
224980,78184510,1,[np.int64(0)],1,renovacion_mismatch
224983,14517700006870,1,[np.int64(0)],1,renovacion_mismatch
224990,14517700006880,1,[np.int64(0)],1,renovacion_mismatch
224991,14517700006890,1,[np.int64(0)],1,renovacion_mismatch
225011,78184504,1,[np.int64(0)],1,renovacion_mismatch
225015,14517700006770,1,[np.int64(0)],1,renovacion_mismatch
225017,14517700006760,1,[np.int64(0)],1,renovacion_mismatch
225025,78184501,1,[np.int64(0)],4,renovacion_mismatch
225036,12096000017580,1,[np.int64(0)],1,renovacion_mismatch
225037,78184451,1,[np.int64(0)],1,renovacion_mismatch
225038,78184452,1,[np.int64(0)],1,renovacion_mismatch
225039,14517700006690,1,[np.int64(0)],1,renovacion_mismatch
225040,14517700006700,1,[np.int64(0)],1,renovacion_mismatch
225043,14517700006660,1,[np.int64(0)],1,renovacion_mismatch
225048,1000003061,1,[np.int64(0)],2,renovacion_mismatch
225055,14517700006600,1,[np.int64(0)],1,renovacion_mismatch
225056,14517700006631,1,[np.int64(0)],1,renovacion_mismatch
225059,14517700006560,1,[np.int64(0)],1,renovacion_mismatch
225061,78184498,1,[np.int64(0)],1,renovacion_mismatch
225062,78184499,1,[np.int64(0)],1,renovacion_mismatch
225063,1000003146,1,[np.int64(0)],1,renovacion_mismatch
225064,1000003160,1,[np.int64(0)],1,renovacion_mismatch
225065,1000003080,1,[np.int64(0)],5,renovacion_mismatch
225066,1000003038,1,[np.int64(0)],3,renovacion_mismatch
225073,14517700006500,1,[np.int64(0)],1,renovacion_mismatch
225076,14517700006530,1,[np.int64(0)],1,renovacion_mismatch
225084,14517700006580,1,[np.int64(0)],1,renovacion_mismatch
225088,78184493,1,[np.int64(0)],1,renovacion_mismatch
225091,78184497,1,[np.int64(0)],1,renovacion_mismatch
225104,14517700006490,1,[np.int64(0)],1,renovacion_mismatch
225106,78184491,1,[np.int64(0)],1,renovacion_mismatch
225107,14517700006470,1,[np.int64(0)],1,renovacion_mismatch
225110,1000003039,1,[np.int64(0)],14,renovacion_mismatch
225111,1000003086,1,[np.int64(0)],5,renovacion_mismatch
225113,78184488,1,[np.int64(0)],1,renovacion_mismatch
225114,78184495,1,[np.int64(0)],2,renovacion_mismatch
225115,78184494,1,[np.int64(0)],1,renovacion_mismatch
225118,78184485,1,[np.int64(0)],1,renovacion_mismatch
225122,1000003017,1,[np.int64(0)],2,renovacion_mismatch
225124,78184487,1,[np.int64(0)],1,renovacion_mismatch
225126,14517700006460,1,[np.int64(0)],1,renovacion_mismatch
225132,14517700006420,1,[np.int64(0)],1,renovacion_mismatch
225133,14517700006430,1,[np.int64(0)],1,renovacion_mismatch
225134,78184483,1,[np.int64(0)],1,renovacion_mismatch
225135,14517700006440,1,[np.int64(0)],1,renovacion_mismatch
225136,78184484,1,[np.int64(0)],1,renovacion_mismatch
225144,14517700006370,1,[np.int64(0)],1,renovacion_mismatch
225145,14517700006390,1,[np.int64(0)],1,renovacion_mismatch
225146,14517700006400,1,[np.int64(0)],1,renovacion_mismatch
225149,14517700006310,1,[np.int64(0)],1,renovacion_mismatch
225150,14517700006320,1,[np.int64(0)],1,renovacion_mismatch
225151,14517700006330,1,[np.int64(0)],1,renovacion_mismatch
225152,14517700006340,1,[np.int64(0)],1,renovacion_mismatch
225154,78184479,1,[np.int64(0)],1,renovacion_mismatch
225168,14517700006280,1,[np.int64(0)],1,renovacion_mismatch
225170,78184449,1,[np.int64(0)],1,renovacion_mismatch
225183,14517700006250,1,[np.int64(0)],1,renovacion_mismatch
225189,78184473,1,[np.int64(0)],1,renovacion_mismatch
225191,78184475,1,[np.int64(0)],1,renovacion_mismatch
225196,14517700006200,1,[np.int64(0)],1,renovacion_mismatch
225197,78184466,1,[np.int64(0)],1,renovacion_mismatch
225200,78184469,1,[np.int64(0)],1,renovacion_mismatch
225201,78184470,1,[np.int64(0)],1,renovacion_mismatch
225203,2050330486101,1,[np.int64(0)],1,renovacion_mismatch
225205,14517700006110,1,[np.int64(0)],1,renovacion_mismatch
225207,78184465,1,[np.int64(0)],1,renovacion_mismatch
225221,14517700006080,1,[np.int64(0)],1,renovacion_mismatch
225223,14517700006100,1,[np.int64(0)],1,renovacion_mismatch
225235,14517700005990,1,[np.int64(0)],1,renovacion_mismatch
225238,2050330486801,2,[np.int64(0)],1,renovacion_mismatch
225240,101004265,2,[np.int64(0)],1,renovacion_mismatch
225241,14517700006030,1,[np.int64(0)],1,renovacion_mismatch
225242,14517700006050,1,[np.int64(0)],1,renovacion_mismatch
225248,78184463,1,[np.int64(0)],1,renovacion_mismatch
225249,78184464,1,[np.int64(0)],1,renovacion_mismatch
225251,78184446,1,[np.int64(0)],1,renovacion_mismatch
225252,2050330412602,1,[np.int64(0)],3,renovacion_mismatch
225263,1000003084,1,[np.int64(0)],2,renovacion_mismatch
225264,78033642,1,[np.int64(0)],1,renovacion_mismatch
225265,78033643,1,[np.int64(0)],1,renovacion_mismatch
225268,78033646,1,[np.int64(0)],1,renovacion_mismatch
225269,78033647,1,[np.int64(0)],1,renovacion_mismatch
225280,12096000017540,1,[np.int64(0)],1,renovacion_mismatch
225282,78033641,1,[np.int64(0)],1,renovacion_mismatch
225284,14517700005930,1,[np.int64(0)],1,renovacion_mismatch
225287,78033639,1,[np.int64(0)],1,renovacion_mismatch
225288,78033640,1,[np.int64(0)],2,renovacion_mismatch
225290,14517700005940,1,[np.int64(0)],1,renovacion_mismatch
225295,78033638,1,[np.int64(0)],3,renovacion_mismatch
225298,12096000017500,1,[np.int64(0)],1,renovacion_mismatch
225304,14517700005870,1,[np.int64(0)],1,renovacion_mismatch
225305,14517700005880,1,[np.int64(0)],1,renovacion_mismatch
225306,14517700005890,1,[np.int64(0)],1,renovacion_mismatch
225309,14517700005900,1,[np.int64(0)],1,renovacion_mismatch
225310,78033634,1,[np.int64(0)],1,renovacion_mismatch
225311,78033635,1,[np.int64(0)],1,renovacion_mismatch
225315,14517700005780,1,[np.int64(0)],1,renovacion_mismatch
225317,78033633,1,[np.int64(0)],1,renovacion_mismatch
225321,022240743,1,[np.int64(0)],12,renovacion_mismatch
225372,78033632,1,[np.int64(0)],1,renovacion_mismatch
225382,14517700005670,1,[np.int64(0)],1,renovacion_mismatch
225383,14517700005680,1,[np.int64(0)],1,renovacion_mismatch
225384,14517700005690,1,[np.int64(0)],1,renovacion_mismatch
225389,14517700005730,1,[np.int64(0)],1,renovacion_mismatch
225390,78033631,1,[np.int64(0)],1,renovacion_mismatch
225391,78033629,1,[np.int64(0)],1,renovacion_mismatch
225400,78033625,1,[np.int64(0)],1,renovacion_mismatch
225404,14517700005610,1,[np.int64(0)],1,renovacion_mismatch
225406,78033627,1,[np.int64(0)],1,renovacion_mismatch
225407,14517700005630,1,[np.int64(0)],1,renovacion_mismatch
225408,78033628,1,[np.int64(0)],1,renovacion_mismatch
225409,78033630,1,[np.int64(0)],1,renovacion_mismatch
225413,78033620,1,[np.int64(0)],2,renovacion_mismatch
225414,78033621,1,[np.int64(0)],1,renovacion_mismatch
225415,78033622,1,[np.int64(0)],1,renovacion_mismatch
225418,78033624,1,[np.int64(0)],1,renovacion_mismatch
225430,12096000017450,1,[np.int64(0)],1,renovacion_mismatch
225438,78033617,1,[np.int64(0)],1,renovacion_mismatch
225453,14517700005520,1,[np.int64(0)],1,renovacion_mismatch
225455,78033614,1,[np.int64(0)],1,renovacion_mismatch
225456,78033615,1,[np.int64(0)],1,renovacion_mismatch
225467,12096000017400,1,[np.int64(0)],1,renovacion_mismatch
225475,3010466,2,[np.int64(0)],7,renovacion_mismatch
225476,14517700005490,1,[np.int64(0)],1,renovacion_mismatch
225477,14517700005420,1,[np.int64(0)],1,renovacion_mismatch
225480,RM020676-RM023196,1,[np.int64(0)],1,renovacion_mismatch
225485,78033611,1,[np.int64(0)],1,renovacion_mismatch
225487,78033604,1,[np.int64(0)],1,renovacion_mismatch
225493,78033607,1,[np.int64(0)],1,renovacion_mismatch
225494,78033608,1,[np.int64(0)],1,renovacion_mismatch
225496,12096000017380,1,[np.int64(0)],1,renovacion_mismatch
225501,14517700005360,1,[np.int64(0)],1,renovacion_mismatch
225502,AA005764,1,[np.int64(0)],2,renovacion_mismatch
225505,14517700005380,1,[np.int64(0)],1,renovacion_mismatch
225522,78033574,1,[np.int64(0)],1,renovacion_mismatch
225527,14517700005300,1,[np.int64(0)],1,renovacion_mismatch
225528,14517700005310,1,[np.int64(0)],1,renovacion_mismatch
225529,78033602,1,[np.int64(0)],1,renovacion_mismatch
225530,78033603,1,[np.int64(0)],1,renovacion_mismatch
225536,14517700005270,1,[np.int64(0)],1,renovacion_mismatch
225537,78033598,1,[np.int64(0)],1,renovacion_mismatch
225538,78033599,1,[np.int64(0)],1,renovacion_mismatch
225540,78033601,1,[np.int64(0)],1,renovacion_mismatch
225545,3001219,2,[np.int64(0)],3,renovacion_mismatch
225577,14517700005240,1,[np.int64(0)],1,renovacion_mismatch
225578,14517700005230,1,[np.int64(0)],1,renovacion_mismatch
225579,12096000017340,1,[np.int64(0)],1,renovacion_mismatch
225591,78033593,1,[np.int64(0)],1,renovacion_mismatch
225595,78033592,1,[np.int64(0)],1,renovacion_mismatch
225626,14517700005180,1,[np.int64(0)],1,renovacion_mismatch
225628,78033590,1,[np.int64(0)],3,renovacion_mismatch
225629,14517700005190,1,[np.int64(0)],1,renovacion_mismatch
225631,78033591,1,[np.int64(0)],1,renovacion_mismatch
225639,12096000017320,1,[np.int64(0)],1,renovacion_mismatch
225648,1408004130805000,1,[np.int64(0)],1,renovacion_mismatch
225663,12096000017290,1,[np.int64(0)],1,renovacion_mismatch
225664,14517700005110,1,[np.int64(0)],1,renovacion_mismatch
225680,14517700005100,1,[np.int64(0)],1,renovacion_mismatch
225683,14517700005080,1,[np.int64(0)],1,renovacion_mismatch
225686,14517700005050,1,[np.int64(0)],1,renovacion_mismatch
225687,77861247,1,[np.int64(0)],1,renovacion_mismatch
225700,77861246,1,[np.int64(0)],1,renovacion_mismatch
225705,14517700004980,1,[np.int64(0)],1,renovacion_mismatch
225706,77861243,1,[np.int64(0)],1,renovacion_mismatch
225708,14517700004990,1,[np.int64(0)],1,renovacion_mismatch
225710,101003923-2,2,[np.int64(0)],1,renovacion_mismatch
225716,14517700004950,1,[np.int64(0)],1,renovacion_mismatch
225719,1408004130592000,1,[np.int64(0)],1,renovacion_mismatch
225722,14517700004930,1,[np.int64(0)],1,renovacion_mismatch
225728,14517700004900,1,[np.int64(0)],1,renovacion_mismatch
225739,12096000017250,1,[np.int64(0)],1,renovacion_mismatch
225764,14517700004810,1,[np.int64(0)],1,renovacion_mismatch
225765,14517700004830,1,[np.int64(0)],1,renovacion_mismatch
225768,14517700004840,1,[np.int64(0)],1,renovacion_mismatch
225776,12096000017220,1,[np.int64(0)],1,renovacion_mismatch
225787,AA005534,1,[np.int64(0)],10,renovacion_mismatch
225788,14517700004730,1,[np.int64(0)],2,renovacion_mismatch
225790,14517700004760,1,[np.int64(0)],1,renovacion_mismatch
225791,14517700004770,1,[np.int64(0)],1,renovacion_mismatch
225793,14517700004790,1,[np.int64(0)],1,renovacion_mismatch
225798,101004545,1,[np.int64(0)],6,renovacion_mismatch
225811,14517700004660,1,[np.int64(0)],1,renovacion_mismatch
225815,12096000017190,1,[np.int64(0)],1,renovacion_mismatch
225817,14517700004610,1,[np.int64(0)],1,renovacion_mismatch
225819,14517700004630,1,[np.int64(0)],2,renovacion_mismatch
225825,12096000017180,1,[np.int64(0)],1,renovacion_mismatch
225830,14517700004500,1,[np.int64(0)],1,renovacion_mismatch
225860,12096000017150,1,[np.int64(0)],1,renovacion_mismatch
225862,1408004130260000,1,[np.int64(0)],1,renovacion_mismatch
225864,12096000017160,1,[np.int64(0)],1,renovacion_mismatch
225872,77861228,1,[np.int64(0)],1,renovacion_mismatch
225873,77861229,1,[np.int64(0)],1,renovacion_mismatch
225879,77861230,1,[np.int64(0)],1,renovacion_mismatch
225883,77861227,1,[np.int64(0)],1,renovacion_mismatch
225884,12096000017100,1,[np.int64(0)],1,renovacion_mismatch
225892,77861223,1,[np.int64(0)],1,renovacion_mismatch
225894,77861224,1,[np.int64(0)],1,renovacion_mismatch
225895,1408004130163000,1,[np.int64(0)],1,renovacion_mismatch
225898,77861226,1,[np.int64(0)],1,renovacion_mismatch
225903,77861220,1,[np.int64(0)],1,renovacion_mismatch
225907,77861221,1,[np.int64(0)],1,renovacion_mismatch
225913,778161219,1,[np.int64(0)],1,renovacion_mismatch
225927,77861218,1,[np.int64(0)],1,renovacion_mismatch
225930,14517700004340,1,[np.int64(0)],1,renovacion_mismatch
225931,14517700004350,1,[np.int64(0)],1,renovacion_mismatch
225932,14517700004370,1,[np.int64(0)],1,renovacion_mismatch
225933,14517700004380,1,[np.int64(0)],1,renovacion_mismatch
225934,14517700004390,1,[np.int64(0)],1,renovacion_mismatch
225935,14517700004360,1,[np.int64(0)],1,renovacion_mismatch
225936,77861212,1,[np.int64(0)],1,renovacion_mismatch
225952,14517700004290,1,[np.int64(0)],1,renovacion_mismatch
225956,14517700004300,1,[np.int64(0)],1,renovacion_mismatch
225967,12096000017080,1,[np.int64(0)],1,renovacion_mismatch
225974,14517700004260,1,[np.int64(0)],1,renovacion_mismatch
225976,14517700004280,1,[np.int64(0)],1,renovacion_mismatch
225988,14517700004200,1,[np.int64(0)],1,renovacion_mismatch
225989,14517700004210,1,[np.int64(0)],1,renovacion_mismatch
225990,14517700004220,1,[np.int64(0)],1,renovacion_mismatch
225993,77861201,1,[np.int64(0)],1,renovacion_mismatch
225994,77861202,1,[np.int64(0)],1,renovacion_mismatch
226005,12096000017060,1,[np.int64(0)],1,renovacion_mismatch
226006,12096000017070,1,[np.int64(0)],1,renovacion_mismatch
226007,14517700004190,1,[np.int64(0)],1,renovacion_mismatch
226016,14517700004170,1,[np.int64(0)],1,renovacion_mismatch
226017,77861199,1,[np.int64(0)],1,renovacion_mismatch
226022,14517700004140,1,[np.int64(0)],1,renovacion_mismatch
226023,14517700004130,1,[np.int64(0)],1,renovacion_mismatch
226048,AA005734,1,[np.int64(0)],1,renovacion_mismatch
226051,12096000017020,1,[np.int64(0)],1,renovacion_mismatch
226053,14517700004110,1,[np.int64(0)],1,renovacion_mismatch
226054,77861193,1,[np.int64(0)],1,renovacion_mismatch
226057,77861196,1,[np.int64(0)],1,renovacion_mismatch
226064,14517700004090,1,[np.int64(0)],1,renovacion_mismatch
226065,77861191,1,[np.int64(0)],1,renovacion_mismatch
226066,77861192,1,[np.int64(0)],1,renovacion_mismatch
226068,14517700004060,1,[np.int64(0)],1,renovacion_mismatch
226079,14517700004000,1,[np.int64(0)],1,renovacion_mismatch
226081,77861186,1,[np.int64(0)],1,renovacion_mismatch
226082,77861187,1,[np.int64(0)],1,renovacion_mismatch
226097,14517700003990,1,[np.int64(0)],1,renovacion_mismatch
226118,77861178,1,[np.int64(0)],1,renovacion_mismatch
226125,77861180,1,[np.int64(0)],1,renovacion_mismatch
226127,77861182,1,[np.int64(0)],1,renovacion_mismatch
226132,14517700003900,1,[np.int64(0)],1,renovacion_mismatch
226140,12096000016970,1,[np.int64(0)],1,renovacion_mismatch
226143,14517700003860,1,[np.int64(0)],1,renovacion_mismatch
226146,14517700003880,1,[np.int64(0)],1,renovacion_mismatch
226147,14517700003890,1,[np.int64(0)],1,renovacion_mismatch
226155,14517700003810,1,[np.int64(0)],1,renovacion_mismatch
226157,14517700003830,1,[np.int64(0)],1,renovacion_mismatch
226168,77614366,1,[np.int64(0)],1,renovacion_mismatch
226171,77861174,1,[np.int64(0)],1,renovacion_mismatch
226173,14517700003740,1,[np.int64(0)],1,renovacion_mismatch
226197,77614363,1,[np.int64(0)],1,renovacion_mismatch
226199,12096000016940,1,[np.int64(0)],1,renovacion_mismatch
226208,12096000016930,1,[np.int64(0)],1,renovacion_mismatch
226210,77614360,1,[np.int64(0)],1,renovacion_mismatch
226214,77614361,1,[np.int64(0)],1,renovacion_mismatch
226219,14517700003590,1,[np.int64(0)],1,renovacion_mismatch
226220,77614359,1,[np.int64(0)],1,renovacion_mismatch
226233,2050330326202,2,[np.int64(0)],2,renovacion_mismatch
226241,77614356,1,[np.int64(0)],1,renovacion_mismatch
226269,14517700003450,1,[np.int64(0)],1,renovacion_mismatch
226270,14517700003460,1,[np.int64(0)],1,renovacion_mismatch
226272,14517700003410,1,[np.int64(0)],1,renovacion_mismatch
226275,12096000016890,1,[np.int64(0)],1,renovacion_mismatch
226311,12096000016870,1,[np.int64(0)],1,renovacion_mismatch
226321,12096000016830,1,[np.int64(0)],1,renovacion_mismatch
226342,12096000016810,1,[np.int64(0)],1,renovacion_mismatch
226389,77614347,1,[np.int64(0)],1,renovacion_mismatch
226399,77614382,1,[np.int64(0)],1,renovacion_mismatch
226405,12096000016770,1,[np.int64(0)],1,renovacion_mismatch
226418,14517700003230,1,[np.int64(0)],1,renovacion_mismatch
226422,12096000016710,1,[np.int64(0)],1,renovacion_mismatch
226424,12096000016730,1,[np.int64(0)],1,renovacion_mismatch
226445,77614314,1,[np.int64(0)],1,renovacion_mismatch
226470,12096000016650,1,[np.int64(0)],1,renovacion_mismatch
226491,12096000016590,1,[np.int64(0)],1,renovacion_mismatch
226494,77614343,1,[np.int64(0)],1,renovacion_mismatch
226511,12096000016550,1,[np.int64(0)],1,renovacion_mismatch
226512,12096000016560,1,[np.int64(0)],1,renovacion_mismatch
226516,77614340,1,[np.int64(0)],2,renovacion_mismatch
226519,14517700002870,1,[np.int64(0)],1,renovacion_mismatch
226521,14517700002890,1,[np.int64(0)],1,renovacion_mismatch
226522,14517700002900,1,[np.int64(0)],1,renovacion_mismatch
226549,14517700002720,1,[np.int64(0)],1,renovacion_mismatch
226562,14517700002690,1,[np.int64(0)],1,renovacion_mismatch
226564,14517700002700,1,[np.int64(0)],1,renovacion_mismatch
226578,14517700002620,1,[np.int64(0)],1,renovacion_mismatch
226590,14517700002540,1,[np.int64(0)],1,renovacion_mismatch
226606,14517700002450,1,[np.int64(0)],1,renovacion_mismatch
226616,14517700002420,1,[np.int64(0)],1,renovacion_mismatch
226618,14517700002430,1,[np.int64(0)],1,renovacion_mismatch
226625,14517700002440,1,[np.int64(0)],1,renovacion_mismatch
226627,77614333,1,[np.int64(0)],1,renovacion_mismatch
226630,14517700002370,1,[np.int64(0)],1,renovacion_mismatch
226632,14517700002390,1,[np.int64(0)],1,renovacion_mismatch
226638,77241334,1,[np.int64(0)],1,renovacion_mismatch
226639,77241335,1,[np.int64(0)],1,renovacion_mismatch
226641,77614330,1,[np.int64(0)],1,renovacion_mismatch
226645,77614331,1,[np.int64(0)],1,renovacion_mismatch
226655,77614327,1,[np.int64(0)],1,renovacion_mismatch
226658,12096000016330,1,[np.int64(0)],1,renovacion_mismatch
226659,77241332,1,[np.int64(0)],1,renovacion_mismatch
226670,14517700002230,1,[np.int64(0)],1,renovacion_mismatch
226679,14517700002190,1,[np.int64(0)],1,renovacion_mismatch
226680,12096000016300,1,[np.int64(0)],1,renovacion_mismatch
226681,12096000016310,1,[np.int64(0)],1,renovacion_mismatch
226686,14517700002120,1,[np.int64(0)],1,renovacion_mismatch
226687,14517700002130,1,[np.int64(0)],1,renovacion_mismatch
226688,14517700002170,1,[np.int64(0)],1,renovacion_mismatch
226690,12096000016290,1,[np.int64(0)],1,renovacion_mismatch
226691,77241327,1,[np.int64(0)],1,renovacion_mismatch
226693,77241329,1,[np.int64(0)],1,renovacion_mismatch
226694,77241330,1,[np.int64(0)],1,renovacion_mismatch
226695,77241331,1,[np.int64(0)],1,renovacion_mismatch
226701,77241314,1,[np.int64(0)],1,renovacion_mismatch
226702,77241315,1,[np.int64(0)],1,renovacion_mismatch
226707,14517700002050,1,[np.int64(0)],1,renovacion_mismatch
226710,14517700002060,1,[np.int64(0)],1,renovacion_mismatch
226713,12096000016280,1,[np.int64(0)],1,renovacion_mismatch
226716,77241309,1,[np.int64(0)],1,renovacion_mismatch
226730,1451700002010,1,[np.int64(0)],1,renovacion_mismatch
226733,12096000016250,1,[np.int64(0)],1,renovacion_mismatch
226734,12096000016260,1,[np.int64(0)],1,renovacion_mismatch
226743,12096000016240,1,[np.int64(0)],1,renovacion_mismatch
226744,77241307,1,[np.int64(0)],1,renovacion_mismatch
226752,14517700001980,1,[np.int64(0)],1,renovacion_mismatch
226761,12096000016220,1,[np.int64(0)],1,renovacion_mismatch
226763,14517700001760,1,[np.int64(0)],1,renovacion_mismatch
226764,14517700001790,1,[np.int64(0)],1,renovacion_mismatch
226767,14517700001820,1,[np.int64(0)],1,renovacion_mismatch
226769,12096000016170,1,[np.int64(0)],1,renovacion_mismatch
226770,12096000016180,1,[np.int64(0)],1,renovacion_mismatch
226776,14517700001740,1,[np.int64(0)],1,renovacion_mismatch
226778,12096000016140,1,[np.int64(0)],1,renovacion_mismatch
226781,1408004128438000,1,[np.int64(0)],1,renovacion_mismatch
226788,12096000016100,1,[np.int64(0)],2,renovacion_mismatch
226789,12096000016110,1,[np.int64(0)],1,renovacion_mismatch
226790,12096000016120,1,[np.int64(0)],1,renovacion_mismatch
226797,77241285,1,[np.int64(0)],1,renovacion_mismatch
226813,3010272,1,[np.int64(0)],11,renovacion_mismatch
226817,14517700001690,1,[np.int64(0)],1,renovacion_mismatch
226824,12096000016040,1,[np.int64(0)],1,renovacion_mismatch
226828,14517700001640,1,[np.int64(0)],1,renovacion_mismatch
226829,77241305,1,[np.int64(0)],1,renovacion_mismatch
226840,140800412826700,1,[np.int64(0)],1,renovacion_mismatch
226841,14517700001590,1,[np.int64(0)],1,renovacion_mismatch
226851,12096000016020,1,[np.int64(0)],1,renovacion_mismatch
226853,77241281,1,[np.int64(0)],1,renovacion_mismatch
226854,77241298,1,[np.int64(0)],1,renovacion_mismatch
226856,77241300,1,[np.int64(0)],1,renovacion_mismatch
226859,77241303,1,[np.int64(0)],1,renovacion_mismatch
226860,77241304,1,[np.int64(0)],1,renovacion_mismatch
226862,14517700001480,1,[np.int64(0)],1,renovacion_mismatch
226863,14517700001490,1,[np.int64(0)],1,renovacion_mismatch
226864,14517700001510,1,[np.int64(0)],1,renovacion_mismatch
226867,14517700001550,1,[np.int64(0)],1,renovacion_mismatch
226868,77241296,1,[np.int64(0)],1,renovacion_mismatch
226869,77241297,1,[np.int64(0)],1,renovacion_mismatch
226870,12096000016010,1,[np.int64(0)],1,renovacion_mismatch
226878,12096000016000,1,[np.int64(0)],1,renovacion_mismatch
226894,77241293,1,[np.int64(0)],1,renovacion_mismatch
226896,77241294,1,[np.int64(0)],1,renovacion_mismatch
226897,77241295,1,[np.int64(0)],1,renovacion_mismatch
226904,14517700001430,1,[np.int64(0)],1,renovacion_mismatch
226923,12096000015970,1,[np.int64(0)],1,renovacion_mismatch
226924,12096000015980,1,[np.int64(0)],1,renovacion_mismatch
226926,77241289,1,[np.int64(0)],1,renovacion_mismatch
226927,77241290,1,[np.int64(0)],1,renovacion_mismatch
226940,12096000015960,1,[np.int64(0)],1,renovacion_mismatch
226943,1408004128168000,1,[np.int64(0)],1,renovacion_mismatch
226945,1408004128155000,1,[np.int64(0)],1,renovacion_mismatch
226947,12096000015950,1,[np.int64(0)],1,renovacion_mismatch
226951,77241286,1,[np.int64(0)],1,renovacion_mismatch
226953,77241287,1,[np.int64(0)],1,renovacion_mismatch
226970,14517700001350,1,[np.int64(0)],1,renovacion_mismatch
226977,12096000015940,1,[np.int64(0)],1,renovacion_mismatch
226981,14517700001280,1,[np.int64(0)],1,renovacion_mismatch
226984,14517700001290,1,[np.int64(0)],1,renovacion_mismatch
226986,77241261,1,[np.int64(0)],1,renovacion_mismatch
226988,77241263,1,[np.int64(0)],1,renovacion_mismatch
226989,77241264,1,[np.int64(0)],1,renovacion_mismatch
226990,12096000015900,1,[np.int64(0)],1,renovacion_mismatch
226993,101004432,1,[np.int64(0)],3,renovacion_mismatch
226994,101004444,1,[np.int64(0)],3,renovacion_mismatch
226995,101004447,1,[np.int64(0)],1,renovacion_mismatch
227003,14517700001210,1,[np.int64(0)],1,renovacion_mismatch
227006,14517700001250,1,[np.int64(0)],1,renovacion_mismatch
227007,77241259,1,[np.int64(0)],1,renovacion_mismatch
227009,12096000015890,1,[np.int64(0)],1,renovacion_mismatch
227019,77241273,1,[np.int64(0)],1,renovacion_mismatch
227029,12096000015870,1,[np.int64(0)],1,renovacion_mismatch
227032,14517700001180,1,[np.int64(0)],1,renovacion_mismatch
227036,77241271,1,[np.int64(0)],1,renovacion_mismatch
227041,14517700001150,1,[np.int64(0)],1,renovacion_mismatch
227053,12096000015830,1,[np.int64(0)],1,renovacion_mismatch
227055,12096000015850,1,[np.int64(0)],1,renovacion_mismatch
227057,12096000015840,1,[np.int64(0)],2,renovacion_mismatch
227059,12096000015780,1,[np.int64(0)],1,renovacion_mismatch
227062,12096000015810,1,[np.int64(0)],1,renovacion_mismatch
227071,1408004127835000,1,[np.int64(0)],1,renovacion_mismatch
227077,14517700001140,1,[np.int64(0)],1,renovacion_mismatch
227078,77241250,1,[np.int64(0)],1,renovacion_mismatch
227079,77241251,1,[np.int64(0)],1,renovacion_mismatch
227091,14517700001090,1,[np.int64(0)],1,renovacion_mismatch
227094,14517700001110,1,[np.int64(0)],1,renovacion_mismatch
227102,14517700001050,1,[np.int64(0)],1,renovacion_mismatch
227103,14517700001060,1,[np.int64(0)],1,renovacion_mismatch
227109,1000002858,1,[np.int64(0)],2,renovacion_mismatch
227114,77241245,1,[np.int64(0)],1,renovacion_mismatch
227119,14517700001010,1,[np.int64(0)],1,renovacion_mismatch
227120,77241243,1,[np.int64(0)],1,renovacion_mismatch
227121,77241244,1,[np.int64(0)],1,renovacion_mismatch
227122,1408004127707000,1,[np.int64(0)],1,renovacion_mismatch
227129,14517700000970,1,[np.int64(0)],1,renovacion_mismatch
227130,77241240,1,[np.int64(0)],1,renovacion_mismatch
227133,77241241,1,[np.int64(0)],1,renovacion_mismatch
227143,77241238,1,[np.int64(0)],1,renovacion_mismatch
227147,14517700000900,1,[np.int64(0)],1,renovacion_mismatch
227148,12096000015710,1,[np.int64(0)],1,renovacion_mismatch
227154,1406004127591000,1,[np.int64(0)],1,renovacion_mismatch
227159,1408004127564000,2,[np.int64(0)],1,renovacion_mismatch
227168,1408004127513000,1,[np.int64(0)],1,renovacion_mismatch
227170,12096000015660,1,[np.int64(0)],1,renovacion_mismatch
227171,12096000015670,1,[np.int64(0)],1,renovacion_mismatch
227173,12096000015690,1,[np.int64(0)],1,renovacion_mismatch
227174,12096000015700,1,[np.int64(0)],1,renovacion_mismatch
227175,3100013643,1,SIN CARTERA,0,sin_cartera
227191,12096000015620,1,[np.int64(0)],1,renovacion_mismatch
227192,12096000015630,1,[np.int64(0)],1,renovacion_mismatch
227193,14517700000910,1,[np.int64(0)],1,renovacion_mismatch
227197,12096000015600,1,[np.int64(0)],1,renovacion_mismatch
227215,12096000015580,1,[np.int64(0)],1,renovacion_mismatch
227216,12096000015590,1,[np.int64(0)],1,renovacion_mismatch
227228,12096000015510,1,[np.int64(0)],1,renovacion_mismatch
227229,12096000015520,1,[np.int64(0)],1,renovacion_mismatch
227238,AA005315,1,[np.int64(0)],10,renovacion_mismatch
227240,AA005610,1,[np.int64(0)],11,renovacion_mismatch
227241,3010122,1,[np.int64(0)],3,renovacion_mismatch
227248,14517700000780,1,[np.int64(0)],1,renovacion_mismatch
227249,12096000015490,1,[np.int64(0)],1,renovacion_mismatch
227250,3009156,1,[np.int64(0)],1,renovacion_mismatch
227251,14517700000800,1,[np.int64(0)],1,renovacion_mismatch
227265,14517700000730,1,[np.int64(0)],1,renovacion_mismatch
227267,12096000015480,1,[np.int64(0)],1,renovacion_mismatch
227273,14517700000760,1,[np.int64(0)],1,renovacion_mismatch
227275,14517700000710,1,[np.int64(0)],1,renovacion_mismatch
227282,12096000015460,1,[np.int64(0)],1,renovacion_mismatch
227287,12096000015440,1,[np.int64(0)],1,renovacion_mismatch
227288,14517700000690,1,[np.int64(0)],1,renovacion_mismatch
227289,14517700000680,1,[np.int64(0)],1,renovacion_mismatch
227290,14517700000700,1,[np.int64(0)],1,renovacion_mismatch
227291,1408004127217000,1,[np.int64(0)],1,renovacion_mismatch
227293,12096000015410,1,[np.int64(0)],1,renovacion_mismatch
227294,12096000015400,1,[np.int64(0)],1,renovacion_mismatch
227295,76990988,1,[np.int64(0)],1,renovacion_mismatch
227299,76990989,1,[np.int64(0)],1,renovacion_mismatch
227301,12096000015420,1,[np.int64(0)],1,renovacion_mismatch
227303,12096000015350,1,[np.int64(0)],1,renovacion_mismatch
227304,12096000015360,1,[np.int64(0)],1,renovacion_mismatch
227307,76990986,1,[np.int64(0)],1,renovacion_mismatch
227308,12096000015380,1,[np.int64(0)],1,renovacion_mismatch
227314,76990983,1,[np.int64(0)],1,renovacion_mismatch
227315,76990985,1,[np.int64(0)],1,renovacion_mismatch
227317,1408004127157000,1,[np.int64(0)],1,renovacion_mismatch
227318,12096000015340,1,[np.int64(0)],1,renovacion_mismatch
227319,76990984,1,[np.int64(0)],1,renovacion_mismatch
227324,76990982,1,[np.int64(0)],1,renovacion_mismatch
227342,3212315465,1,SIN CARTERA,0,sin_cartera
227343,AA005624,2,[np.int64(0)],1,renovacion_mismatch
227347,12096000015310,1,[np.int64(0)],1,renovacion_mismatch
227348,14517700000540,1,[np.int64(0)],1,renovacion_mismatch
227350,12096000015320,1,[np.int64(0)],1,renovacion_mismatch
227351,76990981,1,[np.int64(0)],1,renovacion_mismatch
227354,12096000015260,1,[np.int64(0)],1,renovacion_mismatch
227355,12096000015270,1,[np.int64(0)],1,renovacion_mismatch
227357,12096000015290,1,[np.int64(0)],1,renovacion_mismatch
227358,14517700000530,1,[np.int64(0)],1,renovacion_mismatch
227368,PREVISORA,1,[np.int64(0)],1,renovacion_mismatch
227378,2050330394002,1,[np.int64(0)],3,renovacion_mismatch
227379,76990980,1,[np.int64(0)],1,renovacion_mismatch
227380,76990979,1,[np.int64(0)],1,renovacion_mismatch
227381,AA005619,1,[np.int64(0)],10,renovacion_mismatch
227383,76990978,1,[np.int64(0)],1,renovacion_mismatch
227387,12096000015220,1,[np.int64(0)],1,renovacion_mismatch
227388,14517700000490,1,[np.int64(0)],1,renovacion_mismatch
227389,12096000015230,1,[np.int64(0)],1,renovacion_mismatch
227396,12096000015150,1,[np.int64(0)],1,renovacion_mismatch
227397,12096000015160,1,[np.int64(0)],1,renovacion_mismatch
227401,12096000015180,1,[np.int64(0)],1,renovacion_mismatch
227403,12096000015110,1,[np.int64(0)],1,renovacion_mismatch
227404,12096000015120,1,[np.int64(0)],1,renovacion_mismatch
227407,1408004126891000,1,[np.int64(0)],1,renovacion_mismatch
227408,12096000015130,1,[np.int64(0)],1,renovacion_mismatch
227420,14517700000460,1,[np.int64(0)],1,renovacion_mismatch
227422,14517700000430,1,[np.int64(0)],1,renovacion_mismatch
227423,12096000015090,1,[np.int64(0)],1,renovacion_mismatch
227424,1451770000440,1,[np.int64(0)],1,renovacion_mismatch
227425,12096000015100,1,[np.int64(0)],1,renovacion_mismatch
227444,2050330344303,1,[np.int64(0)],1,renovacion_mismatch
227445,1408004126784000,1,[np.int64(0)],1,renovacion_mismatch
227446,12096000015060,1,[np.int64(0)],1,renovacion_mismatch
227447,12096000015070,1,[np.int64(0)],1,renovacion_mismatch
227449,14517700000410,1,[np.int64(0)],1,renovacion_mismatch
227450,12096000015050,1,[np.int64(0)],1,renovacion_mismatch
227451,14517700000390,1,[np.int64(0)],1,renovacion_mismatch
227453,12096000015040,1,[np.int64(0)],1,renovacion_mismatch
227463,12096000014960,1,[np.int64(0)],1,renovacion_mismatch
227464,12096000014980,1,[np.int64(0)],1,renovacion_mismatch
227470,12096000015030,1,[np.int64(0)],1,renovacion_mismatch
227483,12096000014900,1,[np.int64(0)],1,renovacion_mismatch
227485,12096000014920,1,[np.int64(0)],1,renovacion_mismatch
227486,12096000014940,1,[np.int64(0)],1,renovacion_mismatch
227488,14517700000360,1,[np.int64(0)],1,renovacion_mismatch
227489,12096000014930,1,[np.int64(0)],1,renovacion_mismatch
227490,76990976,1,[np.int64(0)],1,renovacion_mismatch
227496,12096000014880,1,[np.int64(0)],1,renovacion_mismatch
227501,12096000014830,1,[np.int64(0)],1,renovacion_mismatch
227502,12096000014840,1,[np.int64(0)],1,renovacion_mismatch
227514,12096000014800,1,[np.int64(0)],1,renovacion_mismatch
227515,12096000014810,1,[np.int64(0)],1,renovacion_mismatch
227516,12096000014820,1,[np.int64(0)],1,renovacion_mismatch
227523,12096000014770,1,[np.int64(0)],1,renovacion_mismatch
227531,14517700000290,1,[np.int64(0)],1,renovacion_mismatch
227535,14517700000300,1,[np.int64(0)],1,renovacion_mismatch
227545,1408004126477000,1,[np.int64(0)],1,renovacion_mismatch
227547,1408004126476000,1,[np.int64(0)],1,renovacion_mismatch
227548,145177700000280,1,[np.int64(0)],1,renovacion_mismatch
227552,1408004126435000,1,[np.int64(0)],1,renovacion_mismatch
227554,76990968,1,[np.int64(0)],1,renovacion_mismatch
227559,1408004126439000,1,[np.int64(0)],1,renovacion_mismatch
227562,14517700000210,1,[np.int64(0)],1,renovacion_mismatch
227567,14517700000250,1,[np.int64(0)],1,renovacion_mismatch
227568,14517700000260,1,[np.int64(0)],1,renovacion_mismatch
227572,76990951,1,[np.int64(0)],1,renovacion_mismatch
227579,14517700000180,1,[np.int64(0)],1,renovacion_mismatch
227580,1408004126101000,1,[np.int64(0)],1,renovacion_mismatch
227581,12096000014310,1,[np.int64(0)],1,renovacion_mismatch
227583,12096000014360,1,[np.int64(0)],1,renovacion_mismatch
227586,12096000014390,1,[np.int64(0)],1,renovacion_mismatch
227588,12096000014340,1,[np.int64(0)],1,renovacion_mismatch
227589,12096000014410,1,[np.int64(0)],1,renovacion_mismatch
227593,12096000014750,1,[np.int64(0)],1,renovacion_mismatch
227596,12096000014760,1,[np.int64(0)],1,renovacion_mismatch
227597,14517700000160,1,[np.int64(0)],1,renovacion_mismatch
227603,AA005261,1,[np.int64(0)],10,renovacion_mismatch
227639,76990964,1,[np.int64(0)],1,renovacion_mismatch
227647,12096000014710,1,[np.int64(0)],1,renovacion_mismatch
227652,AA005557,1,[np.int64(0)],3,renovacion_mismatch
227657,76990963,1,[np.int64(0)],1,renovacion_mismatch
227662,12096000014640,1,[np.int64(0)],1,renovacion_mismatch
227664,76990961,1,[np.int64(0)],1,renovacion_mismatch
227665,76990962,1,[np.int64(0)],1,renovacion_mismatch
227672,12096000014570,1,[np.int64(0)],1,renovacion_mismatch
227673,12096000014580,1,[np.int64(0)],1,renovacion_mismatch
227675,12096000014610,1,[np.int64(0)],1,renovacion_mismatch
227683,AA005572,1,[np.int64(0)],3,renovacion_mismatch
227685,AA005589,1,[np.int64(0)],4,renovacion_mismatch
227687,12096000014510,1,[np.int64(0)],1,renovacion_mismatch
227692,1408004126179000,1,[np.int64(0)],1,renovacion_mismatch
227694,1408004126195000,1,[np.int64(0)],1,renovacion_mismatch
227697,12096000014500,1,[np.int64(0)],1,renovacion_mismatch
227699,1000002932,3,[np.int64(0)],1,renovacion_mismatch
227713,76990957,1,[np.int64(0)],1,renovacion_mismatch
227716,3100014061,1,SIN CARTERA,0,sin_cartera
227717,021398049,1,[np.int64(0)],12,renovacion_mismatch
227720,12096000014440,1,[np.int64(0)],1,renovacion_mismatch
227721,12096000014450,1,[np.int64(0)],1,renovacion_mismatch
227722,12096000014460,1,[np.int64(0)],1,renovacion_mismatch
227727,76990955,1,[np.int64(0)],1,renovacion_mismatch
227729,1000002882,1,[np.int64(0)],1,renovacion_mismatch
227731,14517700000120,1,[np.int64(0)],1,renovacion_mismatch
227733,14517700000140,1,[np.int64(0)],1,renovacion_mismatch
227737,76990948,1,[np.int64(0)],1,renovacion_mismatch
227748,12096000014270,1,[np.int64(0)],1,renovacion_mismatch
227749,1000002911,1,[np.int64(0)],5,renovacion_mismatch
227750,1000002923,1,[np.int64(0)],2,renovacion_mismatch
227752,76990944,1,[np.int64(0)],1,renovacion_mismatch
227753,76990943,1,[np.int64(0)],1,renovacion_mismatch
227755,76990769,1,[np.int64(0)],1,renovacion_mismatch
227756,12096000014230,1,[np.int64(0)],1,renovacion_mismatch
227758,12096000014250,1,[np.int64(0)],1,renovacion_mismatch
227760,76990770,1,[np.int64(0)],1,renovacion_mismatch
227779,12096000013800,1,[np.int64(0)],1,renovacion_mismatch
227783,1000002940,1,[np.int64(0)],2,renovacion_mismatch
227786,14517700000100,1,[np.int64(0)],1,renovacion_mismatch
227787,12096000014220,1,[np.int64(0)],1,renovacion_mismatch
227793,12096000013740,1,[np.int64(0)],1,renovacion_mismatch
227795,12096000014170,1,[np.int64(0)],1,renovacion_mismatch
227801,12096000014200,1,[np.int64(0)],1,renovacion_mismatch
227804,1408004125947000,1,[np.int64(0)],1,renovacion_mismatch
227805,12096000014080,1,[np.int64(0)],1,renovacion_mismatch
227806,12096000014090,1,[np.int64(0)],1,renovacion_mismatch
227809,12096000014130,1,[np.int64(0)],1,renovacion_mismatch
227811,14517700000040,1,[np.int64(0)],1,renovacion_mismatch
227813,14517700000050,1,[np.int64(0)],1,renovacion_mismatch
227814,14517700000060,1,[np.int64(0)],1,renovacion_mismatch
227816,76990766,1,[np.int64(0)],1,renovacion_mismatch
227824,12096000014070,1,[np.int64(0)],1,renovacion_mismatch
227830,12096000014010,1,[np.int64(0)],1,renovacion_mismatch
227831,12096000014020,1,[np.int64(0)],1,renovacion_mismatch
227838,1408004125708000,1,[np.int64(0)],1,renovacion_mismatch
227840,12096000013960,1,[np.int64(0)],1,renovacion_mismatch
227843,12096000013990,1,[np.int64(0)],1,renovacion_mismatch
227846,1408004125668000,1,[np.int64(0)],1,renovacion_mismatch
227849,12096000013900,1,[np.int64(0)],1,renovacion_mismatch
227855,AA005562,2,[np.int64(0)],1,renovacion_mismatch
227859,76990762,1,[np.int64(0)],1,renovacion_mismatch
227863,76990763,1,[np.int64(0)],1,renovacion_mismatch
227868,1408004125604000,1,[np.int64(0)],2,renovacion_mismatch
227870,12096000013850,1,[np.int64(0)],1,renovacion_mismatch
227873,76990761,1,[np.int64(0)],1,renovacion_mismatch
227874,101004325,1,SIN CARTERA,0,sin_cartera
227875,12096000013750,1,[np.int64(0)],1,renovacion_mismatch
227878,76990756,1,[np.int64(0)],1,renovacion_mismatch
227882,12096000013790,1,[np.int64(0)],1,renovacion_mismatch
227883,12096000013780,1,[np.int64(0)],1,renovacion_mismatch
227894,12096000013730,1,[np.int64(0)],2,renovacion_mismatch
227895,76990754,1,[np.int64(0)],1,renovacion_mismatch
227897,12096000013710,1,[np.int64(0)],1,renovacion_mismatch
227906,76990752,1,[np.int64(0)],1,renovacion_mismatch
227921,12096000013580,1,[np.int64(0)],1,renovacion_mismatch
227922,12096000013660,1,[np.int64(0)],1,renovacion_mismatch
227927,12096000013600,1,[np.int64(0)],1,renovacion_mismatch
227928,12096000013630,1,[np.int64(0)],1,renovacion_mismatch
227931,12096000013650,1,[np.int64(0)],1,renovacion_mismatch
227933,76863928,1,[np.int64(0)],1,renovacion_mismatch
227934,76863929,1,[np.int64(0)],1,renovacion_mismatch
227939,76863925,1,[np.int64(0)],1,renovacion_mismatch
227940,76863926,1,[np.int64(0)],1,renovacion_mismatch
227943,12096000013620,1,[np.int64(0)],1,renovacion_mismatch
227946,12096000013550,1,[np.int64(0)],1,renovacion_mismatch
227949,12096000013560,1,[np.int64(0)],1,renovacion_mismatch
227954,12096000013570,1,[np.int64(0)],1,renovacion_mismatch
227963,12096000013540,1,[np.int64(0)],1,renovacion_mismatch
227967,76863915,1,[np.int64(0)],1,renovacion_mismatch
227970,76863916,1,[np.int64(0)],1,renovacion_mismatch
227973,76863917,1,[np.int64(0)],1,renovacion_mismatch
227974,76863918,1,[np.int64(0)],1,renovacion_mismatch
227977,1408004125188000,1,[np.int64(0)],1,renovacion_mismatch
227978,12096000013510,1,[np.int64(0)],1,renovacion_mismatch
227981,1408004125244000,1,[np.int64(0)],1,renovacion_mismatch
227982,1408004125110000,1,[np.int64(0)],1,renovacion_mismatch
228227,101004277,1,[np.int64(0)],2,renovacion_mismatch
228301,AA005188,1,[np.int64(0)],7,renovacion_mismatch
228309,101004882,1,[np.int64(0)],1,renovacion_mismatch
228334,3008616,1,SIN CARTERA,0,sin_cartera
228336,22240743,1,[np.int64(0)],12,renovacion_mismatch
228338,101004149,1,[np.int64(0)],2,renovacion_mismatch
228339,AA005510,1,[np.int64(0)],1,renovacion_mismatch
228461,3009848,1,[np.int64(0)],10,renovacion_mismatch
228462,3008976,1,[np.int64(0)],1,renovacion_mismatch
228463,2050330442803,1,[np.int64(0)],10,renovacion_mismatch
228554,22117758,1,[np.int64(0)],1,renovacion_mismatch
228625,101002095,1,[np.int64(0)],1,renovacion_mismatch
228707,101002089,1,[np.int64(0)],1,renovacion_mismatch
228728,101004210,1,[np.int64(0)],10,renovacion_mismatch
228784,3009846,1,[np.int64(0)],1,renovacion_mismatch
228928,1010019831,1,[np.int64(0)],10,renovacion_mismatch
228929,3009823,1,[np.int64(0)],11,renovacion_mismatch
228930,101004818,1,[np.int64(0)],10,renovacion_mismatch
228931,2050330376201,1,[np.int64(0)],1,renovacion_mismatch
228933,AA005506,1,[np.int64(0)],1,renovacion_mismatch
228946,101004156,1,[np.int64(0)],3,renovacion_mismatch
229298,1010019761,1,[np.int64(0)],1,renovacion_mismatch
229302,101004142,1,[np.int64(0)],3,renovacion_mismatch
229303,101004151,1,[np.int64(0)],10,renovacion_mismatch
229450,101003105-1,1,[np.int64(0)],1,renovacion_mismatch
229580,101001470,1,[np.int64(0)],1,renovacion_mismatch
229582,AA005124,1,[np.int64(0)],1,renovacion_mismatch
229606,AA005492,1,[np.int64(0)],4,renovacion_mismatch
229607,2050330325503,1,[np.int64(0)],1,renovacion_mismatch
229608,101004021,1,[np.int64(0)],4,renovacion_mismatch
229609,AA005477,1,[np.int64(0)],1,renovacion_mismatch
229610,101002047,1,[np.int64(0)],9,renovacion_mismatch
229611,022234066,1,SIN CARTERA,0,sin_cartera
229765,2050330361301,1,SIN CARTERA,0,sin_cartera
229767,101003929,1,SIN CARTERA,0,sin_cartera
229768,3008566,1,SIN CARTERA,0,sin_cartera
229773,101003013-1,1,[np.int64(0)],9,renovacion_mismatch
229774,3008534,1,[np.int64(0)],4,renovacion_mismatch
229775,101003923,1,[np.int64(0)],1,renovacion_mismatch
229776,3009471,1,[np.int64(0)],5,renovacion_mismatch
229777,AA004980,1,[np.int64(0)],1,renovacion_mismatch
229778,3008513,1,[np.int64(0)],1,renovacion_mismatch
229779,3001218,1,SIN CARTERA,0,sin_cartera
234634,1000005341,5,[np.int64(0)],1,renovacion_mismatch
234651,4308007660190000,1,[np.int64(0)],1,renovacion_mismatch
